id,domain_code,domain,role,workflow,context,path
"COK-GOV-01-01","GOV","운영 원칙·의사결정","창업가","주간 운영 점검","정기 점검","manuals/gov/COK-GOV-01-01.md"
"COK-GOV-01-02","GOV","운영 원칙·의사결정","창업가","주간 운영 점검","신규 요청","manuals/gov/COK-GOV-01-02.md"
"COK-GOV-01-03","GOV","운영 원칙·의사결정","창업가","주간 운영 점검","실사용자 신고","manuals/gov/COK-GOV-01-03.md"
"COK-GOV-01-04","GOV","운영 원칙·의사결정","창업가","주간 운영 점검","배포 직전","manuals/gov/COK-GOV-01-04.md"
"COK-GOV-01-05","GOV","운영 원칙·의사결정","창업가","주간 운영 점검","배포 직후","manuals/gov/COK-GOV-01-05.md"
"COK-GOV-01-06","GOV","운영 원칙·의사결정","창업가","주간 운영 점검","장애 발생","manuals/gov/COK-GOV-01-06.md"
"COK-GOV-01-07","GOV","운영 원칙·의사결정","창업가","주간 운영 점검","보안 의심","manuals/gov/COK-GOV-01-07.md"
"COK-GOV-01-08","GOV","운영 원칙·의사결정","창업가","주간 운영 점검","개인정보 포함 가능성","manuals/gov/COK-GOV-01-08.md"
"COK-GOV-01-09","GOV","운영 원칙·의사결정","창업가","주간 운영 점검","파일럿 진행","manuals/gov/COK-GOV-01-09.md"
"COK-GOV-01-10","GOV","운영 원칙·의사결정","창업가","주간 운영 점검","월간 회고","manuals/gov/COK-GOV-01-10.md"
"COK-GOV-02-01","GOV","운영 원칙·의사결정","창업가","월간 목표 설정","정기 점검","manuals/gov/COK-GOV-02-01.md"
"COK-GOV-02-02","GOV","운영 원칙·의사결정","창업가","월간 목표 설정","신규 요청","manuals/gov/COK-GOV-02-02.md"
"COK-GOV-02-03","GOV","운영 원칙·의사결정","창업가","월간 목표 설정","실사용자 신고","manuals/gov/COK-GOV-02-03.md"
"COK-GOV-02-04","GOV","운영 원칙·의사결정","창업가","월간 목표 설정","배포 직전","manuals/gov/COK-GOV-02-04.md"
"COK-GOV-02-05","GOV","운영 원칙·의사결정","창업가","월간 목표 설정","배포 직후","manuals/gov/COK-GOV-02-05.md"
"COK-GOV-02-06","GOV","운영 원칙·의사결정","창업가","월간 목표 설정","장애 발생","manuals/gov/COK-GOV-02-06.md"
"COK-GOV-02-07","GOV","운영 원칙·의사결정","창업가","월간 목표 설정","보안 의심","manuals/gov/COK-GOV-02-07.md"
"COK-GOV-02-08","GOV","운영 원칙·의사결정","창업가","월간 목표 설정","개인정보 포함 가능성","manuals/gov/COK-GOV-02-08.md"
"COK-GOV-02-09","GOV","운영 원칙·의사결정","창업가","월간 목표 설정","파일럿 진행","manuals/gov/COK-GOV-02-09.md"
"COK-GOV-02-10","GOV","운영 원칙·의사결정","창업가","월간 목표 설정","월간 회고","manuals/gov/COK-GOV-02-10.md"
"COK-GOV-03-01","GOV","운영 원칙·의사결정","창업가","기능 유지 판단","정기 점검","manuals/gov/COK-GOV-03-01.md"
"COK-GOV-03-02","GOV","운영 원칙·의사결정","창업가","기능 유지 판단","신규 요청","manuals/gov/COK-GOV-03-02.md"
"COK-GOV-03-03","GOV","운영 원칙·의사결정","창업가","기능 유지 판단","실사용자 신고","manuals/gov/COK-GOV-03-03.md"
"COK-GOV-03-04","GOV","운영 원칙·의사결정","창업가","기능 유지 판단","배포 직전","manuals/gov/COK-GOV-03-04.md"
"COK-GOV-03-05","GOV","운영 원칙·의사결정","창업가","기능 유지 판단","배포 직후","manuals/gov/COK-GOV-03-05.md"
"COK-GOV-03-06","GOV","운영 원칙·의사결정","창업가","기능 유지 판단","장애 발생","manuals/gov/COK-GOV-03-06.md"
"COK-GOV-03-07","GOV","운영 원칙·의사결정","창업가","기능 유지 판단","보안 의심","manuals/gov/COK-GOV-03-07.md"
"COK-GOV-03-08","GOV","운영 원칙·의사결정","창업가","기능 유지 판단","개인정보 포함 가능성","manuals/gov/COK-GOV-03-08.md"
"COK-GOV-03-09","GOV","운영 원칙·의사결정","창업가","기능 유지 판단","파일럿 진행","manuals/gov/COK-GOV-03-09.md"
"COK-GOV-03-10","GOV","운영 원칙·의사결정","창업가","기능 유지 판단","월간 회고","manuals/gov/COK-GOV-03-10.md"
"COK-GOV-04-01","GOV","운영 원칙·의사결정","창업가","기능 중단 판단","정기 점검","manuals/gov/COK-GOV-04-01.md"
"COK-GOV-04-02","GOV","운영 원칙·의사결정","창업가","기능 중단 판단","신규 요청","manuals/gov/COK-GOV-04-02.md"
"COK-GOV-04-03","GOV","운영 원칙·의사결정","창업가","기능 중단 판단","실사용자 신고","manuals/gov/COK-GOV-04-03.md"
"COK-GOV-04-04","GOV","운영 원칙·의사결정","창업가","기능 중단 판단","배포 직전","manuals/gov/COK-GOV-04-04.md"
"COK-GOV-04-05","GOV","운영 원칙·의사결정","창업가","기능 중단 판단","배포 직후","manuals/gov/COK-GOV-04-05.md"
"COK-GOV-04-06","GOV","운영 원칙·의사결정","창업가","기능 중단 판단","장애 발생","manuals/gov/COK-GOV-04-06.md"
"COK-GOV-04-07","GOV","운영 원칙·의사결정","창업가","기능 중단 판단","보안 의심","manuals/gov/COK-GOV-04-07.md"
"COK-GOV-04-08","GOV","운영 원칙·의사결정","창업가","기능 중단 판단","개인정보 포함 가능성","manuals/gov/COK-GOV-04-08.md"
"COK-GOV-04-09","GOV","운영 원칙·의사결정","창업가","기능 중단 판단","파일럿 진행","manuals/gov/COK-GOV-04-09.md"
"COK-GOV-04-10","GOV","운영 원칙·의사결정","창업가","기능 중단 판단","월간 회고","manuals/gov/COK-GOV-04-10.md"
"COK-GOV-05-01","GOV","운영 원칙·의사결정","창업가","의사결정 기록","정기 점검","manuals/gov/COK-GOV-05-01.md"
"COK-GOV-05-02","GOV","운영 원칙·의사결정","창업가","의사결정 기록","신규 요청","manuals/gov/COK-GOV-05-02.md"
"COK-GOV-05-03","GOV","운영 원칙·의사결정","창업가","의사결정 기록","실사용자 신고","manuals/gov/COK-GOV-05-03.md"
"COK-GOV-05-04","GOV","운영 원칙·의사결정","창업가","의사결정 기록","배포 직전","manuals/gov/COK-GOV-05-04.md"
"COK-GOV-05-05","GOV","운영 원칙·의사결정","창업가","의사결정 기록","배포 직후","manuals/gov/COK-GOV-05-05.md"
"COK-GOV-05-06","GOV","운영 원칙·의사결정","창업가","의사결정 기록","장애 발생","manuals/gov/COK-GOV-05-06.md"
"COK-GOV-05-07","GOV","운영 원칙·의사결정","창업가","의사결정 기록","보안 의심","manuals/gov/COK-GOV-05-07.md"
"COK-GOV-05-08","GOV","운영 원칙·의사결정","창업가","의사결정 기록","개인정보 포함 가능성","manuals/gov/COK-GOV-05-08.md"
"COK-GOV-05-09","GOV","운영 원칙·의사결정","창업가","의사결정 기록","파일럿 진행","manuals/gov/COK-GOV-05-09.md"
"COK-GOV-05-10","GOV","운영 원칙·의사결정","창업가","의사결정 기록","월간 회고","manuals/gov/COK-GOV-05-10.md"
"COK-GOV-06-01","GOV","운영 원칙·의사결정","창업가","우선순위 재정렬","정기 점검","manuals/gov/COK-GOV-06-01.md"
"COK-GOV-06-02","GOV","운영 원칙·의사결정","창업가","우선순위 재정렬","신규 요청","manuals/gov/COK-GOV-06-02.md"
"COK-GOV-06-03","GOV","운영 원칙·의사결정","창업가","우선순위 재정렬","실사용자 신고","manuals/gov/COK-GOV-06-03.md"
"COK-GOV-06-04","GOV","운영 원칙·의사결정","창업가","우선순위 재정렬","배포 직전","manuals/gov/COK-GOV-06-04.md"
"COK-GOV-06-05","GOV","운영 원칙·의사결정","창업가","우선순위 재정렬","배포 직후","manuals/gov/COK-GOV-06-05.md"
"COK-GOV-06-06","GOV","운영 원칙·의사결정","창업가","우선순위 재정렬","장애 발생","manuals/gov/COK-GOV-06-06.md"
"COK-GOV-06-07","GOV","운영 원칙·의사결정","창업가","우선순위 재정렬","보안 의심","manuals/gov/COK-GOV-06-07.md"
"COK-GOV-06-08","GOV","운영 원칙·의사결정","창업가","우선순위 재정렬","개인정보 포함 가능성","manuals/gov/COK-GOV-06-08.md"
"COK-GOV-06-09","GOV","운영 원칙·의사결정","창업가","우선순위 재정렬","파일럿 진행","manuals/gov/COK-GOV-06-09.md"
"COK-GOV-06-10","GOV","운영 원칙·의사결정","창업가","우선순위 재정렬","월간 회고","manuals/gov/COK-GOV-06-10.md"
"COK-GOV-07-01","GOV","운영 원칙·의사결정","창업가","리스크 등록","정기 점검","manuals/gov/COK-GOV-07-01.md"
"COK-GOV-07-02","GOV","운영 원칙·의사결정","창업가","리스크 등록","신규 요청","manuals/gov/COK-GOV-07-02.md"
"COK-GOV-07-03","GOV","운영 원칙·의사결정","창업가","리스크 등록","실사용자 신고","manuals/gov/COK-GOV-07-03.md"
"COK-GOV-07-04","GOV","운영 원칙·의사결정","창업가","리스크 등록","배포 직전","manuals/gov/COK-GOV-07-04.md"
"COK-GOV-07-05","GOV","운영 원칙·의사결정","창업가","리스크 등록","배포 직후","manuals/gov/COK-GOV-07-05.md"
"COK-GOV-07-06","GOV","운영 원칙·의사결정","창업가","리스크 등록","장애 발생","manuals/gov/COK-GOV-07-06.md"
"COK-GOV-07-07","GOV","운영 원칙·의사결정","창업가","리스크 등록","보안 의심","manuals/gov/COK-GOV-07-07.md"
"COK-GOV-07-08","GOV","운영 원칙·의사결정","창업가","리스크 등록","개인정보 포함 가능성","manuals/gov/COK-GOV-07-08.md"
"COK-GOV-07-09","GOV","운영 원칙·의사결정","창업가","리스크 등록","파일럿 진행","manuals/gov/COK-GOV-07-09.md"
"COK-GOV-07-10","GOV","운영 원칙·의사결정","창업가","리스크 등록","월간 회고","manuals/gov/COK-GOV-07-10.md"
"COK-GOV-08-01","GOV","운영 원칙·의사결정","창업가","회의 최소화","정기 점검","manuals/gov/COK-GOV-08-01.md"
"COK-GOV-08-02","GOV","운영 원칙·의사결정","창업가","회의 최소화","신규 요청","manuals/gov/COK-GOV-08-02.md"
"COK-GOV-08-03","GOV","운영 원칙·의사결정","창업가","회의 최소화","실사용자 신고","manuals/gov/COK-GOV-08-03.md"
"COK-GOV-08-04","GOV","운영 원칙·의사결정","창업가","회의 최소화","배포 직전","manuals/gov/COK-GOV-08-04.md"
"COK-GOV-08-05","GOV","운영 원칙·의사결정","창업가","회의 최소화","배포 직후","manuals/gov/COK-GOV-08-05.md"
"COK-GOV-08-06","GOV","운영 원칙·의사결정","창업가","회의 최소화","장애 발생","manuals/gov/COK-GOV-08-06.md"
"COK-GOV-08-07","GOV","운영 원칙·의사결정","창업가","회의 최소화","보안 의심","manuals/gov/COK-GOV-08-07.md"
"COK-GOV-08-08","GOV","운영 원칙·의사결정","창업가","회의 최소화","개인정보 포함 가능성","manuals/gov/COK-GOV-08-08.md"
"COK-GOV-08-09","GOV","운영 원칙·의사결정","창업가","회의 최소화","파일럿 진행","manuals/gov/COK-GOV-08-09.md"
"COK-GOV-08-10","GOV","운영 원칙·의사결정","창업가","회의 최소화","월간 회고","manuals/gov/COK-GOV-08-10.md"
"COK-GOV-09-01","GOV","운영 원칙·의사결정","창업가","외부 요청 판정","정기 점검","manuals/gov/COK-GOV-09-01.md"
"COK-GOV-09-02","GOV","운영 원칙·의사결정","창업가","외부 요청 판정","신규 요청","manuals/gov/COK-GOV-09-02.md"
"COK-GOV-09-03","GOV","운영 원칙·의사결정","창업가","외부 요청 판정","실사용자 신고","manuals/gov/COK-GOV-09-03.md"
"COK-GOV-09-04","GOV","운영 원칙·의사결정","창업가","외부 요청 판정","배포 직전","manuals/gov/COK-GOV-09-04.md"
"COK-GOV-09-05","GOV","운영 원칙·의사결정","창업가","외부 요청 판정","배포 직후","manuals/gov/COK-GOV-09-05.md"
"COK-GOV-09-06","GOV","운영 원칙·의사결정","창업가","외부 요청 판정","장애 발생","manuals/gov/COK-GOV-09-06.md"
"COK-GOV-09-07","GOV","운영 원칙·의사결정","창업가","외부 요청 판정","보안 의심","manuals/gov/COK-GOV-09-07.md"
"COK-GOV-09-08","GOV","운영 원칙·의사결정","창업가","외부 요청 판정","개인정보 포함 가능성","manuals/gov/COK-GOV-09-08.md"
"COK-GOV-09-09","GOV","운영 원칙·의사결정","창업가","외부 요청 판정","파일럿 진행","manuals/gov/COK-GOV-09-09.md"
"COK-GOV-09-10","GOV","운영 원칙·의사결정","창업가","외부 요청 판정","월간 회고","manuals/gov/COK-GOV-09-10.md"
"COK-GOV-10-01","GOV","운영 원칙·의사결정","창업가","운영 문서 갱신","정기 점검","manuals/gov/COK-GOV-10-01.md"
"COK-GOV-10-02","GOV","운영 원칙·의사결정","창업가","운영 문서 갱신","신규 요청","manuals/gov/COK-GOV-10-02.md"
"COK-GOV-10-03","GOV","운영 원칙·의사결정","창업가","운영 문서 갱신","실사용자 신고","manuals/gov/COK-GOV-10-03.md"
"COK-GOV-10-04","GOV","운영 원칙·의사결정","창업가","운영 문서 갱신","배포 직전","manuals/gov/COK-GOV-10-04.md"
"COK-GOV-10-05","GOV","운영 원칙·의사결정","창업가","운영 문서 갱신","배포 직후","manuals/gov/COK-GOV-10-05.md"
"COK-GOV-10-06","GOV","운영 원칙·의사결정","창업가","운영 문서 갱신","장애 발생","manuals/gov/COK-GOV-10-06.md"
"COK-GOV-10-07","GOV","운영 원칙·의사결정","창업가","운영 문서 갱신","보안 의심","manuals/gov/COK-GOV-10-07.md"
"COK-GOV-10-08","GOV","운영 원칙·의사결정","창업가","운영 문서 갱신","개인정보 포함 가능성","manuals/gov/COK-GOV-10-08.md"
"COK-GOV-10-09","GOV","운영 원칙·의사결정","창업가","운영 문서 갱신","파일럿 진행","manuals/gov/COK-GOV-10-09.md"
"COK-GOV-10-10","GOV","운영 원칙·의사결정","창업가","운영 문서 갱신","월간 회고","manuals/gov/COK-GOV-10-10.md"
"COK-PRD-01-01","PRD","제품 발견·기획","기획가","문제 인터뷰 준비","정기 점검","manuals/prd/COK-PRD-01-01.md"
"COK-PRD-01-02","PRD","제품 발견·기획","기획가","문제 인터뷰 준비","신규 요청","manuals/prd/COK-PRD-01-02.md"
"COK-PRD-01-03","PRD","제품 발견·기획","기획가","문제 인터뷰 준비","실사용자 신고","manuals/prd/COK-PRD-01-03.md"
"COK-PRD-01-04","PRD","제품 발견·기획","기획가","문제 인터뷰 준비","배포 직전","manuals/prd/COK-PRD-01-04.md"
"COK-PRD-01-05","PRD","제품 발견·기획","기획가","문제 인터뷰 준비","배포 직후","manuals/prd/COK-PRD-01-05.md"
"COK-PRD-01-06","PRD","제품 발견·기획","기획가","문제 인터뷰 준비","장애 발생","manuals/prd/COK-PRD-01-06.md"
"COK-PRD-01-07","PRD","제품 발견·기획","기획가","문제 인터뷰 준비","보안 의심","manuals/prd/COK-PRD-01-07.md"
"COK-PRD-01-08","PRD","제품 발견·기획","기획가","문제 인터뷰 준비","개인정보 포함 가능성","manuals/prd/COK-PRD-01-08.md"
"COK-PRD-01-09","PRD","제품 발견·기획","기획가","문제 인터뷰 준비","파일럿 진행","manuals/prd/COK-PRD-01-09.md"
"COK-PRD-01-10","PRD","제품 발견·기획","기획가","문제 인터뷰 준비","월간 회고","manuals/prd/COK-PRD-01-10.md"
"COK-PRD-02-01","PRD","제품 발견·기획","기획가","인터뷰 진행","정기 점검","manuals/prd/COK-PRD-02-01.md"
"COK-PRD-02-02","PRD","제품 발견·기획","기획가","인터뷰 진행","신규 요청","manuals/prd/COK-PRD-02-02.md"
"COK-PRD-02-03","PRD","제품 발견·기획","기획가","인터뷰 진행","실사용자 신고","manuals/prd/COK-PRD-02-03.md"
"COK-PRD-02-04","PRD","제품 발견·기획","기획가","인터뷰 진행","배포 직전","manuals/prd/COK-PRD-02-04.md"
"COK-PRD-02-05","PRD","제품 발견·기획","기획가","인터뷰 진행","배포 직후","manuals/prd/COK-PRD-02-05.md"
"COK-PRD-02-06","PRD","제품 발견·기획","기획가","인터뷰 진행","장애 발생","manuals/prd/COK-PRD-02-06.md"
"COK-PRD-02-07","PRD","제품 발견·기획","기획가","인터뷰 진행","보안 의심","manuals/prd/COK-PRD-02-07.md"
"COK-PRD-02-08","PRD","제품 발견·기획","기획가","인터뷰 진행","개인정보 포함 가능성","manuals/prd/COK-PRD-02-08.md"
"COK-PRD-02-09","PRD","제품 발견·기획","기획가","인터뷰 진행","파일럿 진행","manuals/prd/COK-PRD-02-09.md"
"COK-PRD-02-10","PRD","제품 발견·기획","기획가","인터뷰 진행","월간 회고","manuals/prd/COK-PRD-02-10.md"
"COK-PRD-03-01","PRD","제품 발견·기획","기획가","가설 작성","정기 점검","manuals/prd/COK-PRD-03-01.md"
"COK-PRD-03-02","PRD","제품 발견·기획","기획가","가설 작성","신규 요청","manuals/prd/COK-PRD-03-02.md"
"COK-PRD-03-03","PRD","제품 발견·기획","기획가","가설 작성","실사용자 신고","manuals/prd/COK-PRD-03-03.md"
"COK-PRD-03-04","PRD","제품 발견·기획","기획가","가설 작성","배포 직전","manuals/prd/COK-PRD-03-04.md"
"COK-PRD-03-05","PRD","제품 발견·기획","기획가","가설 작성","배포 직후","manuals/prd/COK-PRD-03-05.md"
"COK-PRD-03-06","PRD","제품 발견·기획","기획가","가설 작성","장애 발생","manuals/prd/COK-PRD-03-06.md"
"COK-PRD-03-07","PRD","제품 발견·기획","기획가","가설 작성","보안 의심","manuals/prd/COK-PRD-03-07.md"
"COK-PRD-03-08","PRD","제품 발견·기획","기획가","가설 작성","개인정보 포함 가능성","manuals/prd/COK-PRD-03-08.md"
"COK-PRD-03-09","PRD","제품 발견·기획","기획가","가설 작성","파일럿 진행","manuals/prd/COK-PRD-03-09.md"
"COK-PRD-03-10","PRD","제품 발견·기획","기획가","가설 작성","월간 회고","manuals/prd/COK-PRD-03-10.md"
"COK-PRD-04-01","PRD","제품 발견·기획","기획가","작업 흐름 정의","정기 점검","manuals/prd/COK-PRD-04-01.md"
"COK-PRD-04-02","PRD","제품 발견·기획","기획가","작업 흐름 정의","신규 요청","manuals/prd/COK-PRD-04-02.md"
"COK-PRD-04-03","PRD","제품 발견·기획","기획가","작업 흐름 정의","실사용자 신고","manuals/prd/COK-PRD-04-03.md"
"COK-PRD-04-04","PRD","제품 발견·기획","기획가","작업 흐름 정의","배포 직전","manuals/prd/COK-PRD-04-04.md"
"COK-PRD-04-05","PRD","제품 발견·기획","기획가","작업 흐름 정의","배포 직후","manuals/prd/COK-PRD-04-05.md"
"COK-PRD-04-06","PRD","제품 발견·기획","기획가","작업 흐름 정의","장애 발생","manuals/prd/COK-PRD-04-06.md"
"COK-PRD-04-07","PRD","제품 발견·기획","기획가","작업 흐름 정의","보안 의심","manuals/prd/COK-PRD-04-07.md"
"COK-PRD-04-08","PRD","제품 발견·기획","기획가","작업 흐름 정의","개인정보 포함 가능성","manuals/prd/COK-PRD-04-08.md"
"COK-PRD-04-09","PRD","제품 발견·기획","기획가","작업 흐름 정의","파일럿 진행","manuals/prd/COK-PRD-04-09.md"
"COK-PRD-04-10","PRD","제품 발견·기획","기획가","작업 흐름 정의","월간 회고","manuals/prd/COK-PRD-04-10.md"
"COK-PRD-05-01","PRD","제품 발견·기획","기획가","성공 기준 설정","정기 점검","manuals/prd/COK-PRD-05-01.md"
"COK-PRD-05-02","PRD","제품 발견·기획","기획가","성공 기준 설정","신규 요청","manuals/prd/COK-PRD-05-02.md"
"COK-PRD-05-03","PRD","제품 발견·기획","기획가","성공 기준 설정","실사용자 신고","manuals/prd/COK-PRD-05-03.md"
"COK-PRD-05-04","PRD","제품 발견·기획","기획가","성공 기준 설정","배포 직전","manuals/prd/COK-PRD-05-04.md"
"COK-PRD-05-05","PRD","제품 발견·기획","기획가","성공 기준 설정","배포 직후","manuals/prd/COK-PRD-05-05.md"
"COK-PRD-05-06","PRD","제품 발견·기획","기획가","성공 기준 설정","장애 발생","manuals/prd/COK-PRD-05-06.md"
"COK-PRD-05-07","PRD","제품 발견·기획","기획가","성공 기준 설정","보안 의심","manuals/prd/COK-PRD-05-07.md"
"COK-PRD-05-08","PRD","제품 발견·기획","기획가","성공 기준 설정","개인정보 포함 가능성","manuals/prd/COK-PRD-05-08.md"
"COK-PRD-05-09","PRD","제품 발견·기획","기획가","성공 기준 설정","파일럿 진행","manuals/prd/COK-PRD-05-09.md"
"COK-PRD-05-10","PRD","제품 발견·기획","기획가","성공 기준 설정","월간 회고","manuals/prd/COK-PRD-05-10.md"
"COK-PRD-06-01","PRD","제품 발견·기획","기획가","기능 요구 작성","정기 점검","manuals/prd/COK-PRD-06-01.md"
"COK-PRD-06-02","PRD","제품 발견·기획","기획가","기능 요구 작성","신규 요청","manuals/prd/COK-PRD-06-02.md"
"COK-PRD-06-03","PRD","제품 발견·기획","기획가","기능 요구 작성","실사용자 신고","manuals/prd/COK-PRD-06-03.md"
"COK-PRD-06-04","PRD","제품 발견·기획","기획가","기능 요구 작성","배포 직전","manuals/prd/COK-PRD-06-04.md"
"COK-PRD-06-05","PRD","제품 발견·기획","기획가","기능 요구 작성","배포 직후","manuals/prd/COK-PRD-06-05.md"
"COK-PRD-06-06","PRD","제품 발견·기획","기획가","기능 요구 작성","장애 발생","manuals/prd/COK-PRD-06-06.md"
"COK-PRD-06-07","PRD","제품 발견·기획","기획가","기능 요구 작성","보안 의심","manuals/prd/COK-PRD-06-07.md"
"COK-PRD-06-08","PRD","제품 발견·기획","기획가","기능 요구 작성","개인정보 포함 가능성","manuals/prd/COK-PRD-06-08.md"
"COK-PRD-06-09","PRD","제품 발견·기획","기획가","기능 요구 작성","파일럿 진행","manuals/prd/COK-PRD-06-09.md"
"COK-PRD-06-10","PRD","제품 발견·기획","기획가","기능 요구 작성","월간 회고","manuals/prd/COK-PRD-06-10.md"
"COK-PRD-07-01","PRD","제품 발견·기획","기획가","범위 축소","정기 점검","manuals/prd/COK-PRD-07-01.md"
"COK-PRD-07-02","PRD","제품 발견·기획","기획가","범위 축소","신규 요청","manuals/prd/COK-PRD-07-02.md"
"COK-PRD-07-03","PRD","제품 발견·기획","기획가","범위 축소","실사용자 신고","manuals/prd/COK-PRD-07-03.md"
"COK-PRD-07-04","PRD","제품 발견·기획","기획가","범위 축소","배포 직전","manuals/prd/COK-PRD-07-04.md"
"COK-PRD-07-05","PRD","제품 발견·기획","기획가","범위 축소","배포 직후","manuals/prd/COK-PRD-07-05.md"
"COK-PRD-07-06","PRD","제품 발견·기획","기획가","범위 축소","장애 발생","manuals/prd/COK-PRD-07-06.md"
"COK-PRD-07-07","PRD","제품 발견·기획","기획가","범위 축소","보안 의심","manuals/prd/COK-PRD-07-07.md"
"COK-PRD-07-08","PRD","제품 발견·기획","기획가","범위 축소","개인정보 포함 가능성","manuals/prd/COK-PRD-07-08.md"
"COK-PRD-07-09","PRD","제품 발견·기획","기획가","범위 축소","파일럿 진행","manuals/prd/COK-PRD-07-09.md"
"COK-PRD-07-10","PRD","제품 발견·기획","기획가","범위 축소","월간 회고","manuals/prd/COK-PRD-07-10.md"
"COK-PRD-08-01","PRD","제품 발견·기획","기획가","사용자 시나리오 점검","정기 점검","manuals/prd/COK-PRD-08-01.md"
"COK-PRD-08-02","PRD","제품 발견·기획","기획가","사용자 시나리오 점검","신규 요청","manuals/prd/COK-PRD-08-02.md"
"COK-PRD-08-03","PRD","제품 발견·기획","기획가","사용자 시나리오 점검","실사용자 신고","manuals/prd/COK-PRD-08-03.md"
"COK-PRD-08-04","PRD","제품 발견·기획","기획가","사용자 시나리오 점검","배포 직전","manuals/prd/COK-PRD-08-04.md"
"COK-PRD-08-05","PRD","제품 발견·기획","기획가","사용자 시나리오 점검","배포 직후","manuals/prd/COK-PRD-08-05.md"
"COK-PRD-08-06","PRD","제품 발견·기획","기획가","사용자 시나리오 점검","장애 발생","manuals/prd/COK-PRD-08-06.md"
"COK-PRD-08-07","PRD","제품 발견·기획","기획가","사용자 시나리오 점검","보안 의심","manuals/prd/COK-PRD-08-07.md"
"COK-PRD-08-08","PRD","제품 발견·기획","기획가","사용자 시나리오 점검","개인정보 포함 가능성","manuals/prd/COK-PRD-08-08.md"
"COK-PRD-08-09","PRD","제품 발견·기획","기획가","사용자 시나리오 점검","파일럿 진행","manuals/prd/COK-PRD-08-09.md"
"COK-PRD-08-10","PRD","제품 발견·기획","기획가","사용자 시나리오 점검","월간 회고","manuals/prd/COK-PRD-08-10.md"
"COK-PRD-09-01","PRD","제품 발견·기획","기획가","기능 제거 판단","정기 점검","manuals/prd/COK-PRD-09-01.md"
"COK-PRD-09-02","PRD","제품 발견·기획","기획가","기능 제거 판단","신규 요청","manuals/prd/COK-PRD-09-02.md"
"COK-PRD-09-03","PRD","제품 발견·기획","기획가","기능 제거 판단","실사용자 신고","manuals/prd/COK-PRD-09-03.md"
"COK-PRD-09-04","PRD","제품 발견·기획","기획가","기능 제거 판단","배포 직전","manuals/prd/COK-PRD-09-04.md"
"COK-PRD-09-05","PRD","제품 발견·기획","기획가","기능 제거 판단","배포 직후","manuals/prd/COK-PRD-09-05.md"
"COK-PRD-09-06","PRD","제품 발견·기획","기획가","기능 제거 판단","장애 발생","manuals/prd/COK-PRD-09-06.md"
"COK-PRD-09-07","PRD","제품 발견·기획","기획가","기능 제거 판단","보안 의심","manuals/prd/COK-PRD-09-07.md"
"COK-PRD-09-08","PRD","제품 발견·기획","기획가","기능 제거 판단","개인정보 포함 가능성","manuals/prd/COK-PRD-09-08.md"
"COK-PRD-09-09","PRD","제품 발견·기획","기획가","기능 제거 판단","파일럿 진행","manuals/prd/COK-PRD-09-09.md"
"COK-PRD-09-10","PRD","제품 발견·기획","기획가","기능 제거 판단","월간 회고","manuals/prd/COK-PRD-09-10.md"
"COK-PRD-10-01","PRD","제품 발견·기획","기획가","검증 결과 정리","정기 점검","manuals/prd/COK-PRD-10-01.md"
"COK-PRD-10-02","PRD","제품 발견·기획","기획가","검증 결과 정리","신규 요청","manuals/prd/COK-PRD-10-02.md"
"COK-PRD-10-03","PRD","제품 발견·기획","기획가","검증 결과 정리","실사용자 신고","manuals/prd/COK-PRD-10-03.md"
"COK-PRD-10-04","PRD","제품 발견·기획","기획가","검증 결과 정리","배포 직전","manuals/prd/COK-PRD-10-04.md"
"COK-PRD-10-05","PRD","제품 발견·기획","기획가","검증 결과 정리","배포 직후","manuals/prd/COK-PRD-10-05.md"
"COK-PRD-10-06","PRD","제품 발견·기획","기획가","검증 결과 정리","장애 발생","manuals/prd/COK-PRD-10-06.md"
"COK-PRD-10-07","PRD","제품 발견·기획","기획가","검증 결과 정리","보안 의심","manuals/prd/COK-PRD-10-07.md"
"COK-PRD-10-08","PRD","제품 발견·기획","기획가","검증 결과 정리","개인정보 포함 가능성","manuals/prd/COK-PRD-10-08.md"
"COK-PRD-10-09","PRD","제품 발견·기획","기획가","검증 결과 정리","파일럿 진행","manuals/prd/COK-PRD-10-09.md"
"COK-PRD-10-10","PRD","제품 발견·기획","기획가","검증 결과 정리","월간 회고","manuals/prd/COK-PRD-10-10.md"
"COK-UXD-01-01","UXD","UX·접근성·콘텐츠","디자이너","정보 위계 점검","정기 점검","manuals/uxd/COK-UXD-01-01.md"
"COK-UXD-01-02","UXD","UX·접근성·콘텐츠","디자이너","정보 위계 점검","신규 요청","manuals/uxd/COK-UXD-01-02.md"
"COK-UXD-01-03","UXD","UX·접근성·콘텐츠","디자이너","정보 위계 점검","실사용자 신고","manuals/uxd/COK-UXD-01-03.md"
"COK-UXD-01-04","UXD","UX·접근성·콘텐츠","디자이너","정보 위계 점검","배포 직전","manuals/uxd/COK-UXD-01-04.md"
"COK-UXD-01-05","UXD","UX·접근성·콘텐츠","디자이너","정보 위계 점검","배포 직후","manuals/uxd/COK-UXD-01-05.md"
"COK-UXD-01-06","UXD","UX·접근성·콘텐츠","디자이너","정보 위계 점검","장애 발생","manuals/uxd/COK-UXD-01-06.md"
"COK-UXD-01-07","UXD","UX·접근성·콘텐츠","디자이너","정보 위계 점검","보안 의심","manuals/uxd/COK-UXD-01-07.md"
"COK-UXD-01-08","UXD","UX·접근성·콘텐츠","디자이너","정보 위계 점검","개인정보 포함 가능성","manuals/uxd/COK-UXD-01-08.md"
"COK-UXD-01-09","UXD","UX·접근성·콘텐츠","디자이너","정보 위계 점검","파일럿 진행","manuals/uxd/COK-UXD-01-09.md"
"COK-UXD-01-10","UXD","UX·접근성·콘텐츠","디자이너","정보 위계 점검","월간 회고","manuals/uxd/COK-UXD-01-10.md"
"COK-UXD-02-01","UXD","UX·접근성·콘텐츠","디자이너","카드 사용 판단","정기 점검","manuals/uxd/COK-UXD-02-01.md"
"COK-UXD-02-02","UXD","UX·접근성·콘텐츠","디자이너","카드 사용 판단","신규 요청","manuals/uxd/COK-UXD-02-02.md"
"COK-UXD-02-03","UXD","UX·접근성·콘텐츠","디자이너","카드 사용 판단","실사용자 신고","manuals/uxd/COK-UXD-02-03.md"
"COK-UXD-02-04","UXD","UX·접근성·콘텐츠","디자이너","카드 사용 판단","배포 직전","manuals/uxd/COK-UXD-02-04.md"
"COK-UXD-02-05","UXD","UX·접근성·콘텐츠","디자이너","카드 사용 판단","배포 직후","manuals/uxd/COK-UXD-02-05.md"
"COK-UXD-02-06","UXD","UX·접근성·콘텐츠","디자이너","카드 사용 판단","장애 발생","manuals/uxd/COK-UXD-02-06.md"
"COK-UXD-02-07","UXD","UX·접근성·콘텐츠","디자이너","카드 사용 판단","보안 의심","manuals/uxd/COK-UXD-02-07.md"
"COK-UXD-02-08","UXD","UX·접근성·콘텐츠","디자이너","카드 사용 판단","개인정보 포함 가능성","manuals/uxd/COK-UXD-02-08.md"
"COK-UXD-02-09","UXD","UX·접근성·콘텐츠","디자이너","카드 사용 판단","파일럿 진행","manuals/uxd/COK-UXD-02-09.md"
"COK-UXD-02-10","UXD","UX·접근성·콘텐츠","디자이너","카드 사용 판단","월간 회고","manuals/uxd/COK-UXD-02-10.md"
"COK-UXD-03-01","UXD","UX·접근성·콘텐츠","디자이너","타이포그래피 점검","정기 점검","manuals/uxd/COK-UXD-03-01.md"
"COK-UXD-03-02","UXD","UX·접근성·콘텐츠","디자이너","타이포그래피 점검","신규 요청","manuals/uxd/COK-UXD-03-02.md"
"COK-UXD-03-03","UXD","UX·접근성·콘텐츠","디자이너","타이포그래피 점검","실사용자 신고","manuals/uxd/COK-UXD-03-03.md"
"COK-UXD-03-04","UXD","UX·접근성·콘텐츠","디자이너","타이포그래피 점검","배포 직전","manuals/uxd/COK-UXD-03-04.md"
"COK-UXD-03-05","UXD","UX·접근성·콘텐츠","디자이너","타이포그래피 점검","배포 직후","manuals/uxd/COK-UXD-03-05.md"
"COK-UXD-03-06","UXD","UX·접근성·콘텐츠","디자이너","타이포그래피 점검","장애 발생","manuals/uxd/COK-UXD-03-06.md"
"COK-UXD-03-07","UXD","UX·접근성·콘텐츠","디자이너","타이포그래피 점검","보안 의심","manuals/uxd/COK-UXD-03-07.md"
"COK-UXD-03-08","UXD","UX·접근성·콘텐츠","디자이너","타이포그래피 점검","개인정보 포함 가능성","manuals/uxd/COK-UXD-03-08.md"
"COK-UXD-03-09","UXD","UX·접근성·콘텐츠","디자이너","타이포그래피 점검","파일럿 진행","manuals/uxd/COK-UXD-03-09.md"
"COK-UXD-03-10","UXD","UX·접근성·콘텐츠","디자이너","타이포그래피 점검","월간 회고","manuals/uxd/COK-UXD-03-10.md"
"COK-UXD-04-01","UXD","UX·접근성·콘텐츠","디자이너","모바일 흐름 점검","정기 점검","manuals/uxd/COK-UXD-04-01.md"
"COK-UXD-04-02","UXD","UX·접근성·콘텐츠","디자이너","모바일 흐름 점검","신규 요청","manuals/uxd/COK-UXD-04-02.md"
"COK-UXD-04-03","UXD","UX·접근성·콘텐츠","디자이너","모바일 흐름 점검","실사용자 신고","manuals/uxd/COK-UXD-04-03.md"
"COK-UXD-04-04","UXD","UX·접근성·콘텐츠","디자이너","모바일 흐름 점검","배포 직전","manuals/uxd/COK-UXD-04-04.md"
"COK-UXD-04-05","UXD","UX·접근성·콘텐츠","디자이너","모바일 흐름 점검","배포 직후","manuals/uxd/COK-UXD-04-05.md"
"COK-UXD-04-06","UXD","UX·접근성·콘텐츠","디자이너","모바일 흐름 점검","장애 발생","manuals/uxd/COK-UXD-04-06.md"
"COK-UXD-04-07","UXD","UX·접근성·콘텐츠","디자이너","모바일 흐름 점검","보안 의심","manuals/uxd/COK-UXD-04-07.md"
"COK-UXD-04-08","UXD","UX·접근성·콘텐츠","디자이너","모바일 흐름 점검","개인정보 포함 가능성","manuals/uxd/COK-UXD-04-08.md"
"COK-UXD-04-09","UXD","UX·접근성·콘텐츠","디자이너","모바일 흐름 점검","파일럿 진행","manuals/uxd/COK-UXD-04-09.md"
"COK-UXD-04-10","UXD","UX·접근성·콘텐츠","디자이너","모바일 흐름 점검","월간 회고","manuals/uxd/COK-UXD-04-10.md"
"COK-UXD-05-01","UXD","UX·접근성·콘텐츠","디자이너","접근성 점검","정기 점검","manuals/uxd/COK-UXD-05-01.md"
"COK-UXD-05-02","UXD","UX·접근성·콘텐츠","디자이너","접근성 점검","신규 요청","manuals/uxd/COK-UXD-05-02.md"
"COK-UXD-05-03","UXD","UX·접근성·콘텐츠","디자이너","접근성 점검","실사용자 신고","manuals/uxd/COK-UXD-05-03.md"
"COK-UXD-05-04","UXD","UX·접근성·콘텐츠","디자이너","접근성 점검","배포 직전","manuals/uxd/COK-UXD-05-04.md"
"COK-UXD-05-05","UXD","UX·접근성·콘텐츠","디자이너","접근성 점검","배포 직후","manuals/uxd/COK-UXD-05-05.md"
"COK-UXD-05-06","UXD","UX·접근성·콘텐츠","디자이너","접근성 점검","장애 발생","manuals/uxd/COK-UXD-05-06.md"
"COK-UXD-05-07","UXD","UX·접근성·콘텐츠","디자이너","접근성 점검","보안 의심","manuals/uxd/COK-UXD-05-07.md"
"COK-UXD-05-08","UXD","UX·접근성·콘텐츠","디자이너","접근성 점검","개인정보 포함 가능성","manuals/uxd/COK-UXD-05-08.md"
"COK-UXD-05-09","UXD","UX·접근성·콘텐츠","디자이너","접근성 점검","파일럿 진행","manuals/uxd/COK-UXD-05-09.md"
"COK-UXD-05-10","UXD","UX·접근성·콘텐츠","디자이너","접근성 점검","월간 회고","manuals/uxd/COK-UXD-05-10.md"
"COK-UXD-06-01","UXD","UX·접근성·콘텐츠","디자이너","빈 상태 작성","정기 점검","manuals/uxd/COK-UXD-06-01.md"
"COK-UXD-06-02","UXD","UX·접근성·콘텐츠","디자이너","빈 상태 작성","신규 요청","manuals/uxd/COK-UXD-06-02.md"
"COK-UXD-06-03","UXD","UX·접근성·콘텐츠","디자이너","빈 상태 작성","실사용자 신고","manuals/uxd/COK-UXD-06-03.md"
"COK-UXD-06-04","UXD","UX·접근성·콘텐츠","디자이너","빈 상태 작성","배포 직전","manuals/uxd/COK-UXD-06-04.md"
"COK-UXD-06-05","UXD","UX·접근성·콘텐츠","디자이너","빈 상태 작성","배포 직후","manuals/uxd/COK-UXD-06-05.md"
"COK-UXD-06-06","UXD","UX·접근성·콘텐츠","디자이너","빈 상태 작성","장애 발생","manuals/uxd/COK-UXD-06-06.md"
"COK-UXD-06-07","UXD","UX·접근성·콘텐츠","디자이너","빈 상태 작성","보안 의심","manuals/uxd/COK-UXD-06-07.md"
"COK-UXD-06-08","UXD","UX·접근성·콘텐츠","디자이너","빈 상태 작성","개인정보 포함 가능성","manuals/uxd/COK-UXD-06-08.md"
"COK-UXD-06-09","UXD","UX·접근성·콘텐츠","디자이너","빈 상태 작성","파일럿 진행","manuals/uxd/COK-UXD-06-09.md"
"COK-UXD-06-10","UXD","UX·접근성·콘텐츠","디자이너","빈 상태 작성","월간 회고","manuals/uxd/COK-UXD-06-10.md"
"COK-UXD-07-01","UXD","UX·접근성·콘텐츠","디자이너","오류 문구 작성","정기 점검","manuals/uxd/COK-UXD-07-01.md"
"COK-UXD-07-02","UXD","UX·접근성·콘텐츠","디자이너","오류 문구 작성","신규 요청","manuals/uxd/COK-UXD-07-02.md"
"COK-UXD-07-03","UXD","UX·접근성·콘텐츠","디자이너","오류 문구 작성","실사용자 신고","manuals/uxd/COK-UXD-07-03.md"
"COK-UXD-07-04","UXD","UX·접근성·콘텐츠","디자이너","오류 문구 작성","배포 직전","manuals/uxd/COK-UXD-07-04.md"
"COK-UXD-07-05","UXD","UX·접근성·콘텐츠","디자이너","오류 문구 작성","배포 직후","manuals/uxd/COK-UXD-07-05.md"
"COK-UXD-07-06","UXD","UX·접근성·콘텐츠","디자이너","오류 문구 작성","장애 발생","manuals/uxd/COK-UXD-07-06.md"
"COK-UXD-07-07","UXD","UX·접근성·콘텐츠","디자이너","오류 문구 작성","보안 의심","manuals/uxd/COK-UXD-07-07.md"
"COK-UXD-07-08","UXD","UX·접근성·콘텐츠","디자이너","오류 문구 작성","개인정보 포함 가능성","manuals/uxd/COK-UXD-07-08.md"
"COK-UXD-07-09","UXD","UX·접근성·콘텐츠","디자이너","오류 문구 작성","파일럿 진행","manuals/uxd/COK-UXD-07-09.md"
"COK-UXD-07-10","UXD","UX·접근성·콘텐츠","디자이너","오류 문구 작성","월간 회고","manuals/uxd/COK-UXD-07-10.md"
"COK-UXD-08-01","UXD","UX·접근성·콘텐츠","디자이너","폼 작성 흐름 점검","정기 점검","manuals/uxd/COK-UXD-08-01.md"
"COK-UXD-08-02","UXD","UX·접근성·콘텐츠","디자이너","폼 작성 흐름 점검","신규 요청","manuals/uxd/COK-UXD-08-02.md"
"COK-UXD-08-03","UXD","UX·접근성·콘텐츠","디자이너","폼 작성 흐름 점검","실사용자 신고","manuals/uxd/COK-UXD-08-03.md"
"COK-UXD-08-04","UXD","UX·접근성·콘텐츠","디자이너","폼 작성 흐름 점검","배포 직전","manuals/uxd/COK-UXD-08-04.md"
"COK-UXD-08-05","UXD","UX·접근성·콘텐츠","디자이너","폼 작성 흐름 점검","배포 직후","manuals/uxd/COK-UXD-08-05.md"
"COK-UXD-08-06","UXD","UX·접근성·콘텐츠","디자이너","폼 작성 흐름 점검","장애 발생","manuals/uxd/COK-UXD-08-06.md"
"COK-UXD-08-07","UXD","UX·접근성·콘텐츠","디자이너","폼 작성 흐름 점검","보안 의심","manuals/uxd/COK-UXD-08-07.md"
"COK-UXD-08-08","UXD","UX·접근성·콘텐츠","디자이너","폼 작성 흐름 점검","개인정보 포함 가능성","manuals/uxd/COK-UXD-08-08.md"
"COK-UXD-08-09","UXD","UX·접근성·콘텐츠","디자이너","폼 작성 흐름 점검","파일럿 진행","manuals/uxd/COK-UXD-08-09.md"
"COK-UXD-08-10","UXD","UX·접근성·콘텐츠","디자이너","폼 작성 흐름 점검","월간 회고","manuals/uxd/COK-UXD-08-10.md"
"COK-UXD-09-01","UXD","UX·접근성·콘텐츠","디자이너","응답자 흐름 점검","정기 점검","manuals/uxd/COK-UXD-09-01.md"
"COK-UXD-09-02","UXD","UX·접근성·콘텐츠","디자이너","응답자 흐름 점검","신규 요청","manuals/uxd/COK-UXD-09-02.md"
"COK-UXD-09-03","UXD","UX·접근성·콘텐츠","디자이너","응답자 흐름 점검","실사용자 신고","manuals/uxd/COK-UXD-09-03.md"
"COK-UXD-09-04","UXD","UX·접근성·콘텐츠","디자이너","응답자 흐름 점검","배포 직전","manuals/uxd/COK-UXD-09-04.md"
"COK-UXD-09-05","UXD","UX·접근성·콘텐츠","디자이너","응답자 흐름 점검","배포 직후","manuals/uxd/COK-UXD-09-05.md"
"COK-UXD-09-06","UXD","UX·접근성·콘텐츠","디자이너","응답자 흐름 점검","장애 발생","manuals/uxd/COK-UXD-09-06.md"
"COK-UXD-09-07","UXD","UX·접근성·콘텐츠","디자이너","응답자 흐름 점검","보안 의심","manuals/uxd/COK-UXD-09-07.md"
"COK-UXD-09-08","UXD","UX·접근성·콘텐츠","디자이너","응답자 흐름 점검","개인정보 포함 가능성","manuals/uxd/COK-UXD-09-08.md"
"COK-UXD-09-09","UXD","UX·접근성·콘텐츠","디자이너","응답자 흐름 점검","파일럿 진행","manuals/uxd/COK-UXD-09-09.md"
"COK-UXD-09-10","UXD","UX·접근성·콘텐츠","디자이너","응답자 흐름 점검","월간 회고","manuals/uxd/COK-UXD-09-10.md"
"COK-UXD-10-01","UXD","UX·접근성·콘텐츠","디자이너","디자인 회귀 점검","정기 점검","manuals/uxd/COK-UXD-10-01.md"
"COK-UXD-10-02","UXD","UX·접근성·콘텐츠","디자이너","디자인 회귀 점검","신규 요청","manuals/uxd/COK-UXD-10-02.md"
"COK-UXD-10-03","UXD","UX·접근성·콘텐츠","디자이너","디자인 회귀 점검","실사용자 신고","manuals/uxd/COK-UXD-10-03.md"
"COK-UXD-10-04","UXD","UX·접근성·콘텐츠","디자이너","디자인 회귀 점검","배포 직전","manuals/uxd/COK-UXD-10-04.md"
"COK-UXD-10-05","UXD","UX·접근성·콘텐츠","디자이너","디자인 회귀 점검","배포 직후","manuals/uxd/COK-UXD-10-05.md"
"COK-UXD-10-06","UXD","UX·접근성·콘텐츠","디자이너","디자인 회귀 점검","장애 발생","manuals/uxd/COK-UXD-10-06.md"
"COK-UXD-10-07","UXD","UX·접근성·콘텐츠","디자이너","디자인 회귀 점검","보안 의심","manuals/uxd/COK-UXD-10-07.md"
"COK-UXD-10-08","UXD","UX·접근성·콘텐츠","디자이너","디자인 회귀 점검","개인정보 포함 가능성","manuals/uxd/COK-UXD-10-08.md"
"COK-UXD-10-09","UXD","UX·접근성·콘텐츠","디자이너","디자인 회귀 점검","파일럿 진행","manuals/uxd/COK-UXD-10-09.md"
"COK-UXD-10-10","UXD","UX·접근성·콘텐츠","디자이너","디자인 회귀 점검","월간 회고","manuals/uxd/COK-UXD-10-10.md"
"COK-FEN-01-01","FEN","프런트엔드","프런트엔드 개발자","화면 변경 준비","정기 점검","manuals/fen/COK-FEN-01-01.md"
"COK-FEN-01-02","FEN","프런트엔드","프런트엔드 개발자","화면 변경 준비","신규 요청","manuals/fen/COK-FEN-01-02.md"
"COK-FEN-01-03","FEN","프런트엔드","프런트엔드 개발자","화면 변경 준비","실사용자 신고","manuals/fen/COK-FEN-01-03.md"
"COK-FEN-01-04","FEN","프런트엔드","프런트엔드 개발자","화면 변경 준비","배포 직전","manuals/fen/COK-FEN-01-04.md"
"COK-FEN-01-05","FEN","프런트엔드","프런트엔드 개발자","화면 변경 준비","배포 직후","manuals/fen/COK-FEN-01-05.md"
"COK-FEN-01-06","FEN","프런트엔드","프런트엔드 개발자","화면 변경 준비","장애 발생","manuals/fen/COK-FEN-01-06.md"
"COK-FEN-01-07","FEN","프런트엔드","프런트엔드 개발자","화면 변경 준비","보안 의심","manuals/fen/COK-FEN-01-07.md"
"COK-FEN-01-08","FEN","프런트엔드","프런트엔드 개발자","화면 변경 준비","개인정보 포함 가능성","manuals/fen/COK-FEN-01-08.md"
"COK-FEN-01-09","FEN","프런트엔드","프런트엔드 개발자","화면 변경 준비","파일럿 진행","manuals/fen/COK-FEN-01-09.md"
"COK-FEN-01-10","FEN","프런트엔드","프런트엔드 개발자","화면 변경 준비","월간 회고","manuals/fen/COK-FEN-01-10.md"
"COK-FEN-02-01","FEN","프런트엔드","프런트엔드 개발자","컴포넌트 분리","정기 점검","manuals/fen/COK-FEN-02-01.md"
"COK-FEN-02-02","FEN","프런트엔드","프런트엔드 개발자","컴포넌트 분리","신규 요청","manuals/fen/COK-FEN-02-02.md"
"COK-FEN-02-03","FEN","프런트엔드","프런트엔드 개발자","컴포넌트 분리","실사용자 신고","manuals/fen/COK-FEN-02-03.md"
"COK-FEN-02-04","FEN","프런트엔드","프런트엔드 개발자","컴포넌트 분리","배포 직전","manuals/fen/COK-FEN-02-04.md"
"COK-FEN-02-05","FEN","프런트엔드","프런트엔드 개발자","컴포넌트 분리","배포 직후","manuals/fen/COK-FEN-02-05.md"
"COK-FEN-02-06","FEN","프런트엔드","프런트엔드 개발자","컴포넌트 분리","장애 발생","manuals/fen/COK-FEN-02-06.md"
"COK-FEN-02-07","FEN","프런트엔드","프런트엔드 개발자","컴포넌트 분리","보안 의심","manuals/fen/COK-FEN-02-07.md"
"COK-FEN-02-08","FEN","프런트엔드","프런트엔드 개발자","컴포넌트 분리","개인정보 포함 가능성","manuals/fen/COK-FEN-02-08.md"
"COK-FEN-02-09","FEN","프런트엔드","프런트엔드 개발자","컴포넌트 분리","파일럿 진행","manuals/fen/COK-FEN-02-09.md"
"COK-FEN-02-10","FEN","프런트엔드","프런트엔드 개발자","컴포넌트 분리","월간 회고","manuals/fen/COK-FEN-02-10.md"
"COK-FEN-03-01","FEN","프런트엔드","프런트엔드 개발자","상태 변경","정기 점검","manuals/fen/COK-FEN-03-01.md"
"COK-FEN-03-02","FEN","프런트엔드","프런트엔드 개발자","상태 변경","신규 요청","manuals/fen/COK-FEN-03-02.md"
"COK-FEN-03-03","FEN","프런트엔드","프런트엔드 개발자","상태 변경","실사용자 신고","manuals/fen/COK-FEN-03-03.md"
"COK-FEN-03-04","FEN","프런트엔드","프런트엔드 개발자","상태 변경","배포 직전","manuals/fen/COK-FEN-03-04.md"
"COK-FEN-03-05","FEN","프런트엔드","프런트엔드 개발자","상태 변경","배포 직후","manuals/fen/COK-FEN-03-05.md"
"COK-FEN-03-06","FEN","프런트엔드","프런트엔드 개발자","상태 변경","장애 발생","manuals/fen/COK-FEN-03-06.md"
"COK-FEN-03-07","FEN","프런트엔드","프런트엔드 개발자","상태 변경","보안 의심","manuals/fen/COK-FEN-03-07.md"
"COK-FEN-03-08","FEN","프런트엔드","프런트엔드 개발자","상태 변경","개인정보 포함 가능성","manuals/fen/COK-FEN-03-08.md"
"COK-FEN-03-09","FEN","프런트엔드","프런트엔드 개발자","상태 변경","파일럿 진행","manuals/fen/COK-FEN-03-09.md"
"COK-FEN-03-10","FEN","프런트엔드","프런트엔드 개발자","상태 변경","월간 회고","manuals/fen/COK-FEN-03-10.md"
"COK-FEN-04-01","FEN","프런트엔드","프런트엔드 개발자","라우팅 변경","정기 점검","manuals/fen/COK-FEN-04-01.md"
"COK-FEN-04-02","FEN","프런트엔드","프런트엔드 개발자","라우팅 변경","신규 요청","manuals/fen/COK-FEN-04-02.md"
"COK-FEN-04-03","FEN","프런트엔드","프런트엔드 개발자","라우팅 변경","실사용자 신고","manuals/fen/COK-FEN-04-03.md"
"COK-FEN-04-04","FEN","프런트엔드","프런트엔드 개발자","라우팅 변경","배포 직전","manuals/fen/COK-FEN-04-04.md"
"COK-FEN-04-05","FEN","프런트엔드","프런트엔드 개발자","라우팅 변경","배포 직후","manuals/fen/COK-FEN-04-05.md"
"COK-FEN-04-06","FEN","프런트엔드","프런트엔드 개발자","라우팅 변경","장애 발생","manuals/fen/COK-FEN-04-06.md"
"COK-FEN-04-07","FEN","프런트엔드","프런트엔드 개발자","라우팅 변경","보안 의심","manuals/fen/COK-FEN-04-07.md"
"COK-FEN-04-08","FEN","프런트엔드","프런트엔드 개발자","라우팅 변경","개인정보 포함 가능성","manuals/fen/COK-FEN-04-08.md"
"COK-FEN-04-09","FEN","프런트엔드","프런트엔드 개발자","라우팅 변경","파일럿 진행","manuals/fen/COK-FEN-04-09.md"
"COK-FEN-04-10","FEN","프런트엔드","프런트엔드 개발자","라우팅 변경","월간 회고","manuals/fen/COK-FEN-04-10.md"
"COK-FEN-05-01","FEN","프런트엔드","프런트엔드 개발자","폼 입력 변경","정기 점검","manuals/fen/COK-FEN-05-01.md"
"COK-FEN-05-02","FEN","프런트엔드","프런트엔드 개발자","폼 입력 변경","신규 요청","manuals/fen/COK-FEN-05-02.md"
"COK-FEN-05-03","FEN","프런트엔드","프런트엔드 개발자","폼 입력 변경","실사용자 신고","manuals/fen/COK-FEN-05-03.md"
"COK-FEN-05-04","FEN","프런트엔드","프런트엔드 개발자","폼 입력 변경","배포 직전","manuals/fen/COK-FEN-05-04.md"
"COK-FEN-05-05","FEN","프런트엔드","프런트엔드 개발자","폼 입력 변경","배포 직후","manuals/fen/COK-FEN-05-05.md"
"COK-FEN-05-06","FEN","프런트엔드","프런트엔드 개발자","폼 입력 변경","장애 발생","manuals/fen/COK-FEN-05-06.md"
"COK-FEN-05-07","FEN","프런트엔드","프런트엔드 개발자","폼 입력 변경","보안 의심","manuals/fen/COK-FEN-05-07.md"
"COK-FEN-05-08","FEN","프런트엔드","프런트엔드 개발자","폼 입력 변경","개인정보 포함 가능성","manuals/fen/COK-FEN-05-08.md"
"COK-FEN-05-09","FEN","프런트엔드","프런트엔드 개발자","폼 입력 변경","파일럿 진행","manuals/fen/COK-FEN-05-09.md"
"COK-FEN-05-10","FEN","프런트엔드","프런트엔드 개발자","폼 입력 변경","월간 회고","manuals/fen/COK-FEN-05-10.md"
"COK-FEN-06-01","FEN","프런트엔드","프런트엔드 개발자","모바일 회귀 점검","정기 점검","manuals/fen/COK-FEN-06-01.md"
"COK-FEN-06-02","FEN","프런트엔드","프런트엔드 개발자","모바일 회귀 점검","신규 요청","manuals/fen/COK-FEN-06-02.md"
"COK-FEN-06-03","FEN","프런트엔드","프런트엔드 개발자","모바일 회귀 점검","실사용자 신고","manuals/fen/COK-FEN-06-03.md"
"COK-FEN-06-04","FEN","프런트엔드","프런트엔드 개발자","모바일 회귀 점검","배포 직전","manuals/fen/COK-FEN-06-04.md"
"COK-FEN-06-05","FEN","프런트엔드","프런트엔드 개발자","모바일 회귀 점검","배포 직후","manuals/fen/COK-FEN-06-05.md"
"COK-FEN-06-06","FEN","프런트엔드","프런트엔드 개발자","모바일 회귀 점검","장애 발생","manuals/fen/COK-FEN-06-06.md"
"COK-FEN-06-07","FEN","프런트엔드","프런트엔드 개발자","모바일 회귀 점검","보안 의심","manuals/fen/COK-FEN-06-07.md"
"COK-FEN-06-08","FEN","프런트엔드","프런트엔드 개발자","모바일 회귀 점검","개인정보 포함 가능성","manuals/fen/COK-FEN-06-08.md"
"COK-FEN-06-09","FEN","프런트엔드","프런트엔드 개발자","모바일 회귀 점검","파일럿 진행","manuals/fen/COK-FEN-06-09.md"
"COK-FEN-06-10","FEN","프런트엔드","프런트엔드 개발자","모바일 회귀 점검","월간 회고","manuals/fen/COK-FEN-06-10.md"
"COK-FEN-07-01","FEN","프런트엔드","프런트엔드 개발자","오류 경계 점검","정기 점검","manuals/fen/COK-FEN-07-01.md"
"COK-FEN-07-02","FEN","프런트엔드","프런트엔드 개발자","오류 경계 점검","신규 요청","manuals/fen/COK-FEN-07-02.md"
"COK-FEN-07-03","FEN","프런트엔드","프런트엔드 개발자","오류 경계 점검","실사용자 신고","manuals/fen/COK-FEN-07-03.md"
"COK-FEN-07-04","FEN","프런트엔드","프런트엔드 개발자","오류 경계 점검","배포 직전","manuals/fen/COK-FEN-07-04.md"
"COK-FEN-07-05","FEN","프런트엔드","프런트엔드 개발자","오류 경계 점검","배포 직후","manuals/fen/COK-FEN-07-05.md"
"COK-FEN-07-06","FEN","프런트엔드","프런트엔드 개발자","오류 경계 점검","장애 발생","manuals/fen/COK-FEN-07-06.md"
"COK-FEN-07-07","FEN","프런트엔드","프런트엔드 개발자","오류 경계 점검","보안 의심","manuals/fen/COK-FEN-07-07.md"
"COK-FEN-07-08","FEN","프런트엔드","프런트엔드 개발자","오류 경계 점검","개인정보 포함 가능성","manuals/fen/COK-FEN-07-08.md"
"COK-FEN-07-09","FEN","프런트엔드","프런트엔드 개발자","오류 경계 점검","파일럿 진행","manuals/fen/COK-FEN-07-09.md"
"COK-FEN-07-10","FEN","프런트엔드","프런트엔드 개발자","오류 경계 점검","월간 회고","manuals/fen/COK-FEN-07-10.md"
"COK-FEN-08-01","FEN","프런트엔드","프런트엔드 개발자","접근성 속성 점검","정기 점검","manuals/fen/COK-FEN-08-01.md"
"COK-FEN-08-02","FEN","프런트엔드","프런트엔드 개발자","접근성 속성 점검","신규 요청","manuals/fen/COK-FEN-08-02.md"
"COK-FEN-08-03","FEN","프런트엔드","프런트엔드 개발자","접근성 속성 점검","실사용자 신고","manuals/fen/COK-FEN-08-03.md"
"COK-FEN-08-04","FEN","프런트엔드","프런트엔드 개발자","접근성 속성 점검","배포 직전","manuals/fen/COK-FEN-08-04.md"
"COK-FEN-08-05","FEN","프런트엔드","프런트엔드 개발자","접근성 속성 점검","배포 직후","manuals/fen/COK-FEN-08-05.md"
"COK-FEN-08-06","FEN","프런트엔드","프런트엔드 개발자","접근성 속성 점검","장애 발생","manuals/fen/COK-FEN-08-06.md"
"COK-FEN-08-07","FEN","프런트엔드","프런트엔드 개발자","접근성 속성 점검","보안 의심","manuals/fen/COK-FEN-08-07.md"
"COK-FEN-08-08","FEN","프런트엔드","프런트엔드 개발자","접근성 속성 점검","개인정보 포함 가능성","manuals/fen/COK-FEN-08-08.md"
"COK-FEN-08-09","FEN","프런트엔드","프런트엔드 개발자","접근성 속성 점검","파일럿 진행","manuals/fen/COK-FEN-08-09.md"
"COK-FEN-08-10","FEN","프런트엔드","프런트엔드 개발자","접근성 속성 점검","월간 회고","manuals/fen/COK-FEN-08-10.md"
"COK-FEN-09-01","FEN","프런트엔드","프런트엔드 개발자","성능 점검","정기 점검","manuals/fen/COK-FEN-09-01.md"
"COK-FEN-09-02","FEN","프런트엔드","프런트엔드 개발자","성능 점검","신규 요청","manuals/fen/COK-FEN-09-02.md"
"COK-FEN-09-03","FEN","프런트엔드","프런트엔드 개발자","성능 점검","실사용자 신고","manuals/fen/COK-FEN-09-03.md"
"COK-FEN-09-04","FEN","프런트엔드","프런트엔드 개발자","성능 점검","배포 직전","manuals/fen/COK-FEN-09-04.md"
"COK-FEN-09-05","FEN","프런트엔드","프런트엔드 개발자","성능 점검","배포 직후","manuals/fen/COK-FEN-09-05.md"
"COK-FEN-09-06","FEN","프런트엔드","프런트엔드 개발자","성능 점검","장애 발생","manuals/fen/COK-FEN-09-06.md"
"COK-FEN-09-07","FEN","프런트엔드","프런트엔드 개발자","성능 점검","보안 의심","manuals/fen/COK-FEN-09-07.md"
"COK-FEN-09-08","FEN","프런트엔드","프런트엔드 개발자","성능 점검","개인정보 포함 가능성","manuals/fen/COK-FEN-09-08.md"
"COK-FEN-09-09","FEN","프런트엔드","프런트엔드 개발자","성능 점검","파일럿 진행","manuals/fen/COK-FEN-09-09.md"
"COK-FEN-09-10","FEN","프런트엔드","프런트엔드 개발자","성능 점검","월간 회고","manuals/fen/COK-FEN-09-10.md"
"COK-FEN-10-01","FEN","프런트엔드","프런트엔드 개발자","프런트 배포 점검","정기 점검","manuals/fen/COK-FEN-10-01.md"
"COK-FEN-10-02","FEN","프런트엔드","프런트엔드 개발자","프런트 배포 점검","신규 요청","manuals/fen/COK-FEN-10-02.md"
"COK-FEN-10-03","FEN","프런트엔드","프런트엔드 개발자","프런트 배포 점검","실사용자 신고","manuals/fen/COK-FEN-10-03.md"
"COK-FEN-10-04","FEN","프런트엔드","프런트엔드 개발자","프런트 배포 점검","배포 직전","manuals/fen/COK-FEN-10-04.md"
"COK-FEN-10-05","FEN","프런트엔드","프런트엔드 개발자","프런트 배포 점검","배포 직후","manuals/fen/COK-FEN-10-05.md"
"COK-FEN-10-06","FEN","프런트엔드","프런트엔드 개발자","프런트 배포 점검","장애 발생","manuals/fen/COK-FEN-10-06.md"
"COK-FEN-10-07","FEN","프런트엔드","프런트엔드 개발자","프런트 배포 점검","보안 의심","manuals/fen/COK-FEN-10-07.md"
"COK-FEN-10-08","FEN","프런트엔드","프런트엔드 개발자","프런트 배포 점검","개인정보 포함 가능성","manuals/fen/COK-FEN-10-08.md"
"COK-FEN-10-09","FEN","프런트엔드","프런트엔드 개발자","프런트 배포 점검","파일럿 진행","manuals/fen/COK-FEN-10-09.md"
"COK-FEN-10-10","FEN","프런트엔드","프런트엔드 개발자","프런트 배포 점검","월간 회고","manuals/fen/COK-FEN-10-10.md"
"COK-BEN-01-01","BEN","백엔드·데이터","백엔드 개발자","스키마 변경","정기 점검","manuals/ben/COK-BEN-01-01.md"
"COK-BEN-01-02","BEN","백엔드·데이터","백엔드 개발자","스키마 변경","신규 요청","manuals/ben/COK-BEN-01-02.md"
"COK-BEN-01-03","BEN","백엔드·데이터","백엔드 개발자","스키마 변경","실사용자 신고","manuals/ben/COK-BEN-01-03.md"
"COK-BEN-01-04","BEN","백엔드·데이터","백엔드 개발자","스키마 변경","배포 직전","manuals/ben/COK-BEN-01-04.md"
"COK-BEN-01-05","BEN","백엔드·데이터","백엔드 개발자","스키마 변경","배포 직후","manuals/ben/COK-BEN-01-05.md"
"COK-BEN-01-06","BEN","백엔드·데이터","백엔드 개발자","스키마 변경","장애 발생","manuals/ben/COK-BEN-01-06.md"
"COK-BEN-01-07","BEN","백엔드·데이터","백엔드 개발자","스키마 변경","보안 의심","manuals/ben/COK-BEN-01-07.md"
"COK-BEN-01-08","BEN","백엔드·데이터","백엔드 개발자","스키마 변경","개인정보 포함 가능성","manuals/ben/COK-BEN-01-08.md"
"COK-BEN-01-09","BEN","백엔드·데이터","백엔드 개발자","스키마 변경","파일럿 진행","manuals/ben/COK-BEN-01-09.md"
"COK-BEN-01-10","BEN","백엔드·데이터","백엔드 개발자","스키마 변경","월간 회고","manuals/ben/COK-BEN-01-10.md"
"COK-BEN-02-01","BEN","백엔드·데이터","백엔드 개발자","RLS 정책 점검","정기 점검","manuals/ben/COK-BEN-02-01.md"
"COK-BEN-02-02","BEN","백엔드·데이터","백엔드 개발자","RLS 정책 점검","신규 요청","manuals/ben/COK-BEN-02-02.md"
"COK-BEN-02-03","BEN","백엔드·데이터","백엔드 개발자","RLS 정책 점검","실사용자 신고","manuals/ben/COK-BEN-02-03.md"
"COK-BEN-02-04","BEN","백엔드·데이터","백엔드 개발자","RLS 정책 점검","배포 직전","manuals/ben/COK-BEN-02-04.md"
"COK-BEN-02-05","BEN","백엔드·데이터","백엔드 개발자","RLS 정책 점검","배포 직후","manuals/ben/COK-BEN-02-05.md"
"COK-BEN-02-06","BEN","백엔드·데이터","백엔드 개발자","RLS 정책 점검","장애 발생","manuals/ben/COK-BEN-02-06.md"
"COK-BEN-02-07","BEN","백엔드·데이터","백엔드 개발자","RLS 정책 점검","보안 의심","manuals/ben/COK-BEN-02-07.md"
"COK-BEN-02-08","BEN","백엔드·데이터","백엔드 개발자","RLS 정책 점검","개인정보 포함 가능성","manuals/ben/COK-BEN-02-08.md"
"COK-BEN-02-09","BEN","백엔드·데이터","백엔드 개발자","RLS 정책 점검","파일럿 진행","manuals/ben/COK-BEN-02-09.md"
"COK-BEN-02-10","BEN","백엔드·데이터","백엔드 개발자","RLS 정책 점검","월간 회고","manuals/ben/COK-BEN-02-10.md"
"COK-BEN-03-01","BEN","백엔드·데이터","백엔드 개발자","RPC 변경","정기 점검","manuals/ben/COK-BEN-03-01.md"
"COK-BEN-03-02","BEN","백엔드·데이터","백엔드 개발자","RPC 변경","신규 요청","manuals/ben/COK-BEN-03-02.md"
"COK-BEN-03-03","BEN","백엔드·데이터","백엔드 개발자","RPC 변경","실사용자 신고","manuals/ben/COK-BEN-03-03.md"
"COK-BEN-03-04","BEN","백엔드·데이터","백엔드 개발자","RPC 변경","배포 직전","manuals/ben/COK-BEN-03-04.md"
"COK-BEN-03-05","BEN","백엔드·데이터","백엔드 개발자","RPC 변경","배포 직후","manuals/ben/COK-BEN-03-05.md"
"COK-BEN-03-06","BEN","백엔드·데이터","백엔드 개발자","RPC 변경","장애 발생","manuals/ben/COK-BEN-03-06.md"
"COK-BEN-03-07","BEN","백엔드·데이터","백엔드 개발자","RPC 변경","보안 의심","manuals/ben/COK-BEN-03-07.md"
"COK-BEN-03-08","BEN","백엔드·데이터","백엔드 개발자","RPC 변경","개인정보 포함 가능성","manuals/ben/COK-BEN-03-08.md"
"COK-BEN-03-09","BEN","백엔드·데이터","백엔드 개발자","RPC 변경","파일럿 진행","manuals/ben/COK-BEN-03-09.md"
"COK-BEN-03-10","BEN","백엔드·데이터","백엔드 개발자","RPC 변경","월간 회고","manuals/ben/COK-BEN-03-10.md"
"COK-BEN-04-01","BEN","백엔드·데이터","백엔드 개발자","Edge Function 변경","정기 점검","manuals/ben/COK-BEN-04-01.md"
"COK-BEN-04-02","BEN","백엔드·데이터","백엔드 개발자","Edge Function 변경","신규 요청","manuals/ben/COK-BEN-04-02.md"
"COK-BEN-04-03","BEN","백엔드·데이터","백엔드 개발자","Edge Function 변경","실사용자 신고","manuals/ben/COK-BEN-04-03.md"
"COK-BEN-04-04","BEN","백엔드·데이터","백엔드 개발자","Edge Function 변경","배포 직전","manuals/ben/COK-BEN-04-04.md"
"COK-BEN-04-05","BEN","백엔드·데이터","백엔드 개발자","Edge Function 변경","배포 직후","manuals/ben/COK-BEN-04-05.md"
"COK-BEN-04-06","BEN","백엔드·데이터","백엔드 개발자","Edge Function 변경","장애 발생","manuals/ben/COK-BEN-04-06.md"
"COK-BEN-04-07","BEN","백엔드·데이터","백엔드 개발자","Edge Function 변경","보안 의심","manuals/ben/COK-BEN-04-07.md"
"COK-BEN-04-08","BEN","백엔드·데이터","백엔드 개발자","Edge Function 변경","개인정보 포함 가능성","manuals/ben/COK-BEN-04-08.md"
"COK-BEN-04-09","BEN","백엔드·데이터","백엔드 개발자","Edge Function 변경","파일럿 진행","manuals/ben/COK-BEN-04-09.md"
"COK-BEN-04-10","BEN","백엔드·데이터","백엔드 개발자","Edge Function 변경","월간 회고","manuals/ben/COK-BEN-04-10.md"
"COK-BEN-05-01","BEN","백엔드·데이터","백엔드 개발자","마이그레이션 적용","정기 점검","manuals/ben/COK-BEN-05-01.md"
"COK-BEN-05-02","BEN","백엔드·데이터","백엔드 개발자","마이그레이션 적용","신규 요청","manuals/ben/COK-BEN-05-02.md"
"COK-BEN-05-03","BEN","백엔드·데이터","백엔드 개발자","마이그레이션 적용","실사용자 신고","manuals/ben/COK-BEN-05-03.md"
"COK-BEN-05-04","BEN","백엔드·데이터","백엔드 개발자","마이그레이션 적용","배포 직전","manuals/ben/COK-BEN-05-04.md"
"COK-BEN-05-05","BEN","백엔드·데이터","백엔드 개발자","마이그레이션 적용","배포 직후","manuals/ben/COK-BEN-05-05.md"
"COK-BEN-05-06","BEN","백엔드·데이터","백엔드 개발자","마이그레이션 적용","장애 발생","manuals/ben/COK-BEN-05-06.md"
"COK-BEN-05-07","BEN","백엔드·데이터","백엔드 개발자","마이그레이션 적용","보안 의심","manuals/ben/COK-BEN-05-07.md"
"COK-BEN-05-08","BEN","백엔드·데이터","백엔드 개발자","마이그레이션 적용","개인정보 포함 가능성","manuals/ben/COK-BEN-05-08.md"
"COK-BEN-05-09","BEN","백엔드·데이터","백엔드 개발자","마이그레이션 적용","파일럿 진행","manuals/ben/COK-BEN-05-09.md"
"COK-BEN-05-10","BEN","백엔드·데이터","백엔드 개발자","마이그레이션 적용","월간 회고","manuals/ben/COK-BEN-05-10.md"
"COK-BEN-06-01","BEN","백엔드·데이터","백엔드 개발자","데이터 조회 점검","정기 점검","manuals/ben/COK-BEN-06-01.md"
"COK-BEN-06-02","BEN","백엔드·데이터","백엔드 개발자","데이터 조회 점검","신규 요청","manuals/ben/COK-BEN-06-02.md"
"COK-BEN-06-03","BEN","백엔드·데이터","백엔드 개발자","데이터 조회 점검","실사용자 신고","manuals/ben/COK-BEN-06-03.md"
"COK-BEN-06-04","BEN","백엔드·데이터","백엔드 개발자","데이터 조회 점검","배포 직전","manuals/ben/COK-BEN-06-04.md"
"COK-BEN-06-05","BEN","백엔드·데이터","백엔드 개발자","데이터 조회 점검","배포 직후","manuals/ben/COK-BEN-06-05.md"
"COK-BEN-06-06","BEN","백엔드·데이터","백엔드 개발자","데이터 조회 점검","장애 발생","manuals/ben/COK-BEN-06-06.md"
"COK-BEN-06-07","BEN","백엔드·데이터","백엔드 개발자","데이터 조회 점검","보안 의심","manuals/ben/COK-BEN-06-07.md"
"COK-BEN-06-08","BEN","백엔드·데이터","백엔드 개발자","데이터 조회 점검","개인정보 포함 가능성","manuals/ben/COK-BEN-06-08.md"
"COK-BEN-06-09","BEN","백엔드·데이터","백엔드 개발자","데이터 조회 점검","파일럿 진행","manuals/ben/COK-BEN-06-09.md"
"COK-BEN-06-10","BEN","백엔드·데이터","백엔드 개발자","데이터 조회 점검","월간 회고","manuals/ben/COK-BEN-06-10.md"
"COK-BEN-07-01","BEN","백엔드·데이터","백엔드 개발자","데이터 삭제 작업","정기 점검","manuals/ben/COK-BEN-07-01.md"
"COK-BEN-07-02","BEN","백엔드·데이터","백엔드 개발자","데이터 삭제 작업","신규 요청","manuals/ben/COK-BEN-07-02.md"
"COK-BEN-07-03","BEN","백엔드·데이터","백엔드 개발자","데이터 삭제 작업","실사용자 신고","manuals/ben/COK-BEN-07-03.md"
"COK-BEN-07-04","BEN","백엔드·데이터","백엔드 개발자","데이터 삭제 작업","배포 직전","manuals/ben/COK-BEN-07-04.md"
"COK-BEN-07-05","BEN","백엔드·데이터","백엔드 개발자","데이터 삭제 작업","배포 직후","manuals/ben/COK-BEN-07-05.md"
"COK-BEN-07-06","BEN","백엔드·데이터","백엔드 개발자","데이터 삭제 작업","장애 발생","manuals/ben/COK-BEN-07-06.md"
"COK-BEN-07-07","BEN","백엔드·데이터","백엔드 개발자","데이터 삭제 작업","보안 의심","manuals/ben/COK-BEN-07-07.md"
"COK-BEN-07-08","BEN","백엔드·데이터","백엔드 개발자","데이터 삭제 작업","개인정보 포함 가능성","manuals/ben/COK-BEN-07-08.md"
"COK-BEN-07-09","BEN","백엔드·데이터","백엔드 개발자","데이터 삭제 작업","파일럿 진행","manuals/ben/COK-BEN-07-09.md"
"COK-BEN-07-10","BEN","백엔드·데이터","백엔드 개발자","데이터 삭제 작업","월간 회고","manuals/ben/COK-BEN-07-10.md"
"COK-BEN-08-01","BEN","백엔드·데이터","백엔드 개발자","알림 데이터 처리","정기 점검","manuals/ben/COK-BEN-08-01.md"
"COK-BEN-08-02","BEN","백엔드·데이터","백엔드 개발자","알림 데이터 처리","신규 요청","manuals/ben/COK-BEN-08-02.md"
"COK-BEN-08-03","BEN","백엔드·데이터","백엔드 개발자","알림 데이터 처리","실사용자 신고","manuals/ben/COK-BEN-08-03.md"
"COK-BEN-08-04","BEN","백엔드·데이터","백엔드 개발자","알림 데이터 처리","배포 직전","manuals/ben/COK-BEN-08-04.md"
"COK-BEN-08-05","BEN","백엔드·데이터","백엔드 개발자","알림 데이터 처리","배포 직후","manuals/ben/COK-BEN-08-05.md"
"COK-BEN-08-06","BEN","백엔드·데이터","백엔드 개발자","알림 데이터 처리","장애 발생","manuals/ben/COK-BEN-08-06.md"
"COK-BEN-08-07","BEN","백엔드·데이터","백엔드 개발자","알림 데이터 처리","보안 의심","manuals/ben/COK-BEN-08-07.md"
"COK-BEN-08-08","BEN","백엔드·데이터","백엔드 개발자","알림 데이터 처리","개인정보 포함 가능성","manuals/ben/COK-BEN-08-08.md"
"COK-BEN-08-09","BEN","백엔드·데이터","백엔드 개발자","알림 데이터 처리","파일럿 진행","manuals/ben/COK-BEN-08-09.md"
"COK-BEN-08-10","BEN","백엔드·데이터","백엔드 개발자","알림 데이터 처리","월간 회고","manuals/ben/COK-BEN-08-10.md"
"COK-BEN-09-01","BEN","백엔드·데이터","백엔드 개발자","성능 병목 점검","정기 점검","manuals/ben/COK-BEN-09-01.md"
"COK-BEN-09-02","BEN","백엔드·데이터","백엔드 개발자","성능 병목 점검","신규 요청","manuals/ben/COK-BEN-09-02.md"
"COK-BEN-09-03","BEN","백엔드·데이터","백엔드 개발자","성능 병목 점검","실사용자 신고","manuals/ben/COK-BEN-09-03.md"
"COK-BEN-09-04","BEN","백엔드·데이터","백엔드 개발자","성능 병목 점검","배포 직전","manuals/ben/COK-BEN-09-04.md"
"COK-BEN-09-05","BEN","백엔드·데이터","백엔드 개발자","성능 병목 점검","배포 직후","manuals/ben/COK-BEN-09-05.md"
"COK-BEN-09-06","BEN","백엔드·데이터","백엔드 개발자","성능 병목 점검","장애 발생","manuals/ben/COK-BEN-09-06.md"
"COK-BEN-09-07","BEN","백엔드·데이터","백엔드 개발자","성능 병목 점검","보안 의심","manuals/ben/COK-BEN-09-07.md"
"COK-BEN-09-08","BEN","백엔드·데이터","백엔드 개발자","성능 병목 점검","개인정보 포함 가능성","manuals/ben/COK-BEN-09-08.md"
"COK-BEN-09-09","BEN","백엔드·데이터","백엔드 개발자","성능 병목 점검","파일럿 진행","manuals/ben/COK-BEN-09-09.md"
"COK-BEN-09-10","BEN","백엔드·데이터","백엔드 개발자","성능 병목 점검","월간 회고","manuals/ben/COK-BEN-09-10.md"
"COK-BEN-10-01","BEN","백엔드·데이터","백엔드 개발자","서버 장애 복구","정기 점검","manuals/ben/COK-BEN-10-01.md"
"COK-BEN-10-02","BEN","백엔드·데이터","백엔드 개발자","서버 장애 복구","신규 요청","manuals/ben/COK-BEN-10-02.md"
"COK-BEN-10-03","BEN","백엔드·데이터","백엔드 개발자","서버 장애 복구","실사용자 신고","manuals/ben/COK-BEN-10-03.md"
"COK-BEN-10-04","BEN","백엔드·데이터","백엔드 개발자","서버 장애 복구","배포 직전","manuals/ben/COK-BEN-10-04.md"
"COK-BEN-10-05","BEN","백엔드·데이터","백엔드 개발자","서버 장애 복구","배포 직후","manuals/ben/COK-BEN-10-05.md"
"COK-BEN-10-06","BEN","백엔드·데이터","백엔드 개발자","서버 장애 복구","장애 발생","manuals/ben/COK-BEN-10-06.md"
"COK-BEN-10-07","BEN","백엔드·데이터","백엔드 개발자","서버 장애 복구","보안 의심","manuals/ben/COK-BEN-10-07.md"
"COK-BEN-10-08","BEN","백엔드·데이터","백엔드 개발자","서버 장애 복구","개인정보 포함 가능성","manuals/ben/COK-BEN-10-08.md"
"COK-BEN-10-09","BEN","백엔드·데이터","백엔드 개발자","서버 장애 복구","파일럿 진행","manuals/ben/COK-BEN-10-09.md"
"COK-BEN-10-10","BEN","백엔드·데이터","백엔드 개발자","서버 장애 복구","월간 회고","manuals/ben/COK-BEN-10-10.md"
"COK-SEC-01-01","SEC","보안·암호화·키","보안 담당자","키 생성 점검","정기 점검","manuals/sec/COK-SEC-01-01.md"
"COK-SEC-01-02","SEC","보안·암호화·키","보안 담당자","키 생성 점검","신규 요청","manuals/sec/COK-SEC-01-02.md"
"COK-SEC-01-03","SEC","보안·암호화·키","보안 담당자","키 생성 점검","실사용자 신고","manuals/sec/COK-SEC-01-03.md"
"COK-SEC-01-04","SEC","보안·암호화·키","보안 담당자","키 생성 점검","배포 직전","manuals/sec/COK-SEC-01-04.md"
"COK-SEC-01-05","SEC","보안·암호화·키","보안 담당자","키 생성 점검","배포 직후","manuals/sec/COK-SEC-01-05.md"
"COK-SEC-01-06","SEC","보안·암호화·키","보안 담당자","키 생성 점검","장애 발생","manuals/sec/COK-SEC-01-06.md"
"COK-SEC-01-07","SEC","보안·암호화·키","보안 담당자","키 생성 점검","보안 의심","manuals/sec/COK-SEC-01-07.md"
"COK-SEC-01-08","SEC","보안·암호화·키","보안 담당자","키 생성 점검","개인정보 포함 가능성","manuals/sec/COK-SEC-01-08.md"
"COK-SEC-01-09","SEC","보안·암호화·키","보안 담당자","키 생성 점검","파일럿 진행","manuals/sec/COK-SEC-01-09.md"
"COK-SEC-01-10","SEC","보안·암호화·키","보안 담당자","키 생성 점검","월간 회고","manuals/sec/COK-SEC-01-10.md"
"COK-SEC-02-01","SEC","보안·암호화·키","보안 담당자","키 백업 생성","정기 점검","manuals/sec/COK-SEC-02-01.md"
"COK-SEC-02-02","SEC","보안·암호화·키","보안 담당자","키 백업 생성","신규 요청","manuals/sec/COK-SEC-02-02.md"
"COK-SEC-02-03","SEC","보안·암호화·키","보안 담당자","키 백업 생성","실사용자 신고","manuals/sec/COK-SEC-02-03.md"
"COK-SEC-02-04","SEC","보안·암호화·키","보안 담당자","키 백업 생성","배포 직전","manuals/sec/COK-SEC-02-04.md"
"COK-SEC-02-05","SEC","보안·암호화·키","보안 담당자","키 백업 생성","배포 직후","manuals/sec/COK-SEC-02-05.md"
"COK-SEC-02-06","SEC","보안·암호화·키","보안 담당자","키 백업 생성","장애 발생","manuals/sec/COK-SEC-02-06.md"
"COK-SEC-02-07","SEC","보안·암호화·키","보안 담당자","키 백업 생성","보안 의심","manuals/sec/COK-SEC-02-07.md"
"COK-SEC-02-08","SEC","보안·암호화·키","보안 담당자","키 백업 생성","개인정보 포함 가능성","manuals/sec/COK-SEC-02-08.md"
"COK-SEC-02-09","SEC","보안·암호화·키","보안 담당자","키 백업 생성","파일럿 진행","manuals/sec/COK-SEC-02-09.md"
"COK-SEC-02-10","SEC","보안·암호화·키","보안 담당자","키 백업 생성","월간 회고","manuals/sec/COK-SEC-02-10.md"
"COK-SEC-03-01","SEC","보안·암호화·키","보안 담당자","키 복구 테스트","정기 점검","manuals/sec/COK-SEC-03-01.md"
"COK-SEC-03-02","SEC","보안·암호화·키","보안 담당자","키 복구 테스트","신규 요청","manuals/sec/COK-SEC-03-02.md"
"COK-SEC-03-03","SEC","보안·암호화·키","보안 담당자","키 복구 테스트","실사용자 신고","manuals/sec/COK-SEC-03-03.md"
"COK-SEC-03-04","SEC","보안·암호화·키","보안 담당자","키 복구 테스트","배포 직전","manuals/sec/COK-SEC-03-04.md"
"COK-SEC-03-05","SEC","보안·암호화·키","보안 담당자","키 복구 테스트","배포 직후","manuals/sec/COK-SEC-03-05.md"
"COK-SEC-03-06","SEC","보안·암호화·키","보안 담당자","키 복구 테스트","장애 발생","manuals/sec/COK-SEC-03-06.md"
"COK-SEC-03-07","SEC","보안·암호화·키","보안 담당자","키 복구 테스트","보안 의심","manuals/sec/COK-SEC-03-07.md"
"COK-SEC-03-08","SEC","보안·암호화·키","보안 담당자","키 복구 테스트","개인정보 포함 가능성","manuals/sec/COK-SEC-03-08.md"
"COK-SEC-03-09","SEC","보안·암호화·키","보안 담당자","키 복구 테스트","파일럿 진행","manuals/sec/COK-SEC-03-09.md"
"COK-SEC-03-10","SEC","보안·암호화·키","보안 담당자","키 복구 테스트","월간 회고","manuals/sec/COK-SEC-03-10.md"
"COK-SEC-04-01","SEC","보안·암호화·키","보안 담당자","기기 교체 안내","정기 점검","manuals/sec/COK-SEC-04-01.md"
"COK-SEC-04-02","SEC","보안·암호화·키","보안 담당자","기기 교체 안내","신규 요청","manuals/sec/COK-SEC-04-02.md"
"COK-SEC-04-03","SEC","보안·암호화·키","보안 담당자","기기 교체 안내","실사용자 신고","manuals/sec/COK-SEC-04-03.md"
"COK-SEC-04-04","SEC","보안·암호화·키","보안 담당자","기기 교체 안내","배포 직전","manuals/sec/COK-SEC-04-04.md"
"COK-SEC-04-05","SEC","보안·암호화·키","보안 담당자","기기 교체 안내","배포 직후","manuals/sec/COK-SEC-04-05.md"
"COK-SEC-04-06","SEC","보안·암호화·키","보안 담당자","기기 교체 안내","장애 발생","manuals/sec/COK-SEC-04-06.md"
"COK-SEC-04-07","SEC","보안·암호화·키","보안 담당자","기기 교체 안내","보안 의심","manuals/sec/COK-SEC-04-07.md"
"COK-SEC-04-08","SEC","보안·암호화·키","보안 담당자","기기 교체 안내","개인정보 포함 가능성","manuals/sec/COK-SEC-04-08.md"
"COK-SEC-04-09","SEC","보안·암호화·키","보안 담당자","기기 교체 안내","파일럿 진행","manuals/sec/COK-SEC-04-09.md"
"COK-SEC-04-10","SEC","보안·암호화·키","보안 담당자","기기 교체 안내","월간 회고","manuals/sec/COK-SEC-04-10.md"
"COK-SEC-05-01","SEC","보안·암호화·키","보안 담당자","키 불일치 대응","정기 점검","manuals/sec/COK-SEC-05-01.md"
"COK-SEC-05-02","SEC","보안·암호화·키","보안 담당자","키 불일치 대응","신규 요청","manuals/sec/COK-SEC-05-02.md"
"COK-SEC-05-03","SEC","보안·암호화·키","보안 담당자","키 불일치 대응","실사용자 신고","manuals/sec/COK-SEC-05-03.md"
"COK-SEC-05-04","SEC","보안·암호화·키","보안 담당자","키 불일치 대응","배포 직전","manuals/sec/COK-SEC-05-04.md"
"COK-SEC-05-05","SEC","보안·암호화·키","보안 담당자","키 불일치 대응","배포 직후","manuals/sec/COK-SEC-05-05.md"
"COK-SEC-05-06","SEC","보안·암호화·키","보안 담당자","키 불일치 대응","장애 발생","manuals/sec/COK-SEC-05-06.md"
"COK-SEC-05-07","SEC","보안·암호화·키","보안 담당자","키 불일치 대응","보안 의심","manuals/sec/COK-SEC-05-07.md"
"COK-SEC-05-08","SEC","보안·암호화·키","보안 담당자","키 불일치 대응","개인정보 포함 가능성","manuals/sec/COK-SEC-05-08.md"
"COK-SEC-05-09","SEC","보안·암호화·키","보안 담당자","키 불일치 대응","파일럿 진행","manuals/sec/COK-SEC-05-09.md"
"COK-SEC-05-10","SEC","보안·암호화·키","보안 담당자","키 불일치 대응","월간 회고","manuals/sec/COK-SEC-05-10.md"
"COK-SEC-06-01","SEC","보안·암호화·키","보안 담당자","취약점 제보 처리","정기 점검","manuals/sec/COK-SEC-06-01.md"
"COK-SEC-06-02","SEC","보안·암호화·키","보안 담당자","취약점 제보 처리","신규 요청","manuals/sec/COK-SEC-06-02.md"
"COK-SEC-06-03","SEC","보안·암호화·키","보안 담당자","취약점 제보 처리","실사용자 신고","manuals/sec/COK-SEC-06-03.md"
"COK-SEC-06-04","SEC","보안·암호화·키","보안 담당자","취약점 제보 처리","배포 직전","manuals/sec/COK-SEC-06-04.md"
"COK-SEC-06-05","SEC","보안·암호화·키","보안 담당자","취약점 제보 처리","배포 직후","manuals/sec/COK-SEC-06-05.md"
"COK-SEC-06-06","SEC","보안·암호화·키","보안 담당자","취약점 제보 처리","장애 발생","manuals/sec/COK-SEC-06-06.md"
"COK-SEC-06-07","SEC","보안·암호화·키","보안 담당자","취약점 제보 처리","보안 의심","manuals/sec/COK-SEC-06-07.md"
"COK-SEC-06-08","SEC","보안·암호화·키","보안 담당자","취약점 제보 처리","개인정보 포함 가능성","manuals/sec/COK-SEC-06-08.md"
"COK-SEC-06-09","SEC","보안·암호화·키","보안 담당자","취약점 제보 처리","파일럿 진행","manuals/sec/COK-SEC-06-09.md"
"COK-SEC-06-10","SEC","보안·암호화·키","보안 담당자","취약점 제보 처리","월간 회고","manuals/sec/COK-SEC-06-10.md"
"COK-SEC-07-01","SEC","보안·암호화·키","보안 담당자","보안 사건 분류","정기 점검","manuals/sec/COK-SEC-07-01.md"
"COK-SEC-07-02","SEC","보안·암호화·키","보안 담당자","보안 사건 분류","신규 요청","manuals/sec/COK-SEC-07-02.md"
"COK-SEC-07-03","SEC","보안·암호화·키","보안 담당자","보안 사건 분류","실사용자 신고","manuals/sec/COK-SEC-07-03.md"
"COK-SEC-07-04","SEC","보안·암호화·키","보안 담당자","보안 사건 분류","배포 직전","manuals/sec/COK-SEC-07-04.md"
"COK-SEC-07-05","SEC","보안·암호화·키","보안 담당자","보안 사건 분류","배포 직후","manuals/sec/COK-SEC-07-05.md"
"COK-SEC-07-06","SEC","보안·암호화·키","보안 담당자","보안 사건 분류","장애 발생","manuals/sec/COK-SEC-07-06.md"
"COK-SEC-07-07","SEC","보안·암호화·키","보안 담당자","보안 사건 분류","보안 의심","manuals/sec/COK-SEC-07-07.md"
"COK-SEC-07-08","SEC","보안·암호화·키","보안 담당자","보안 사건 분류","개인정보 포함 가능성","manuals/sec/COK-SEC-07-08.md"
"COK-SEC-07-09","SEC","보안·암호화·키","보안 담당자","보안 사건 분류","파일럿 진행","manuals/sec/COK-SEC-07-09.md"
"COK-SEC-07-10","SEC","보안·암호화·키","보안 담당자","보안 사건 분류","월간 회고","manuals/sec/COK-SEC-07-10.md"
"COK-SEC-08-01","SEC","보안·암호화·키","보안 담당자","비밀값 교체","정기 점검","manuals/sec/COK-SEC-08-01.md"
"COK-SEC-08-02","SEC","보안·암호화·키","보안 담당자","비밀값 교체","신규 요청","manuals/sec/COK-SEC-08-02.md"
"COK-SEC-08-03","SEC","보안·암호화·키","보안 담당자","비밀값 교체","실사용자 신고","manuals/sec/COK-SEC-08-03.md"
"COK-SEC-08-04","SEC","보안·암호화·키","보안 담당자","비밀값 교체","배포 직전","manuals/sec/COK-SEC-08-04.md"
"COK-SEC-08-05","SEC","보안·암호화·키","보안 담당자","비밀값 교체","배포 직후","manuals/sec/COK-SEC-08-05.md"
"COK-SEC-08-06","SEC","보안·암호화·키","보안 담당자","비밀값 교체","장애 발생","manuals/sec/COK-SEC-08-06.md"
"COK-SEC-08-07","SEC","보안·암호화·키","보안 담당자","비밀값 교체","보안 의심","manuals/sec/COK-SEC-08-07.md"
"COK-SEC-08-08","SEC","보안·암호화·키","보안 담당자","비밀값 교체","개인정보 포함 가능성","manuals/sec/COK-SEC-08-08.md"
"COK-SEC-08-09","SEC","보안·암호화·키","보안 담당자","비밀값 교체","파일럿 진행","manuals/sec/COK-SEC-08-09.md"
"COK-SEC-08-10","SEC","보안·암호화·키","보안 담당자","비밀값 교체","월간 회고","manuals/sec/COK-SEC-08-10.md"
"COK-SEC-09-01","SEC","보안·암호화·키","보안 담당자","권한 최소화 점검","정기 점검","manuals/sec/COK-SEC-09-01.md"
"COK-SEC-09-02","SEC","보안·암호화·키","보안 담당자","권한 최소화 점검","신규 요청","manuals/sec/COK-SEC-09-02.md"
"COK-SEC-09-03","SEC","보안·암호화·키","보안 담당자","권한 최소화 점검","실사용자 신고","manuals/sec/COK-SEC-09-03.md"
"COK-SEC-09-04","SEC","보안·암호화·키","보안 담당자","권한 최소화 점검","배포 직전","manuals/sec/COK-SEC-09-04.md"
"COK-SEC-09-05","SEC","보안·암호화·키","보안 담당자","권한 최소화 점검","배포 직후","manuals/sec/COK-SEC-09-05.md"
"COK-SEC-09-06","SEC","보안·암호화·키","보안 담당자","권한 최소화 점검","장애 발생","manuals/sec/COK-SEC-09-06.md"
"COK-SEC-09-07","SEC","보안·암호화·키","보안 담당자","권한 최소화 점검","보안 의심","manuals/sec/COK-SEC-09-07.md"
"COK-SEC-09-08","SEC","보안·암호화·키","보안 담당자","권한 최소화 점검","개인정보 포함 가능성","manuals/sec/COK-SEC-09-08.md"
"COK-SEC-09-09","SEC","보안·암호화·키","보안 담당자","권한 최소화 점검","파일럿 진행","manuals/sec/COK-SEC-09-09.md"
"COK-SEC-09-10","SEC","보안·암호화·키","보안 담당자","권한 최소화 점검","월간 회고","manuals/sec/COK-SEC-09-10.md"
"COK-SEC-10-01","SEC","보안·암호화·키","보안 담당자","암호화 회귀 점검","정기 점검","manuals/sec/COK-SEC-10-01.md"
"COK-SEC-10-02","SEC","보안·암호화·키","보안 담당자","암호화 회귀 점검","신규 요청","manuals/sec/COK-SEC-10-02.md"
"COK-SEC-10-03","SEC","보안·암호화·키","보안 담당자","암호화 회귀 점검","실사용자 신고","manuals/sec/COK-SEC-10-03.md"
"COK-SEC-10-04","SEC","보안·암호화·키","보안 담당자","암호화 회귀 점검","배포 직전","manuals/sec/COK-SEC-10-04.md"
"COK-SEC-10-05","SEC","보안·암호화·키","보안 담당자","암호화 회귀 점검","배포 직후","manuals/sec/COK-SEC-10-05.md"
"COK-SEC-10-06","SEC","보안·암호화·키","보안 담당자","암호화 회귀 점검","장애 발생","manuals/sec/COK-SEC-10-06.md"
"COK-SEC-10-07","SEC","보안·암호화·키","보안 담당자","암호화 회귀 점검","보안 의심","manuals/sec/COK-SEC-10-07.md"
"COK-SEC-10-08","SEC","보안·암호화·키","보안 담당자","암호화 회귀 점검","개인정보 포함 가능성","manuals/sec/COK-SEC-10-08.md"
"COK-SEC-10-09","SEC","보안·암호화·키","보안 담당자","암호화 회귀 점검","파일럿 진행","manuals/sec/COK-SEC-10-09.md"
"COK-SEC-10-10","SEC","보안·암호화·키","보안 담당자","암호화 회귀 점검","월간 회고","manuals/sec/COK-SEC-10-10.md"
"COK-QAT-01-01","QAT","품질·테스트","QA 엔지니어","스모크 테스트","정기 점검","manuals/qat/COK-QAT-01-01.md"
"COK-QAT-01-02","QAT","품질·테스트","QA 엔지니어","스모크 테스트","신규 요청","manuals/qat/COK-QAT-01-02.md"
"COK-QAT-01-03","QAT","품질·테스트","QA 엔지니어","스모크 테스트","실사용자 신고","manuals/qat/COK-QAT-01-03.md"
"COK-QAT-01-04","QAT","품질·테스트","QA 엔지니어","스모크 테스트","배포 직전","manuals/qat/COK-QAT-01-04.md"
"COK-QAT-01-05","QAT","품질·테스트","QA 엔지니어","스모크 테스트","배포 직후","manuals/qat/COK-QAT-01-05.md"
"COK-QAT-01-06","QAT","품질·테스트","QA 엔지니어","스모크 테스트","장애 발생","manuals/qat/COK-QAT-01-06.md"
"COK-QAT-01-07","QAT","품질·테스트","QA 엔지니어","스모크 테스트","보안 의심","manuals/qat/COK-QAT-01-07.md"
"COK-QAT-01-08","QAT","품질·테스트","QA 엔지니어","스모크 테스트","개인정보 포함 가능성","manuals/qat/COK-QAT-01-08.md"
"COK-QAT-01-09","QAT","품질·테스트","QA 엔지니어","스모크 테스트","파일럿 진행","manuals/qat/COK-QAT-01-09.md"
"COK-QAT-01-10","QAT","품질·테스트","QA 엔지니어","스모크 테스트","월간 회고","manuals/qat/COK-QAT-01-10.md"
"COK-QAT-02-01","QAT","품질·테스트","QA 엔지니어","응답 제출 테스트","정기 점검","manuals/qat/COK-QAT-02-01.md"
"COK-QAT-02-02","QAT","품질·테스트","QA 엔지니어","응답 제출 테스트","신규 요청","manuals/qat/COK-QAT-02-02.md"
"COK-QAT-02-03","QAT","품질·테스트","QA 엔지니어","응답 제출 테스트","실사용자 신고","manuals/qat/COK-QAT-02-03.md"
"COK-QAT-02-04","QAT","품질·테스트","QA 엔지니어","응답 제출 테스트","배포 직전","manuals/qat/COK-QAT-02-04.md"
"COK-QAT-02-05","QAT","품질·테스트","QA 엔지니어","응답 제출 테스트","배포 직후","manuals/qat/COK-QAT-02-05.md"
"COK-QAT-02-06","QAT","품질·테스트","QA 엔지니어","응답 제출 테스트","장애 발생","manuals/qat/COK-QAT-02-06.md"
"COK-QAT-02-07","QAT","품질·테스트","QA 엔지니어","응답 제출 테스트","보안 의심","manuals/qat/COK-QAT-02-07.md"
"COK-QAT-02-08","QAT","품질·테스트","QA 엔지니어","응답 제출 테스트","개인정보 포함 가능성","manuals/qat/COK-QAT-02-08.md"
"COK-QAT-02-09","QAT","품질·테스트","QA 엔지니어","응답 제출 테스트","파일럿 진행","manuals/qat/COK-QAT-02-09.md"
"COK-QAT-02-10","QAT","품질·테스트","QA 엔지니어","응답 제출 테스트","월간 회고","manuals/qat/COK-QAT-02-10.md"
"COK-QAT-03-01","QAT","품질·테스트","QA 엔지니어","폼 생성 테스트","정기 점검","manuals/qat/COK-QAT-03-01.md"
"COK-QAT-03-02","QAT","품질·테스트","QA 엔지니어","폼 생성 테스트","신규 요청","manuals/qat/COK-QAT-03-02.md"
"COK-QAT-03-03","QAT","품질·테스트","QA 엔지니어","폼 생성 테스트","실사용자 신고","manuals/qat/COK-QAT-03-03.md"
"COK-QAT-03-04","QAT","품질·테스트","QA 엔지니어","폼 생성 테스트","배포 직전","manuals/qat/COK-QAT-03-04.md"
"COK-QAT-03-05","QAT","품질·테스트","QA 엔지니어","폼 생성 테스트","배포 직후","manuals/qat/COK-QAT-03-05.md"
"COK-QAT-03-06","QAT","품질·테스트","QA 엔지니어","폼 생성 테스트","장애 발생","manuals/qat/COK-QAT-03-06.md"
"COK-QAT-03-07","QAT","품질·테스트","QA 엔지니어","폼 생성 테스트","보안 의심","manuals/qat/COK-QAT-03-07.md"
"COK-QAT-03-08","QAT","품질·테스트","QA 엔지니어","폼 생성 테스트","개인정보 포함 가능성","manuals/qat/COK-QAT-03-08.md"
"COK-QAT-03-09","QAT","품질·테스트","QA 엔지니어","폼 생성 테스트","파일럿 진행","manuals/qat/COK-QAT-03-09.md"
"COK-QAT-03-10","QAT","품질·테스트","QA 엔지니어","폼 생성 테스트","월간 회고","manuals/qat/COK-QAT-03-10.md"
"COK-QAT-04-01","QAT","품질·테스트","QA 엔지니어","복구 흐름 테스트","정기 점검","manuals/qat/COK-QAT-04-01.md"
"COK-QAT-04-02","QAT","품질·테스트","QA 엔지니어","복구 흐름 테스트","신규 요청","manuals/qat/COK-QAT-04-02.md"
"COK-QAT-04-03","QAT","품질·테스트","QA 엔지니어","복구 흐름 테스트","실사용자 신고","manuals/qat/COK-QAT-04-03.md"
"COK-QAT-04-04","QAT","품질·테스트","QA 엔지니어","복구 흐름 테스트","배포 직전","manuals/qat/COK-QAT-04-04.md"
"COK-QAT-04-05","QAT","품질·테스트","QA 엔지니어","복구 흐름 테스트","배포 직후","manuals/qat/COK-QAT-04-05.md"
"COK-QAT-04-06","QAT","품질·테스트","QA 엔지니어","복구 흐름 테스트","장애 발생","manuals/qat/COK-QAT-04-06.md"
"COK-QAT-04-07","QAT","품질·테스트","QA 엔지니어","복구 흐름 테스트","보안 의심","manuals/qat/COK-QAT-04-07.md"
"COK-QAT-04-08","QAT","품질·테스트","QA 엔지니어","복구 흐름 테스트","개인정보 포함 가능성","manuals/qat/COK-QAT-04-08.md"
"COK-QAT-04-09","QAT","품질·테스트","QA 엔지니어","복구 흐름 테스트","파일럿 진행","manuals/qat/COK-QAT-04-09.md"
"COK-QAT-04-10","QAT","품질·테스트","QA 엔지니어","복구 흐름 테스트","월간 회고","manuals/qat/COK-QAT-04-10.md"
"COK-QAT-05-01","QAT","품질·테스트","QA 엔지니어","모바일 테스트","정기 점검","manuals/qat/COK-QAT-05-01.md"
"COK-QAT-05-02","QAT","품질·테스트","QA 엔지니어","모바일 테스트","신규 요청","manuals/qat/COK-QAT-05-02.md"
"COK-QAT-05-03","QAT","품질·테스트","QA 엔지니어","모바일 테스트","실사용자 신고","manuals/qat/COK-QAT-05-03.md"
"COK-QAT-05-04","QAT","품질·테스트","QA 엔지니어","모바일 테스트","배포 직전","manuals/qat/COK-QAT-05-04.md"
"COK-QAT-05-05","QAT","품질·테스트","QA 엔지니어","모바일 테스트","배포 직후","manuals/qat/COK-QAT-05-05.md"
"COK-QAT-05-06","QAT","품질·테스트","QA 엔지니어","모바일 테스트","장애 발생","manuals/qat/COK-QAT-05-06.md"
"COK-QAT-05-07","QAT","품질·테스트","QA 엔지니어","모바일 테스트","보안 의심","manuals/qat/COK-QAT-05-07.md"
"COK-QAT-05-08","QAT","품질·테스트","QA 엔지니어","모바일 테스트","개인정보 포함 가능성","manuals/qat/COK-QAT-05-08.md"
"COK-QAT-05-09","QAT","품질·테스트","QA 엔지니어","모바일 테스트","파일럿 진행","manuals/qat/COK-QAT-05-09.md"
"COK-QAT-05-10","QAT","품질·테스트","QA 엔지니어","모바일 테스트","월간 회고","manuals/qat/COK-QAT-05-10.md"
"COK-QAT-06-01","QAT","품질·테스트","QA 엔지니어","브라우저 호환성","정기 점검","manuals/qat/COK-QAT-06-01.md"
"COK-QAT-06-02","QAT","품질·테스트","QA 엔지니어","브라우저 호환성","신규 요청","manuals/qat/COK-QAT-06-02.md"
"COK-QAT-06-03","QAT","품질·테스트","QA 엔지니어","브라우저 호환성","실사용자 신고","manuals/qat/COK-QAT-06-03.md"
"COK-QAT-06-04","QAT","품질·테스트","QA 엔지니어","브라우저 호환성","배포 직전","manuals/qat/COK-QAT-06-04.md"
"COK-QAT-06-05","QAT","품질·테스트","QA 엔지니어","브라우저 호환성","배포 직후","manuals/qat/COK-QAT-06-05.md"
"COK-QAT-06-06","QAT","품질·테스트","QA 엔지니어","브라우저 호환성","장애 발생","manuals/qat/COK-QAT-06-06.md"
"COK-QAT-06-07","QAT","품질·테스트","QA 엔지니어","브라우저 호환성","보안 의심","manuals/qat/COK-QAT-06-07.md"
"COK-QAT-06-08","QAT","품질·테스트","QA 엔지니어","브라우저 호환성","개인정보 포함 가능성","manuals/qat/COK-QAT-06-08.md"
"COK-QAT-06-09","QAT","품질·테스트","QA 엔지니어","브라우저 호환성","파일럿 진행","manuals/qat/COK-QAT-06-09.md"
"COK-QAT-06-10","QAT","품질·테스트","QA 엔지니어","브라우저 호환성","월간 회고","manuals/qat/COK-QAT-06-10.md"
"COK-QAT-07-01","QAT","품질·테스트","QA 엔지니어","오류 재현","정기 점검","manuals/qat/COK-QAT-07-01.md"
"COK-QAT-07-02","QAT","품질·테스트","QA 엔지니어","오류 재현","신규 요청","manuals/qat/COK-QAT-07-02.md"
"COK-QAT-07-03","QAT","품질·테스트","QA 엔지니어","오류 재현","실사용자 신고","manuals/qat/COK-QAT-07-03.md"
"COK-QAT-07-04","QAT","품질·테스트","QA 엔지니어","오류 재현","배포 직전","manuals/qat/COK-QAT-07-04.md"
"COK-QAT-07-05","QAT","품질·테스트","QA 엔지니어","오류 재현","배포 직후","manuals/qat/COK-QAT-07-05.md"
"COK-QAT-07-06","QAT","품질·테스트","QA 엔지니어","오류 재현","장애 발생","manuals/qat/COK-QAT-07-06.md"
"COK-QAT-07-07","QAT","품질·테스트","QA 엔지니어","오류 재현","보안 의심","manuals/qat/COK-QAT-07-07.md"
"COK-QAT-07-08","QAT","품질·테스트","QA 엔지니어","오류 재현","개인정보 포함 가능성","manuals/qat/COK-QAT-07-08.md"
"COK-QAT-07-09","QAT","품질·테스트","QA 엔지니어","오류 재현","파일럿 진행","manuals/qat/COK-QAT-07-09.md"
"COK-QAT-07-10","QAT","품질·테스트","QA 엔지니어","오류 재현","월간 회고","manuals/qat/COK-QAT-07-10.md"
"COK-QAT-08-01","QAT","품질·테스트","QA 엔지니어","회귀 테스트 추가","정기 점검","manuals/qat/COK-QAT-08-01.md"
"COK-QAT-08-02","QAT","품질·테스트","QA 엔지니어","회귀 테스트 추가","신규 요청","manuals/qat/COK-QAT-08-02.md"
"COK-QAT-08-03","QAT","품질·테스트","QA 엔지니어","회귀 테스트 추가","실사용자 신고","manuals/qat/COK-QAT-08-03.md"
"COK-QAT-08-04","QAT","품질·테스트","QA 엔지니어","회귀 테스트 추가","배포 직전","manuals/qat/COK-QAT-08-04.md"
"COK-QAT-08-05","QAT","품질·테스트","QA 엔지니어","회귀 테스트 추가","배포 직후","manuals/qat/COK-QAT-08-05.md"
"COK-QAT-08-06","QAT","품질·테스트","QA 엔지니어","회귀 테스트 추가","장애 발생","manuals/qat/COK-QAT-08-06.md"
"COK-QAT-08-07","QAT","품질·테스트","QA 엔지니어","회귀 테스트 추가","보안 의심","manuals/qat/COK-QAT-08-07.md"
"COK-QAT-08-08","QAT","품질·테스트","QA 엔지니어","회귀 테스트 추가","개인정보 포함 가능성","manuals/qat/COK-QAT-08-08.md"
"COK-QAT-08-09","QAT","품질·테스트","QA 엔지니어","회귀 테스트 추가","파일럿 진행","manuals/qat/COK-QAT-08-09.md"
"COK-QAT-08-10","QAT","품질·테스트","QA 엔지니어","회귀 테스트 추가","월간 회고","manuals/qat/COK-QAT-08-10.md"
"COK-QAT-09-01","QAT","품질·테스트","QA 엔지니어","릴리스 승인","정기 점검","manuals/qat/COK-QAT-09-01.md"
"COK-QAT-09-02","QAT","품질·테스트","QA 엔지니어","릴리스 승인","신규 요청","manuals/qat/COK-QAT-09-02.md"
"COK-QAT-09-03","QAT","품질·테스트","QA 엔지니어","릴리스 승인","실사용자 신고","manuals/qat/COK-QAT-09-03.md"
"COK-QAT-09-04","QAT","품질·테스트","QA 엔지니어","릴리스 승인","배포 직전","manuals/qat/COK-QAT-09-04.md"
"COK-QAT-09-05","QAT","품질·테스트","QA 엔지니어","릴리스 승인","배포 직후","manuals/qat/COK-QAT-09-05.md"
"COK-QAT-09-06","QAT","품질·테스트","QA 엔지니어","릴리스 승인","장애 발생","manuals/qat/COK-QAT-09-06.md"
"COK-QAT-09-07","QAT","품질·테스트","QA 엔지니어","릴리스 승인","보안 의심","manuals/qat/COK-QAT-09-07.md"
"COK-QAT-09-08","QAT","품질·테스트","QA 엔지니어","릴리스 승인","개인정보 포함 가능성","manuals/qat/COK-QAT-09-08.md"
"COK-QAT-09-09","QAT","품질·테스트","QA 엔지니어","릴리스 승인","파일럿 진행","manuals/qat/COK-QAT-09-09.md"
"COK-QAT-09-10","QAT","품질·테스트","QA 엔지니어","릴리스 승인","월간 회고","manuals/qat/COK-QAT-09-10.md"
"COK-QAT-10-01","QAT","품질·테스트","QA 엔지니어","버그 종료 판정","정기 점검","manuals/qat/COK-QAT-10-01.md"
"COK-QAT-10-02","QAT","품질·테스트","QA 엔지니어","버그 종료 판정","신규 요청","manuals/qat/COK-QAT-10-02.md"
"COK-QAT-10-03","QAT","품질·테스트","QA 엔지니어","버그 종료 판정","실사용자 신고","manuals/qat/COK-QAT-10-03.md"
"COK-QAT-10-04","QAT","품질·테스트","QA 엔지니어","버그 종료 판정","배포 직전","manuals/qat/COK-QAT-10-04.md"
"COK-QAT-10-05","QAT","품질·테스트","QA 엔지니어","버그 종료 판정","배포 직후","manuals/qat/COK-QAT-10-05.md"
"COK-QAT-10-06","QAT","품질·테스트","QA 엔지니어","버그 종료 판정","장애 발생","manuals/qat/COK-QAT-10-06.md"
"COK-QAT-10-07","QAT","품질·테스트","QA 엔지니어","버그 종료 판정","보안 의심","manuals/qat/COK-QAT-10-07.md"
"COK-QAT-10-08","QAT","품질·테스트","QA 엔지니어","버그 종료 판정","개인정보 포함 가능성","manuals/qat/COK-QAT-10-08.md"
"COK-QAT-10-09","QAT","품질·테스트","QA 엔지니어","버그 종료 판정","파일럿 진행","manuals/qat/COK-QAT-10-09.md"
"COK-QAT-10-10","QAT","품질·테스트","QA 엔지니어","버그 종료 판정","월간 회고","manuals/qat/COK-QAT-10-10.md"
"COK-OPS-01-01","OPS","배포·운영·장애","SRE·운영 담당자","배포 전 점검","정기 점검","manuals/ops/COK-OPS-01-01.md"
"COK-OPS-01-02","OPS","배포·운영·장애","SRE·운영 담당자","배포 전 점검","신규 요청","manuals/ops/COK-OPS-01-02.md"
"COK-OPS-01-03","OPS","배포·운영·장애","SRE·운영 담당자","배포 전 점검","실사용자 신고","manuals/ops/COK-OPS-01-03.md"
"COK-OPS-01-04","OPS","배포·운영·장애","SRE·운영 담당자","배포 전 점검","배포 직전","manuals/ops/COK-OPS-01-04.md"
"COK-OPS-01-05","OPS","배포·운영·장애","SRE·운영 담당자","배포 전 점검","배포 직후","manuals/ops/COK-OPS-01-05.md"
"COK-OPS-01-06","OPS","배포·운영·장애","SRE·운영 담당자","배포 전 점검","장애 발생","manuals/ops/COK-OPS-01-06.md"
"COK-OPS-01-07","OPS","배포·운영·장애","SRE·운영 담당자","배포 전 점검","보안 의심","manuals/ops/COK-OPS-01-07.md"
"COK-OPS-01-08","OPS","배포·운영·장애","SRE·운영 담당자","배포 전 점검","개인정보 포함 가능성","manuals/ops/COK-OPS-01-08.md"
"COK-OPS-01-09","OPS","배포·운영·장애","SRE·운영 담당자","배포 전 점검","파일럿 진행","manuals/ops/COK-OPS-01-09.md"
"COK-OPS-01-10","OPS","배포·운영·장애","SRE·운영 담당자","배포 전 점검","월간 회고","manuals/ops/COK-OPS-01-10.md"
"COK-OPS-02-01","OPS","배포·운영·장애","SRE·운영 담당자","배포 상태 확인","정기 점검","manuals/ops/COK-OPS-02-01.md"
"COK-OPS-02-02","OPS","배포·운영·장애","SRE·운영 담당자","배포 상태 확인","신규 요청","manuals/ops/COK-OPS-02-02.md"
"COK-OPS-02-03","OPS","배포·운영·장애","SRE·운영 담당자","배포 상태 확인","실사용자 신고","manuals/ops/COK-OPS-02-03.md"
"COK-OPS-02-04","OPS","배포·운영·장애","SRE·운영 담당자","배포 상태 확인","배포 직전","manuals/ops/COK-OPS-02-04.md"
"COK-OPS-02-05","OPS","배포·운영·장애","SRE·운영 담당자","배포 상태 확인","배포 직후","manuals/ops/COK-OPS-02-05.md"
"COK-OPS-02-06","OPS","배포·운영·장애","SRE·운영 담당자","배포 상태 확인","장애 발생","manuals/ops/COK-OPS-02-06.md"
"COK-OPS-02-07","OPS","배포·운영·장애","SRE·운영 담당자","배포 상태 확인","보안 의심","manuals/ops/COK-OPS-02-07.md"
"COK-OPS-02-08","OPS","배포·운영·장애","SRE·운영 담당자","배포 상태 확인","개인정보 포함 가능성","manuals/ops/COK-OPS-02-08.md"
"COK-OPS-02-09","OPS","배포·운영·장애","SRE·운영 담당자","배포 상태 확인","파일럿 진행","manuals/ops/COK-OPS-02-09.md"
"COK-OPS-02-10","OPS","배포·운영·장애","SRE·운영 담당자","배포 상태 확인","월간 회고","manuals/ops/COK-OPS-02-10.md"
"COK-OPS-03-01","OPS","배포·운영·장애","SRE·운영 담당자","배포 실패 대응","정기 점검","manuals/ops/COK-OPS-03-01.md"
"COK-OPS-03-02","OPS","배포·운영·장애","SRE·운영 담당자","배포 실패 대응","신규 요청","manuals/ops/COK-OPS-03-02.md"
"COK-OPS-03-03","OPS","배포·운영·장애","SRE·운영 담당자","배포 실패 대응","실사용자 신고","manuals/ops/COK-OPS-03-03.md"
"COK-OPS-03-04","OPS","배포·운영·장애","SRE·운영 담당자","배포 실패 대응","배포 직전","manuals/ops/COK-OPS-03-04.md"
"COK-OPS-03-05","OPS","배포·운영·장애","SRE·운영 담당자","배포 실패 대응","배포 직후","manuals/ops/COK-OPS-03-05.md"
"COK-OPS-03-06","OPS","배포·운영·장애","SRE·운영 담당자","배포 실패 대응","장애 발생","manuals/ops/COK-OPS-03-06.md"
"COK-OPS-03-07","OPS","배포·운영·장애","SRE·운영 담당자","배포 실패 대응","보안 의심","manuals/ops/COK-OPS-03-07.md"
"COK-OPS-03-08","OPS","배포·운영·장애","SRE·운영 담당자","배포 실패 대응","개인정보 포함 가능성","manuals/ops/COK-OPS-03-08.md"
"COK-OPS-03-09","OPS","배포·운영·장애","SRE·운영 담당자","배포 실패 대응","파일럿 진행","manuals/ops/COK-OPS-03-09.md"
"COK-OPS-03-10","OPS","배포·운영·장애","SRE·운영 담당자","배포 실패 대응","월간 회고","manuals/ops/COK-OPS-03-10.md"
"COK-OPS-04-01","OPS","배포·운영·장애","SRE·운영 담당자","운영 장애 분류","정기 점검","manuals/ops/COK-OPS-04-01.md"
"COK-OPS-04-02","OPS","배포·운영·장애","SRE·운영 담당자","운영 장애 분류","신규 요청","manuals/ops/COK-OPS-04-02.md"
"COK-OPS-04-03","OPS","배포·운영·장애","SRE·운영 담당자","운영 장애 분류","실사용자 신고","manuals/ops/COK-OPS-04-03.md"
"COK-OPS-04-04","OPS","배포·운영·장애","SRE·운영 담당자","운영 장애 분류","배포 직전","manuals/ops/COK-OPS-04-04.md"
"COK-OPS-04-05","OPS","배포·운영·장애","SRE·운영 담당자","운영 장애 분류","배포 직후","manuals/ops/COK-OPS-04-05.md"
"COK-OPS-04-06","OPS","배포·운영·장애","SRE·운영 담당자","운영 장애 분류","장애 발생","manuals/ops/COK-OPS-04-06.md"
"COK-OPS-04-07","OPS","배포·운영·장애","SRE·운영 담당자","운영 장애 분류","보안 의심","manuals/ops/COK-OPS-04-07.md"
"COK-OPS-04-08","OPS","배포·운영·장애","SRE·운영 담당자","운영 장애 분류","개인정보 포함 가능성","manuals/ops/COK-OPS-04-08.md"
"COK-OPS-04-09","OPS","배포·운영·장애","SRE·운영 담당자","운영 장애 분류","파일럿 진행","manuals/ops/COK-OPS-04-09.md"
"COK-OPS-04-10","OPS","배포·운영·장애","SRE·운영 담당자","운영 장애 분류","월간 회고","manuals/ops/COK-OPS-04-10.md"
"COK-OPS-05-01","OPS","배포·운영·장애","SRE·운영 담당자","롤백 판단","정기 점검","manuals/ops/COK-OPS-05-01.md"
"COK-OPS-05-02","OPS","배포·운영·장애","SRE·운영 담당자","롤백 판단","신규 요청","manuals/ops/COK-OPS-05-02.md"
"COK-OPS-05-03","OPS","배포·운영·장애","SRE·운영 담당자","롤백 판단","실사용자 신고","manuals/ops/COK-OPS-05-03.md"
"COK-OPS-05-04","OPS","배포·운영·장애","SRE·운영 담당자","롤백 판단","배포 직전","manuals/ops/COK-OPS-05-04.md"
"COK-OPS-05-05","OPS","배포·운영·장애","SRE·운영 담당자","롤백 판단","배포 직후","manuals/ops/COK-OPS-05-05.md"
"COK-OPS-05-06","OPS","배포·운영·장애","SRE·운영 담당자","롤백 판단","장애 발생","manuals/ops/COK-OPS-05-06.md"
"COK-OPS-05-07","OPS","배포·운영·장애","SRE·운영 담당자","롤백 판단","보안 의심","manuals/ops/COK-OPS-05-07.md"
"COK-OPS-05-08","OPS","배포·운영·장애","SRE·운영 담당자","롤백 판단","개인정보 포함 가능성","manuals/ops/COK-OPS-05-08.md"
"COK-OPS-05-09","OPS","배포·운영·장애","SRE·운영 담당자","롤백 판단","파일럿 진행","manuals/ops/COK-OPS-05-09.md"
"COK-OPS-05-10","OPS","배포·운영·장애","SRE·운영 담당자","롤백 판단","월간 회고","manuals/ops/COK-OPS-05-10.md"
"COK-OPS-06-01","OPS","배포·운영·장애","SRE·운영 담당자","상태 페이지 공지","정기 점검","manuals/ops/COK-OPS-06-01.md"
"COK-OPS-06-02","OPS","배포·운영·장애","SRE·운영 담당자","상태 페이지 공지","신규 요청","manuals/ops/COK-OPS-06-02.md"
"COK-OPS-06-03","OPS","배포·운영·장애","SRE·운영 담당자","상태 페이지 공지","실사용자 신고","manuals/ops/COK-OPS-06-03.md"
"COK-OPS-06-04","OPS","배포·운영·장애","SRE·운영 담당자","상태 페이지 공지","배포 직전","manuals/ops/COK-OPS-06-04.md"
"COK-OPS-06-05","OPS","배포·운영·장애","SRE·운영 담당자","상태 페이지 공지","배포 직후","manuals/ops/COK-OPS-06-05.md"
"COK-OPS-06-06","OPS","배포·운영·장애","SRE·운영 담당자","상태 페이지 공지","장애 발생","manuals/ops/COK-OPS-06-06.md"
"COK-OPS-06-07","OPS","배포·운영·장애","SRE·운영 담당자","상태 페이지 공지","보안 의심","manuals/ops/COK-OPS-06-07.md"
"COK-OPS-06-08","OPS","배포·운영·장애","SRE·운영 담당자","상태 페이지 공지","개인정보 포함 가능성","manuals/ops/COK-OPS-06-08.md"
"COK-OPS-06-09","OPS","배포·운영·장애","SRE·운영 담당자","상태 페이지 공지","파일럿 진행","manuals/ops/COK-OPS-06-09.md"
"COK-OPS-06-10","OPS","배포·운영·장애","SRE·운영 담당자","상태 페이지 공지","월간 회고","manuals/ops/COK-OPS-06-10.md"
"COK-OPS-07-01","OPS","배포·운영·장애","SRE·운영 담당자","일일 운영 점검","정기 점검","manuals/ops/COK-OPS-07-01.md"
"COK-OPS-07-02","OPS","배포·운영·장애","SRE·운영 담당자","일일 운영 점검","신규 요청","manuals/ops/COK-OPS-07-02.md"
"COK-OPS-07-03","OPS","배포·운영·장애","SRE·운영 담당자","일일 운영 점검","실사용자 신고","manuals/ops/COK-OPS-07-03.md"
"COK-OPS-07-04","OPS","배포·운영·장애","SRE·운영 담당자","일일 운영 점검","배포 직전","manuals/ops/COK-OPS-07-04.md"
"COK-OPS-07-05","OPS","배포·운영·장애","SRE·운영 담당자","일일 운영 점검","배포 직후","manuals/ops/COK-OPS-07-05.md"
"COK-OPS-07-06","OPS","배포·운영·장애","SRE·운영 담당자","일일 운영 점검","장애 발생","manuals/ops/COK-OPS-07-06.md"
"COK-OPS-07-07","OPS","배포·운영·장애","SRE·운영 담당자","일일 운영 점검","보안 의심","manuals/ops/COK-OPS-07-07.md"
"COK-OPS-07-08","OPS","배포·운영·장애","SRE·운영 담당자","일일 운영 점검","개인정보 포함 가능성","manuals/ops/COK-OPS-07-08.md"
"COK-OPS-07-09","OPS","배포·운영·장애","SRE·운영 담당자","일일 운영 점검","파일럿 진행","manuals/ops/COK-OPS-07-09.md"
"COK-OPS-07-10","OPS","배포·운영·장애","SRE·운영 담당자","일일 운영 점검","월간 회고","manuals/ops/COK-OPS-07-10.md"
"COK-OPS-08-01","OPS","배포·운영·장애","SRE·운영 담당자","주간 운영 점검","정기 점검","manuals/ops/COK-OPS-08-01.md"
"COK-OPS-08-02","OPS","배포·운영·장애","SRE·운영 담당자","주간 운영 점검","신규 요청","manuals/ops/COK-OPS-08-02.md"
"COK-OPS-08-03","OPS","배포·운영·장애","SRE·운영 담당자","주간 운영 점검","실사용자 신고","manuals/ops/COK-OPS-08-03.md"
"COK-OPS-08-04","OPS","배포·운영·장애","SRE·운영 담당자","주간 운영 점검","배포 직전","manuals/ops/COK-OPS-08-04.md"
"COK-OPS-08-05","OPS","배포·운영·장애","SRE·운영 담당자","주간 운영 점검","배포 직후","manuals/ops/COK-OPS-08-05.md"
"COK-OPS-08-06","OPS","배포·운영·장애","SRE·운영 담당자","주간 운영 점검","장애 발생","manuals/ops/COK-OPS-08-06.md"
"COK-OPS-08-07","OPS","배포·운영·장애","SRE·운영 담당자","주간 운영 점검","보안 의심","manuals/ops/COK-OPS-08-07.md"
"COK-OPS-08-08","OPS","배포·운영·장애","SRE·운영 담당자","주간 운영 점검","개인정보 포함 가능성","manuals/ops/COK-OPS-08-08.md"
"COK-OPS-08-09","OPS","배포·운영·장애","SRE·운영 담당자","주간 운영 점검","파일럿 진행","manuals/ops/COK-OPS-08-09.md"
"COK-OPS-08-10","OPS","배포·운영·장애","SRE·운영 담당자","주간 운영 점검","월간 회고","manuals/ops/COK-OPS-08-10.md"
"COK-OPS-09-01","OPS","배포·운영·장애","SRE·운영 담당자","의존 서비스 장애 대응","정기 점검","manuals/ops/COK-OPS-09-01.md"
"COK-OPS-09-02","OPS","배포·운영·장애","SRE·운영 담당자","의존 서비스 장애 대응","신규 요청","manuals/ops/COK-OPS-09-02.md"
"COK-OPS-09-03","OPS","배포·운영·장애","SRE·운영 담당자","의존 서비스 장애 대응","실사용자 신고","manuals/ops/COK-OPS-09-03.md"
"COK-OPS-09-04","OPS","배포·운영·장애","SRE·운영 담당자","의존 서비스 장애 대응","배포 직전","manuals/ops/COK-OPS-09-04.md"
"COK-OPS-09-05","OPS","배포·운영·장애","SRE·운영 담당자","의존 서비스 장애 대응","배포 직후","manuals/ops/COK-OPS-09-05.md"
"COK-OPS-09-06","OPS","배포·운영·장애","SRE·운영 담당자","의존 서비스 장애 대응","장애 발생","manuals/ops/COK-OPS-09-06.md"
"COK-OPS-09-07","OPS","배포·운영·장애","SRE·운영 담당자","의존 서비스 장애 대응","보안 의심","manuals/ops/COK-OPS-09-07.md"
"COK-OPS-09-08","OPS","배포·운영·장애","SRE·운영 담당자","의존 서비스 장애 대응","개인정보 포함 가능성","manuals/ops/COK-OPS-09-08.md"
"COK-OPS-09-09","OPS","배포·운영·장애","SRE·운영 담당자","의존 서비스 장애 대응","파일럿 진행","manuals/ops/COK-OPS-09-09.md"
"COK-OPS-09-10","OPS","배포·운영·장애","SRE·운영 담당자","의존 서비스 장애 대응","월간 회고","manuals/ops/COK-OPS-09-10.md"
"COK-OPS-10-01","OPS","배포·운영·장애","SRE·운영 담당자","사후 회고","정기 점검","manuals/ops/COK-OPS-10-01.md"
"COK-OPS-10-02","OPS","배포·운영·장애","SRE·운영 담당자","사후 회고","신규 요청","manuals/ops/COK-OPS-10-02.md"
"COK-OPS-10-03","OPS","배포·운영·장애","SRE·운영 담당자","사후 회고","실사용자 신고","manuals/ops/COK-OPS-10-03.md"
"COK-OPS-10-04","OPS","배포·운영·장애","SRE·운영 담당자","사후 회고","배포 직전","manuals/ops/COK-OPS-10-04.md"
"COK-OPS-10-05","OPS","배포·운영·장애","SRE·운영 담당자","사후 회고","배포 직후","manuals/ops/COK-OPS-10-05.md"
"COK-OPS-10-06","OPS","배포·운영·장애","SRE·운영 담당자","사후 회고","장애 발생","manuals/ops/COK-OPS-10-06.md"
"COK-OPS-10-07","OPS","배포·운영·장애","SRE·운영 담당자","사후 회고","보안 의심","manuals/ops/COK-OPS-10-07.md"
"COK-OPS-10-08","OPS","배포·운영·장애","SRE·운영 담당자","사후 회고","개인정보 포함 가능성","manuals/ops/COK-OPS-10-08.md"
"COK-OPS-10-09","OPS","배포·운영·장애","SRE·운영 담당자","사후 회고","파일럿 진행","manuals/ops/COK-OPS-10-09.md"
"COK-OPS-10-10","OPS","배포·운영·장애","SRE·운영 담당자","사후 회고","월간 회고","manuals/ops/COK-OPS-10-10.md"
"COK-DAT-01-01","DAT","데이터 수명·백업","데이터 운영 담당자","응답 보관 기간 설정","정기 점검","manuals/dat/COK-DAT-01-01.md"
"COK-DAT-01-02","DAT","데이터 수명·백업","데이터 운영 담당자","응답 보관 기간 설정","신규 요청","manuals/dat/COK-DAT-01-02.md"
"COK-DAT-01-03","DAT","데이터 수명·백업","데이터 운영 담당자","응답 보관 기간 설정","실사용자 신고","manuals/dat/COK-DAT-01-03.md"
"COK-DAT-01-04","DAT","데이터 수명·백업","데이터 운영 담당자","응답 보관 기간 설정","배포 직전","manuals/dat/COK-DAT-01-04.md"
"COK-DAT-01-05","DAT","데이터 수명·백업","데이터 운영 담당자","응답 보관 기간 설정","배포 직후","manuals/dat/COK-DAT-01-05.md"
"COK-DAT-01-06","DAT","데이터 수명·백업","데이터 운영 담당자","응답 보관 기간 설정","장애 발생","manuals/dat/COK-DAT-01-06.md"
"COK-DAT-01-07","DAT","데이터 수명·백업","데이터 운영 담당자","응답 보관 기간 설정","보안 의심","manuals/dat/COK-DAT-01-07.md"
"COK-DAT-01-08","DAT","데이터 수명·백업","데이터 운영 담당자","응답 보관 기간 설정","개인정보 포함 가능성","manuals/dat/COK-DAT-01-08.md"
"COK-DAT-01-09","DAT","데이터 수명·백업","데이터 운영 담당자","응답 보관 기간 설정","파일럿 진행","manuals/dat/COK-DAT-01-09.md"
"COK-DAT-01-10","DAT","데이터 수명·백업","데이터 운영 담당자","응답 보관 기간 설정","월간 회고","manuals/dat/COK-DAT-01-10.md"
"COK-DAT-02-01","DAT","데이터 수명·백업","데이터 운영 담당자","파기 작업 확인","정기 점검","manuals/dat/COK-DAT-02-01.md"
"COK-DAT-02-02","DAT","데이터 수명·백업","데이터 운영 담당자","파기 작업 확인","신규 요청","manuals/dat/COK-DAT-02-02.md"
"COK-DAT-02-03","DAT","데이터 수명·백업","데이터 운영 담당자","파기 작업 확인","실사용자 신고","manuals/dat/COK-DAT-02-03.md"
"COK-DAT-02-04","DAT","데이터 수명·백업","데이터 운영 담당자","파기 작업 확인","배포 직전","manuals/dat/COK-DAT-02-04.md"
"COK-DAT-02-05","DAT","데이터 수명·백업","데이터 운영 담당자","파기 작업 확인","배포 직후","manuals/dat/COK-DAT-02-05.md"
"COK-DAT-02-06","DAT","데이터 수명·백업","데이터 운영 담당자","파기 작업 확인","장애 발생","manuals/dat/COK-DAT-02-06.md"
"COK-DAT-02-07","DAT","데이터 수명·백업","데이터 운영 담당자","파기 작업 확인","보안 의심","manuals/dat/COK-DAT-02-07.md"
"COK-DAT-02-08","DAT","데이터 수명·백업","데이터 운영 담당자","파기 작업 확인","개인정보 포함 가능성","manuals/dat/COK-DAT-02-08.md"
"COK-DAT-02-09","DAT","데이터 수명·백업","데이터 운영 담당자","파기 작업 확인","파일럿 진행","manuals/dat/COK-DAT-02-09.md"
"COK-DAT-02-10","DAT","데이터 수명·백업","데이터 운영 담당자","파기 작업 확인","월간 회고","manuals/dat/COK-DAT-02-10.md"
"COK-DAT-03-01","DAT","데이터 수명·백업","데이터 운영 담당자","암호화 백업 실행","정기 점검","manuals/dat/COK-DAT-03-01.md"
"COK-DAT-03-02","DAT","데이터 수명·백업","데이터 운영 담당자","암호화 백업 실행","신규 요청","manuals/dat/COK-DAT-03-02.md"
"COK-DAT-03-03","DAT","데이터 수명·백업","데이터 운영 담당자","암호화 백업 실행","실사용자 신고","manuals/dat/COK-DAT-03-03.md"
"COK-DAT-03-04","DAT","데이터 수명·백업","데이터 운영 담당자","암호화 백업 실행","배포 직전","manuals/dat/COK-DAT-03-04.md"
"COK-DAT-03-05","DAT","데이터 수명·백업","데이터 운영 담당자","암호화 백업 실행","배포 직후","manuals/dat/COK-DAT-03-05.md"
"COK-DAT-03-06","DAT","데이터 수명·백업","데이터 운영 담당자","암호화 백업 실행","장애 발생","manuals/dat/COK-DAT-03-06.md"
"COK-DAT-03-07","DAT","데이터 수명·백업","데이터 운영 담당자","암호화 백업 실행","보안 의심","manuals/dat/COK-DAT-03-07.md"
"COK-DAT-03-08","DAT","데이터 수명·백업","데이터 운영 담당자","암호화 백업 실행","개인정보 포함 가능성","manuals/dat/COK-DAT-03-08.md"
"COK-DAT-03-09","DAT","데이터 수명·백업","데이터 운영 담당자","암호화 백업 실행","파일럿 진행","manuals/dat/COK-DAT-03-09.md"
"COK-DAT-03-10","DAT","데이터 수명·백업","데이터 운영 담당자","암호화 백업 실행","월간 회고","manuals/dat/COK-DAT-03-10.md"
"COK-DAT-04-01","DAT","데이터 수명·백업","데이터 운영 담당자","백업 복구 점검","정기 점검","manuals/dat/COK-DAT-04-01.md"
"COK-DAT-04-02","DAT","데이터 수명·백업","데이터 운영 담당자","백업 복구 점검","신규 요청","manuals/dat/COK-DAT-04-02.md"
"COK-DAT-04-03","DAT","데이터 수명·백업","데이터 운영 담당자","백업 복구 점검","실사용자 신고","manuals/dat/COK-DAT-04-03.md"
"COK-DAT-04-04","DAT","데이터 수명·백업","데이터 운영 담당자","백업 복구 점검","배포 직전","manuals/dat/COK-DAT-04-04.md"
"COK-DAT-04-05","DAT","데이터 수명·백업","데이터 운영 담당자","백업 복구 점검","배포 직후","manuals/dat/COK-DAT-04-05.md"
"COK-DAT-04-06","DAT","데이터 수명·백업","데이터 운영 담당자","백업 복구 점검","장애 발생","manuals/dat/COK-DAT-04-06.md"
"COK-DAT-04-07","DAT","데이터 수명·백업","데이터 운영 담당자","백업 복구 점검","보안 의심","manuals/dat/COK-DAT-04-07.md"
"COK-DAT-04-08","DAT","데이터 수명·백업","데이터 운영 담당자","백업 복구 점검","개인정보 포함 가능성","manuals/dat/COK-DAT-04-08.md"
"COK-DAT-04-09","DAT","데이터 수명·백업","데이터 운영 담당자","백업 복구 점검","파일럿 진행","manuals/dat/COK-DAT-04-09.md"
"COK-DAT-04-10","DAT","데이터 수명·백업","데이터 운영 담당자","백업 복구 점검","월간 회고","manuals/dat/COK-DAT-04-10.md"
"COK-DAT-05-01","DAT","데이터 수명·백업","데이터 운영 담당자","내보내기 점검","정기 점검","manuals/dat/COK-DAT-05-01.md"
"COK-DAT-05-02","DAT","데이터 수명·백업","데이터 운영 담당자","내보내기 점검","신규 요청","manuals/dat/COK-DAT-05-02.md"
"COK-DAT-05-03","DAT","데이터 수명·백업","데이터 운영 담당자","내보내기 점검","실사용자 신고","manuals/dat/COK-DAT-05-03.md"
"COK-DAT-05-04","DAT","데이터 수명·백업","데이터 운영 담당자","내보내기 점검","배포 직전","manuals/dat/COK-DAT-05-04.md"
"COK-DAT-05-05","DAT","데이터 수명·백업","데이터 운영 담당자","내보내기 점검","배포 직후","manuals/dat/COK-DAT-05-05.md"
"COK-DAT-05-06","DAT","데이터 수명·백업","데이터 운영 담당자","내보내기 점검","장애 발생","manuals/dat/COK-DAT-05-06.md"
"COK-DAT-05-07","DAT","데이터 수명·백업","데이터 운영 담당자","내보내기 점검","보안 의심","manuals/dat/COK-DAT-05-07.md"
"COK-DAT-05-08","DAT","데이터 수명·백업","데이터 운영 담당자","내보내기 점검","개인정보 포함 가능성","manuals/dat/COK-DAT-05-08.md"
"COK-DAT-05-09","DAT","데이터 수명·백업","데이터 운영 담당자","내보내기 점검","파일럿 진행","manuals/dat/COK-DAT-05-09.md"
"COK-DAT-05-10","DAT","데이터 수명·백업","데이터 운영 담당자","내보내기 점검","월간 회고","manuals/dat/COK-DAT-05-10.md"
"COK-DAT-06-01","DAT","데이터 수명·백업","데이터 운영 담당자","삭제 요청 처리","정기 점검","manuals/dat/COK-DAT-06-01.md"
"COK-DAT-06-02","DAT","데이터 수명·백업","데이터 운영 담당자","삭제 요청 처리","신규 요청","manuals/dat/COK-DAT-06-02.md"
"COK-DAT-06-03","DAT","데이터 수명·백업","데이터 운영 담당자","삭제 요청 처리","실사용자 신고","manuals/dat/COK-DAT-06-03.md"
"COK-DAT-06-04","DAT","데이터 수명·백업","데이터 운영 담당자","삭제 요청 처리","배포 직전","manuals/dat/COK-DAT-06-04.md"
"COK-DAT-06-05","DAT","데이터 수명·백업","데이터 운영 담당자","삭제 요청 처리","배포 직후","manuals/dat/COK-DAT-06-05.md"
"COK-DAT-06-06","DAT","데이터 수명·백업","데이터 운영 담당자","삭제 요청 처리","장애 발생","manuals/dat/COK-DAT-06-06.md"
"COK-DAT-06-07","DAT","데이터 수명·백업","데이터 운영 담당자","삭제 요청 처리","보안 의심","manuals/dat/COK-DAT-06-07.md"
"COK-DAT-06-08","DAT","데이터 수명·백업","데이터 운영 담당자","삭제 요청 처리","개인정보 포함 가능성","manuals/dat/COK-DAT-06-08.md"
"COK-DAT-06-09","DAT","데이터 수명·백업","데이터 운영 담당자","삭제 요청 처리","파일럿 진행","manuals/dat/COK-DAT-06-09.md"
"COK-DAT-06-10","DAT","데이터 수명·백업","데이터 운영 담당자","삭제 요청 처리","월간 회고","manuals/dat/COK-DAT-06-10.md"
"COK-DAT-07-01","DAT","데이터 수명·백업","데이터 운영 담당자","데이터 최소화 점검","정기 점검","manuals/dat/COK-DAT-07-01.md"
"COK-DAT-07-02","DAT","데이터 수명·백업","데이터 운영 담당자","데이터 최소화 점검","신규 요청","manuals/dat/COK-DAT-07-02.md"
"COK-DAT-07-03","DAT","데이터 수명·백업","데이터 운영 담당자","데이터 최소화 점검","실사용자 신고","manuals/dat/COK-DAT-07-03.md"
"COK-DAT-07-04","DAT","데이터 수명·백업","데이터 운영 담당자","데이터 최소화 점검","배포 직전","manuals/dat/COK-DAT-07-04.md"
"COK-DAT-07-05","DAT","데이터 수명·백업","데이터 운영 담당자","데이터 최소화 점검","배포 직후","manuals/dat/COK-DAT-07-05.md"
"COK-DAT-07-06","DAT","데이터 수명·백업","데이터 운영 담당자","데이터 최소화 점검","장애 발생","manuals/dat/COK-DAT-07-06.md"
"COK-DAT-07-07","DAT","데이터 수명·백업","데이터 운영 담당자","데이터 최소화 점검","보안 의심","manuals/dat/COK-DAT-07-07.md"
"COK-DAT-07-08","DAT","데이터 수명·백업","데이터 운영 담당자","데이터 최소화 점검","개인정보 포함 가능성","manuals/dat/COK-DAT-07-08.md"
"COK-DAT-07-09","DAT","데이터 수명·백업","데이터 운영 담당자","데이터 최소화 점검","파일럿 진행","manuals/dat/COK-DAT-07-09.md"
"COK-DAT-07-10","DAT","데이터 수명·백업","데이터 운영 담당자","데이터 최소화 점검","월간 회고","manuals/dat/COK-DAT-07-10.md"
"COK-DAT-08-01","DAT","데이터 수명·백업","데이터 운영 담당자","복구 번들 점검","정기 점검","manuals/dat/COK-DAT-08-01.md"
"COK-DAT-08-02","DAT","데이터 수명·백업","데이터 운영 담당자","복구 번들 점검","신규 요청","manuals/dat/COK-DAT-08-02.md"
"COK-DAT-08-03","DAT","데이터 수명·백업","데이터 운영 담당자","복구 번들 점검","실사용자 신고","manuals/dat/COK-DAT-08-03.md"
"COK-DAT-08-04","DAT","데이터 수명·백업","데이터 운영 담당자","복구 번들 점검","배포 직전","manuals/dat/COK-DAT-08-04.md"
"COK-DAT-08-05","DAT","데이터 수명·백업","데이터 운영 담당자","복구 번들 점검","배포 직후","manuals/dat/COK-DAT-08-05.md"
"COK-DAT-08-06","DAT","데이터 수명·백업","데이터 운영 담당자","복구 번들 점검","장애 발생","manuals/dat/COK-DAT-08-06.md"
"COK-DAT-08-07","DAT","데이터 수명·백업","데이터 운영 담당자","복구 번들 점검","보안 의심","manuals/dat/COK-DAT-08-07.md"
"COK-DAT-08-08","DAT","데이터 수명·백업","데이터 운영 담당자","복구 번들 점검","개인정보 포함 가능성","manuals/dat/COK-DAT-08-08.md"
"COK-DAT-08-09","DAT","데이터 수명·백업","데이터 운영 담당자","복구 번들 점검","파일럿 진행","manuals/dat/COK-DAT-08-09.md"
"COK-DAT-08-10","DAT","데이터 수명·백업","데이터 운영 담당자","복구 번들 점검","월간 회고","manuals/dat/COK-DAT-08-10.md"
"COK-DAT-09-01","DAT","데이터 수명·백업","데이터 운영 담당자","보관 정책 변경","정기 점검","manuals/dat/COK-DAT-09-01.md"
"COK-DAT-09-02","DAT","데이터 수명·백업","데이터 운영 담당자","보관 정책 변경","신규 요청","manuals/dat/COK-DAT-09-02.md"
"COK-DAT-09-03","DAT","데이터 수명·백업","데이터 운영 담당자","보관 정책 변경","실사용자 신고","manuals/dat/COK-DAT-09-03.md"
"COK-DAT-09-04","DAT","데이터 수명·백업","데이터 운영 담당자","보관 정책 변경","배포 직전","manuals/dat/COK-DAT-09-04.md"
"COK-DAT-09-05","DAT","데이터 수명·백업","데이터 운영 담당자","보관 정책 변경","배포 직후","manuals/dat/COK-DAT-09-05.md"
"COK-DAT-09-06","DAT","데이터 수명·백업","데이터 운영 담당자","보관 정책 변경","장애 발생","manuals/dat/COK-DAT-09-06.md"
"COK-DAT-09-07","DAT","데이터 수명·백업","데이터 운영 담당자","보관 정책 변경","보안 의심","manuals/dat/COK-DAT-09-07.md"
"COK-DAT-09-08","DAT","데이터 수명·백업","데이터 운영 담당자","보관 정책 변경","개인정보 포함 가능성","manuals/dat/COK-DAT-09-08.md"
"COK-DAT-09-09","DAT","데이터 수명·백업","데이터 운영 담당자","보관 정책 변경","파일럿 진행","manuals/dat/COK-DAT-09-09.md"
"COK-DAT-09-10","DAT","데이터 수명·백업","데이터 운영 담당자","보관 정책 변경","월간 회고","manuals/dat/COK-DAT-09-10.md"
"COK-DAT-10-01","DAT","데이터 수명·백업","데이터 운영 담당자","데이터 사고 격리","정기 점검","manuals/dat/COK-DAT-10-01.md"
"COK-DAT-10-02","DAT","데이터 수명·백업","데이터 운영 담당자","데이터 사고 격리","신규 요청","manuals/dat/COK-DAT-10-02.md"
"COK-DAT-10-03","DAT","데이터 수명·백업","데이터 운영 담당자","데이터 사고 격리","실사용자 신고","manuals/dat/COK-DAT-10-03.md"
"COK-DAT-10-04","DAT","데이터 수명·백업","데이터 운영 담당자","데이터 사고 격리","배포 직전","manuals/dat/COK-DAT-10-04.md"
"COK-DAT-10-05","DAT","데이터 수명·백업","데이터 운영 담당자","데이터 사고 격리","배포 직후","manuals/dat/COK-DAT-10-05.md"
"COK-DAT-10-06","DAT","데이터 수명·백업","데이터 운영 담당자","데이터 사고 격리","장애 발생","manuals/dat/COK-DAT-10-06.md"
"COK-DAT-10-07","DAT","데이터 수명·백업","데이터 운영 담당자","데이터 사고 격리","보안 의심","manuals/dat/COK-DAT-10-07.md"
"COK-DAT-10-08","DAT","데이터 수명·백업","데이터 운영 담당자","데이터 사고 격리","개인정보 포함 가능성","manuals/dat/COK-DAT-10-08.md"
"COK-DAT-10-09","DAT","데이터 수명·백업","데이터 운영 담당자","데이터 사고 격리","파일럿 진행","manuals/dat/COK-DAT-10-09.md"
"COK-DAT-10-10","DAT","데이터 수명·백업","데이터 운영 담당자","데이터 사고 격리","월간 회고","manuals/dat/COK-DAT-10-10.md"
"COK-SUP-01-01","SUP","고객지원","고객지원 담당자","문의 분류","정기 점검","manuals/sup/COK-SUP-01-01.md"
"COK-SUP-01-02","SUP","고객지원","고객지원 담당자","문의 분류","신규 요청","manuals/sup/COK-SUP-01-02.md"
"COK-SUP-01-03","SUP","고객지원","고객지원 담당자","문의 분류","실사용자 신고","manuals/sup/COK-SUP-01-03.md"
"COK-SUP-01-04","SUP","고객지원","고객지원 담당자","문의 분류","배포 직전","manuals/sup/COK-SUP-01-04.md"
"COK-SUP-01-05","SUP","고객지원","고객지원 담당자","문의 분류","배포 직후","manuals/sup/COK-SUP-01-05.md"
"COK-SUP-01-06","SUP","고객지원","고객지원 담당자","문의 분류","장애 발생","manuals/sup/COK-SUP-01-06.md"
"COK-SUP-01-07","SUP","고객지원","고객지원 담당자","문의 분류","보안 의심","manuals/sup/COK-SUP-01-07.md"
"COK-SUP-01-08","SUP","고객지원","고객지원 담당자","문의 분류","개인정보 포함 가능성","manuals/sup/COK-SUP-01-08.md"
"COK-SUP-01-09","SUP","고객지원","고객지원 담당자","문의 분류","파일럿 진행","manuals/sup/COK-SUP-01-09.md"
"COK-SUP-01-10","SUP","고객지원","고객지원 담당자","문의 분류","월간 회고","manuals/sup/COK-SUP-01-10.md"
"COK-SUP-02-01","SUP","고객지원","고객지원 담당자","로그인 문제 안내","정기 점검","manuals/sup/COK-SUP-02-01.md"
"COK-SUP-02-02","SUP","고객지원","고객지원 담당자","로그인 문제 안내","신규 요청","manuals/sup/COK-SUP-02-02.md"
"COK-SUP-02-03","SUP","고객지원","고객지원 담당자","로그인 문제 안내","실사용자 신고","manuals/sup/COK-SUP-02-03.md"
"COK-SUP-02-04","SUP","고객지원","고객지원 담당자","로그인 문제 안내","배포 직전","manuals/sup/COK-SUP-02-04.md"
"COK-SUP-02-05","SUP","고객지원","고객지원 담당자","로그인 문제 안내","배포 직후","manuals/sup/COK-SUP-02-05.md"
"COK-SUP-02-06","SUP","고객지원","고객지원 담당자","로그인 문제 안내","장애 발생","manuals/sup/COK-SUP-02-06.md"
"COK-SUP-02-07","SUP","고객지원","고객지원 담당자","로그인 문제 안내","보안 의심","manuals/sup/COK-SUP-02-07.md"
"COK-SUP-02-08","SUP","고객지원","고객지원 담당자","로그인 문제 안내","개인정보 포함 가능성","manuals/sup/COK-SUP-02-08.md"
"COK-SUP-02-09","SUP","고객지원","고객지원 담당자","로그인 문제 안내","파일럿 진행","manuals/sup/COK-SUP-02-09.md"
"COK-SUP-02-10","SUP","고객지원","고객지원 담당자","로그인 문제 안내","월간 회고","manuals/sup/COK-SUP-02-10.md"
"COK-SUP-03-01","SUP","고객지원","고객지원 담당자","공개 링크 문제 안내","정기 점검","manuals/sup/COK-SUP-03-01.md"
"COK-SUP-03-02","SUP","고객지원","고객지원 담당자","공개 링크 문제 안내","신규 요청","manuals/sup/COK-SUP-03-02.md"
"COK-SUP-03-03","SUP","고객지원","고객지원 담당자","공개 링크 문제 안내","실사용자 신고","manuals/sup/COK-SUP-03-03.md"
"COK-SUP-03-04","SUP","고객지원","고객지원 담당자","공개 링크 문제 안내","배포 직전","manuals/sup/COK-SUP-03-04.md"
"COK-SUP-03-05","SUP","고객지원","고객지원 담당자","공개 링크 문제 안내","배포 직후","manuals/sup/COK-SUP-03-05.md"
"COK-SUP-03-06","SUP","고객지원","고객지원 담당자","공개 링크 문제 안내","장애 발생","manuals/sup/COK-SUP-03-06.md"
"COK-SUP-03-07","SUP","고객지원","고객지원 담당자","공개 링크 문제 안내","보안 의심","manuals/sup/COK-SUP-03-07.md"
"COK-SUP-03-08","SUP","고객지원","고객지원 담당자","공개 링크 문제 안내","개인정보 포함 가능성","manuals/sup/COK-SUP-03-08.md"
"COK-SUP-03-09","SUP","고객지원","고객지원 담당자","공개 링크 문제 안내","파일럿 진행","manuals/sup/COK-SUP-03-09.md"
"COK-SUP-03-10","SUP","고객지원","고객지원 담당자","공개 링크 문제 안내","월간 회고","manuals/sup/COK-SUP-03-10.md"
"COK-SUP-04-01","SUP","고객지원","고객지원 담당자","응답 미수신 안내","정기 점검","manuals/sup/COK-SUP-04-01.md"
"COK-SUP-04-02","SUP","고객지원","고객지원 담당자","응답 미수신 안내","신규 요청","manuals/sup/COK-SUP-04-02.md"
"COK-SUP-04-03","SUP","고객지원","고객지원 담당자","응답 미수신 안내","실사용자 신고","manuals/sup/COK-SUP-04-03.md"
"COK-SUP-04-04","SUP","고객지원","고객지원 담당자","응답 미수신 안내","배포 직전","manuals/sup/COK-SUP-04-04.md"
"COK-SUP-04-05","SUP","고객지원","고객지원 담당자","응답 미수신 안내","배포 직후","manuals/sup/COK-SUP-04-05.md"
"COK-SUP-04-06","SUP","고객지원","고객지원 담당자","응답 미수신 안내","장애 발생","manuals/sup/COK-SUP-04-06.md"
"COK-SUP-04-07","SUP","고객지원","고객지원 담당자","응답 미수신 안내","보안 의심","manuals/sup/COK-SUP-04-07.md"
"COK-SUP-04-08","SUP","고객지원","고객지원 담당자","응답 미수신 안내","개인정보 포함 가능성","manuals/sup/COK-SUP-04-08.md"
"COK-SUP-04-09","SUP","고객지원","고객지원 담당자","응답 미수신 안내","파일럿 진행","manuals/sup/COK-SUP-04-09.md"
"COK-SUP-04-10","SUP","고객지원","고객지원 담당자","응답 미수신 안내","월간 회고","manuals/sup/COK-SUP-04-10.md"
"COK-SUP-05-01","SUP","고객지원","고객지원 담당자","키 복구 안내","정기 점검","manuals/sup/COK-SUP-05-01.md"
"COK-SUP-05-02","SUP","고객지원","고객지원 담당자","키 복구 안내","신규 요청","manuals/sup/COK-SUP-05-02.md"
"COK-SUP-05-03","SUP","고객지원","고객지원 담당자","키 복구 안내","실사용자 신고","manuals/sup/COK-SUP-05-03.md"
"COK-SUP-05-04","SUP","고객지원","고객지원 담당자","키 복구 안내","배포 직전","manuals/sup/COK-SUP-05-04.md"
"COK-SUP-05-05","SUP","고객지원","고객지원 담당자","키 복구 안내","배포 직후","manuals/sup/COK-SUP-05-05.md"
"COK-SUP-05-06","SUP","고객지원","고객지원 담당자","키 복구 안내","장애 발생","manuals/sup/COK-SUP-05-06.md"
"COK-SUP-05-07","SUP","고객지원","고객지원 담당자","키 복구 안내","보안 의심","manuals/sup/COK-SUP-05-07.md"
"COK-SUP-05-08","SUP","고객지원","고객지원 담당자","키 복구 안내","개인정보 포함 가능성","manuals/sup/COK-SUP-05-08.md"
"COK-SUP-05-09","SUP","고객지원","고객지원 담당자","키 복구 안내","파일럿 진행","manuals/sup/COK-SUP-05-09.md"
"COK-SUP-05-10","SUP","고객지원","고객지원 담당자","키 복구 안내","월간 회고","manuals/sup/COK-SUP-05-10.md"
"COK-SUP-06-01","SUP","고객지원","고객지원 담당자","내보내기 안내","정기 점검","manuals/sup/COK-SUP-06-01.md"
"COK-SUP-06-02","SUP","고객지원","고객지원 담당자","내보내기 안내","신규 요청","manuals/sup/COK-SUP-06-02.md"
"COK-SUP-06-03","SUP","고객지원","고객지원 담당자","내보내기 안내","실사용자 신고","manuals/sup/COK-SUP-06-03.md"
"COK-SUP-06-04","SUP","고객지원","고객지원 담당자","내보내기 안내","배포 직전","manuals/sup/COK-SUP-06-04.md"
"COK-SUP-06-05","SUP","고객지원","고객지원 담당자","내보내기 안내","배포 직후","manuals/sup/COK-SUP-06-05.md"
"COK-SUP-06-06","SUP","고객지원","고객지원 담당자","내보내기 안내","장애 발생","manuals/sup/COK-SUP-06-06.md"
"COK-SUP-06-07","SUP","고객지원","고객지원 담당자","내보내기 안내","보안 의심","manuals/sup/COK-SUP-06-07.md"
"COK-SUP-06-08","SUP","고객지원","고객지원 담당자","내보내기 안내","개인정보 포함 가능성","manuals/sup/COK-SUP-06-08.md"
"COK-SUP-06-09","SUP","고객지원","고객지원 담당자","내보내기 안내","파일럿 진행","manuals/sup/COK-SUP-06-09.md"
"COK-SUP-06-10","SUP","고객지원","고객지원 담당자","내보내기 안내","월간 회고","manuals/sup/COK-SUP-06-10.md"
"COK-SUP-07-01","SUP","고객지원","고객지원 담당자","버그 제보 수집","정기 점검","manuals/sup/COK-SUP-07-01.md"
"COK-SUP-07-02","SUP","고객지원","고객지원 담당자","버그 제보 수집","신규 요청","manuals/sup/COK-SUP-07-02.md"
"COK-SUP-07-03","SUP","고객지원","고객지원 담당자","버그 제보 수집","실사용자 신고","manuals/sup/COK-SUP-07-03.md"
"COK-SUP-07-04","SUP","고객지원","고객지원 담당자","버그 제보 수집","배포 직전","manuals/sup/COK-SUP-07-04.md"
"COK-SUP-07-05","SUP","고객지원","고객지원 담당자","버그 제보 수집","배포 직후","manuals/sup/COK-SUP-07-05.md"
"COK-SUP-07-06","SUP","고객지원","고객지원 담당자","버그 제보 수집","장애 발생","manuals/sup/COK-SUP-07-06.md"
"COK-SUP-07-07","SUP","고객지원","고객지원 담당자","버그 제보 수집","보안 의심","manuals/sup/COK-SUP-07-07.md"
"COK-SUP-07-08","SUP","고객지원","고객지원 담당자","버그 제보 수집","개인정보 포함 가능성","manuals/sup/COK-SUP-07-08.md"
"COK-SUP-07-09","SUP","고객지원","고객지원 담당자","버그 제보 수집","파일럿 진행","manuals/sup/COK-SUP-07-09.md"
"COK-SUP-07-10","SUP","고객지원","고객지원 담당자","버그 제보 수집","월간 회고","manuals/sup/COK-SUP-07-10.md"
"COK-SUP-08-01","SUP","고객지원","고객지원 담당자","환불·결제 문의 분리","정기 점검","manuals/sup/COK-SUP-08-01.md"
"COK-SUP-08-02","SUP","고객지원","고객지원 담당자","환불·결제 문의 분리","신규 요청","manuals/sup/COK-SUP-08-02.md"
"COK-SUP-08-03","SUP","고객지원","고객지원 담당자","환불·결제 문의 분리","실사용자 신고","manuals/sup/COK-SUP-08-03.md"
"COK-SUP-08-04","SUP","고객지원","고객지원 담당자","환불·결제 문의 분리","배포 직전","manuals/sup/COK-SUP-08-04.md"
"COK-SUP-08-05","SUP","고객지원","고객지원 담당자","환불·결제 문의 분리","배포 직후","manuals/sup/COK-SUP-08-05.md"
"COK-SUP-08-06","SUP","고객지원","고객지원 담당자","환불·결제 문의 분리","장애 발생","manuals/sup/COK-SUP-08-06.md"
"COK-SUP-08-07","SUP","고객지원","고객지원 담당자","환불·결제 문의 분리","보안 의심","manuals/sup/COK-SUP-08-07.md"
"COK-SUP-08-08","SUP","고객지원","고객지원 담당자","환불·결제 문의 분리","개인정보 포함 가능성","manuals/sup/COK-SUP-08-08.md"
"COK-SUP-08-09","SUP","고객지원","고객지원 담당자","환불·결제 문의 분리","파일럿 진행","manuals/sup/COK-SUP-08-09.md"
"COK-SUP-08-10","SUP","고객지원","고객지원 담당자","환불·결제 문의 분리","월간 회고","manuals/sup/COK-SUP-08-10.md"
"COK-SUP-09-01","SUP","고객지원","고객지원 담당자","악용 신고 처리","정기 점검","manuals/sup/COK-SUP-09-01.md"
"COK-SUP-09-02","SUP","고객지원","고객지원 담당자","악용 신고 처리","신규 요청","manuals/sup/COK-SUP-09-02.md"
"COK-SUP-09-03","SUP","고객지원","고객지원 담당자","악용 신고 처리","실사용자 신고","manuals/sup/COK-SUP-09-03.md"
"COK-SUP-09-04","SUP","고객지원","고객지원 담당자","악용 신고 처리","배포 직전","manuals/sup/COK-SUP-09-04.md"
"COK-SUP-09-05","SUP","고객지원","고객지원 담당자","악용 신고 처리","배포 직후","manuals/sup/COK-SUP-09-05.md"
"COK-SUP-09-06","SUP","고객지원","고객지원 담당자","악용 신고 처리","장애 발생","manuals/sup/COK-SUP-09-06.md"
"COK-SUP-09-07","SUP","고객지원","고객지원 담당자","악용 신고 처리","보안 의심","manuals/sup/COK-SUP-09-07.md"
"COK-SUP-09-08","SUP","고객지원","고객지원 담당자","악용 신고 처리","개인정보 포함 가능성","manuals/sup/COK-SUP-09-08.md"
"COK-SUP-09-09","SUP","고객지원","고객지원 담당자","악용 신고 처리","파일럿 진행","manuals/sup/COK-SUP-09-09.md"
"COK-SUP-09-10","SUP","고객지원","고객지원 담당자","악용 신고 처리","월간 회고","manuals/sup/COK-SUP-09-10.md"
"COK-SUP-10-01","SUP","고객지원","고객지원 담당자","문의 종료 기록","정기 점검","manuals/sup/COK-SUP-10-01.md"
"COK-SUP-10-02","SUP","고객지원","고객지원 담당자","문의 종료 기록","신규 요청","manuals/sup/COK-SUP-10-02.md"
"COK-SUP-10-03","SUP","고객지원","고객지원 담당자","문의 종료 기록","실사용자 신고","manuals/sup/COK-SUP-10-03.md"
"COK-SUP-10-04","SUP","고객지원","고객지원 담당자","문의 종료 기록","배포 직전","manuals/sup/COK-SUP-10-04.md"
"COK-SUP-10-05","SUP","고객지원","고객지원 담당자","문의 종료 기록","배포 직후","manuals/sup/COK-SUP-10-05.md"
"COK-SUP-10-06","SUP","고객지원","고객지원 담당자","문의 종료 기록","장애 발생","manuals/sup/COK-SUP-10-06.md"
"COK-SUP-10-07","SUP","고객지원","고객지원 담당자","문의 종료 기록","보안 의심","manuals/sup/COK-SUP-10-07.md"
"COK-SUP-10-08","SUP","고객지원","고객지원 담당자","문의 종료 기록","개인정보 포함 가능성","manuals/sup/COK-SUP-10-08.md"
"COK-SUP-10-09","SUP","고객지원","고객지원 담당자","문의 종료 기록","파일럿 진행","manuals/sup/COK-SUP-10-09.md"
"COK-SUP-10-10","SUP","고객지원","고객지원 담당자","문의 종료 기록","월간 회고","manuals/sup/COK-SUP-10-10.md"
"COK-LEG-01-01","LEG","개인정보·컴플라이언스","개인정보 운영 담당자","수집 목적 검토","정기 점검","manuals/leg/COK-LEG-01-01.md"
"COK-LEG-01-02","LEG","개인정보·컴플라이언스","개인정보 운영 담당자","수집 목적 검토","신규 요청","manuals/leg/COK-LEG-01-02.md"
"COK-LEG-01-03","LEG","개인정보·컴플라이언스","개인정보 운영 담당자","수집 목적 검토","실사용자 신고","manuals/leg/COK-LEG-01-03.md"
"COK-LEG-01-04","LEG","개인정보·컴플라이언스","개인정보 운영 담당자","수집 목적 검토","배포 직전","manuals/leg/COK-LEG-01-04.md"
"COK-LEG-01-05","LEG","개인정보·컴플라이언스","개인정보 운영 담당자","수집 목적 검토","배포 직후","manuals/leg/COK-LEG-01-05.md"
"COK-LEG-01-06","LEG","개인정보·컴플라이언스","개인정보 운영 담당자","수집 목적 검토","장애 발생","manuals/leg/COK-LEG-01-06.md"
"COK-LEG-01-07","LEG","개인정보·컴플라이언스","개인정보 운영 담당자","수집 목적 검토","보안 의심","manuals/leg/COK-LEG-01-07.md"
"COK-LEG-01-08","LEG","개인정보·컴플라이언스","개인정보 운영 담당자","수집 목적 검토","개인정보 포함 가능성","manuals/leg/COK-LEG-01-08.md"
"COK-LEG-01-09","LEG","개인정보·컴플라이언스","개인정보 운영 담당자","수집 목적 검토","파일럿 진행","manuals/leg/COK-LEG-01-09.md"
"COK-LEG-01-10","LEG","개인정보·컴플라이언스","개인정보 운영 담당자","수집 목적 검토","월간 회고","manuals/leg/COK-LEG-01-10.md"
"COK-LEG-02-01","LEG","개인정보·컴플라이언스","개인정보 운영 담당자","개인정보 고지 설정","정기 점검","manuals/leg/COK-LEG-02-01.md"
"COK-LEG-02-02","LEG","개인정보·컴플라이언스","개인정보 운영 담당자","개인정보 고지 설정","신규 요청","manuals/leg/COK-LEG-02-02.md"
"COK-LEG-02-03","LEG","개인정보·컴플라이언스","개인정보 운영 담당자","개인정보 고지 설정","실사용자 신고","manuals/leg/COK-LEG-02-03.md"
"COK-LEG-02-04","LEG","개인정보·컴플라이언스","개인정보 운영 담당자","개인정보 고지 설정","배포 직전","manuals/leg/COK-LEG-02-04.md"
"COK-LEG-02-05","LEG","개인정보·컴플라이언스","개인정보 운영 담당자","개인정보 고지 설정","배포 직후","manuals/leg/COK-LEG-02-05.md"
"COK-LEG-02-06","LEG","개인정보·컴플라이언스","개인정보 운영 담당자","개인정보 고지 설정","장애 발생","manuals/leg/COK-LEG-02-06.md"
"COK-LEG-02-07","LEG","개인정보·컴플라이언스","개인정보 운영 담당자","개인정보 고지 설정","보안 의심","manuals/leg/COK-LEG-02-07.md"
"COK-LEG-02-08","LEG","개인정보·컴플라이언스","개인정보 운영 담당자","개인정보 고지 설정","개인정보 포함 가능성","manuals/leg/COK-LEG-02-08.md"
"COK-LEG-02-09","LEG","개인정보·컴플라이언스","개인정보 운영 담당자","개인정보 고지 설정","파일럿 진행","manuals/leg/COK-LEG-02-09.md"
"COK-LEG-02-10","LEG","개인정보·컴플라이언스","개인정보 운영 담당자","개인정보 고지 설정","월간 회고","manuals/leg/COK-LEG-02-10.md"
"COK-LEG-03-01","LEG","개인정보·컴플라이언스","개인정보 운영 담당자","동의 문항 검토","정기 점검","manuals/leg/COK-LEG-03-01.md"
"COK-LEG-03-02","LEG","개인정보·컴플라이언스","개인정보 운영 담당자","동의 문항 검토","신규 요청","manuals/leg/COK-LEG-03-02.md"
"COK-LEG-03-03","LEG","개인정보·컴플라이언스","개인정보 운영 담당자","동의 문항 검토","실사용자 신고","manuals/leg/COK-LEG-03-03.md"
"COK-LEG-03-04","LEG","개인정보·컴플라이언스","개인정보 운영 담당자","동의 문항 검토","배포 직전","manuals/leg/COK-LEG-03-04.md"
"COK-LEG-03-05","LEG","개인정보·컴플라이언스","개인정보 운영 담당자","동의 문항 검토","배포 직후","manuals/leg/COK-LEG-03-05.md"
"COK-LEG-03-06","LEG","개인정보·컴플라이언스","개인정보 운영 담당자","동의 문항 검토","장애 발생","manuals/leg/COK-LEG-03-06.md"
"COK-LEG-03-07","LEG","개인정보·컴플라이언스","개인정보 운영 담당자","동의 문항 검토","보안 의심","manuals/leg/COK-LEG-03-07.md"
"COK-LEG-03-08","LEG","개인정보·컴플라이언스","개인정보 운영 담당자","동의 문항 검토","개인정보 포함 가능성","manuals/leg/COK-LEG-03-08.md"
"COK-LEG-03-09","LEG","개인정보·컴플라이언스","개인정보 운영 담당자","동의 문항 검토","파일럿 진행","manuals/leg/COK-LEG-03-09.md"
"COK-LEG-03-10","LEG","개인정보·컴플라이언스","개인정보 운영 담당자","동의 문항 검토","월간 회고","manuals/leg/COK-LEG-03-10.md"
"COK-LEG-04-01","LEG","개인정보·컴플라이언스","개인정보 운영 담당자","보유 기간 검토","정기 점검","manuals/leg/COK-LEG-04-01.md"
"COK-LEG-04-02","LEG","개인정보·컴플라이언스","개인정보 운영 담당자","보유 기간 검토","신규 요청","manuals/leg/COK-LEG-04-02.md"
"COK-LEG-04-03","LEG","개인정보·컴플라이언스","개인정보 운영 담당자","보유 기간 검토","실사용자 신고","manuals/leg/COK-LEG-04-03.md"
"COK-LEG-04-04","LEG","개인정보·컴플라이언스","개인정보 운영 담당자","보유 기간 검토","배포 직전","manuals/leg/COK-LEG-04-04.md"
"COK-LEG-04-05","LEG","개인정보·컴플라이언스","개인정보 운영 담당자","보유 기간 검토","배포 직후","manuals/leg/COK-LEG-04-05.md"
"COK-LEG-04-06","LEG","개인정보·컴플라이언스","개인정보 운영 담당자","보유 기간 검토","장애 발생","manuals/leg/COK-LEG-04-06.md"
"COK-LEG-04-07","LEG","개인정보·컴플라이언스","개인정보 운영 담당자","보유 기간 검토","보안 의심","manuals/leg/COK-LEG-04-07.md"
"COK-LEG-04-08","LEG","개인정보·컴플라이언스","개인정보 운영 담당자","보유 기간 검토","개인정보 포함 가능성","manuals/leg/COK-LEG-04-08.md"
"COK-LEG-04-09","LEG","개인정보·컴플라이언스","개인정보 운영 담당자","보유 기간 검토","파일럿 진행","manuals/leg/COK-LEG-04-09.md"
"COK-LEG-04-10","LEG","개인정보·컴플라이언스","개인정보 운영 담당자","보유 기간 검토","월간 회고","manuals/leg/COK-LEG-04-10.md"
"COK-LEG-05-01","LEG","개인정보·컴플라이언스","개인정보 운영 담당자","국외 처리 고지","정기 점검","manuals/leg/COK-LEG-05-01.md"
"COK-LEG-05-02","LEG","개인정보·컴플라이언스","개인정보 운영 담당자","국외 처리 고지","신규 요청","manuals/leg/COK-LEG-05-02.md"
"COK-LEG-05-03","LEG","개인정보·컴플라이언스","개인정보 운영 담당자","국외 처리 고지","실사용자 신고","manuals/leg/COK-LEG-05-03.md"
"COK-LEG-05-04","LEG","개인정보·컴플라이언스","개인정보 운영 담당자","국외 처리 고지","배포 직전","manuals/leg/COK-LEG-05-04.md"
"COK-LEG-05-05","LEG","개인정보·컴플라이언스","개인정보 운영 담당자","국외 처리 고지","배포 직후","manuals/leg/COK-LEG-05-05.md"
"COK-LEG-05-06","LEG","개인정보·컴플라이언스","개인정보 운영 담당자","국외 처리 고지","장애 발생","manuals/leg/COK-LEG-05-06.md"
"COK-LEG-05-07","LEG","개인정보·컴플라이언스","개인정보 운영 담당자","국외 처리 고지","보안 의심","manuals/leg/COK-LEG-05-07.md"
"COK-LEG-05-08","LEG","개인정보·컴플라이언스","개인정보 운영 담당자","국외 처리 고지","개인정보 포함 가능성","manuals/leg/COK-LEG-05-08.md"
"COK-LEG-05-09","LEG","개인정보·컴플라이언스","개인정보 운영 담당자","국외 처리 고지","파일럿 진행","manuals/leg/COK-LEG-05-09.md"
"COK-LEG-05-10","LEG","개인정보·컴플라이언스","개인정보 운영 담당자","국외 처리 고지","월간 회고","manuals/leg/COK-LEG-05-10.md"
"COK-LEG-06-01","LEG","개인정보·컴플라이언스","개인정보 운영 담당자","위탁 여부 검토","정기 점검","manuals/leg/COK-LEG-06-01.md"
"COK-LEG-06-02","LEG","개인정보·컴플라이언스","개인정보 운영 담당자","위탁 여부 검토","신규 요청","manuals/leg/COK-LEG-06-02.md"
"COK-LEG-06-03","LEG","개인정보·컴플라이언스","개인정보 운영 담당자","위탁 여부 검토","실사용자 신고","manuals/leg/COK-LEG-06-03.md"
"COK-LEG-06-04","LEG","개인정보·컴플라이언스","개인정보 운영 담당자","위탁 여부 검토","배포 직전","manuals/leg/COK-LEG-06-04.md"
"COK-LEG-06-05","LEG","개인정보·컴플라이언스","개인정보 운영 담당자","위탁 여부 검토","배포 직후","manuals/leg/COK-LEG-06-05.md"
"COK-LEG-06-06","LEG","개인정보·컴플라이언스","개인정보 운영 담당자","위탁 여부 검토","장애 발생","manuals/leg/COK-LEG-06-06.md"
"COK-LEG-06-07","LEG","개인정보·컴플라이언스","개인정보 운영 담당자","위탁 여부 검토","보안 의심","manuals/leg/COK-LEG-06-07.md"
"COK-LEG-06-08","LEG","개인정보·컴플라이언스","개인정보 운영 담당자","위탁 여부 검토","개인정보 포함 가능성","manuals/leg/COK-LEG-06-08.md"
"COK-LEG-06-09","LEG","개인정보·컴플라이언스","개인정보 운영 담당자","위탁 여부 검토","파일럿 진행","manuals/leg/COK-LEG-06-09.md"
"COK-LEG-06-10","LEG","개인정보·컴플라이언스","개인정보 운영 담당자","위탁 여부 검토","월간 회고","manuals/leg/COK-LEG-06-10.md"
"COK-LEG-07-01","LEG","개인정보·컴플라이언스","개인정보 운영 담당자","정보주체 요청 접수","정기 점검","manuals/leg/COK-LEG-07-01.md"
"COK-LEG-07-02","LEG","개인정보·컴플라이언스","개인정보 운영 담당자","정보주체 요청 접수","신규 요청","manuals/leg/COK-LEG-07-02.md"
"COK-LEG-07-03","LEG","개인정보·컴플라이언스","개인정보 운영 담당자","정보주체 요청 접수","실사용자 신고","manuals/leg/COK-LEG-07-03.md"
"COK-LEG-07-04","LEG","개인정보·컴플라이언스","개인정보 운영 담당자","정보주체 요청 접수","배포 직전","manuals/leg/COK-LEG-07-04.md"
"COK-LEG-07-05","LEG","개인정보·컴플라이언스","개인정보 운영 담당자","정보주체 요청 접수","배포 직후","manuals/leg/COK-LEG-07-05.md"
"COK-LEG-07-06","LEG","개인정보·컴플라이언스","개인정보 운영 담당자","정보주체 요청 접수","장애 발생","manuals/leg/COK-LEG-07-06.md"
"COK-LEG-07-07","LEG","개인정보·컴플라이언스","개인정보 운영 담당자","정보주체 요청 접수","보안 의심","manuals/leg/COK-LEG-07-07.md"
"COK-LEG-07-08","LEG","개인정보·컴플라이언스","개인정보 운영 담당자","정보주체 요청 접수","개인정보 포함 가능성","manuals/leg/COK-LEG-07-08.md"
"COK-LEG-07-09","LEG","개인정보·컴플라이언스","개인정보 운영 담당자","정보주체 요청 접수","파일럿 진행","manuals/leg/COK-LEG-07-09.md"
"COK-LEG-07-10","LEG","개인정보·컴플라이언스","개인정보 운영 담당자","정보주체 요청 접수","월간 회고","manuals/leg/COK-LEG-07-10.md"
"COK-LEG-08-01","LEG","개인정보·컴플라이언스","개인정보 운영 담당자","정책 변경 고지","정기 점검","manuals/leg/COK-LEG-08-01.md"
"COK-LEG-08-02","LEG","개인정보·컴플라이언스","개인정보 운영 담당자","정책 변경 고지","신규 요청","manuals/leg/COK-LEG-08-02.md"
"COK-LEG-08-03","LEG","개인정보·컴플라이언스","개인정보 운영 담당자","정책 변경 고지","실사용자 신고","manuals/leg/COK-LEG-08-03.md"
"COK-LEG-08-04","LEG","개인정보·컴플라이언스","개인정보 운영 담당자","정책 변경 고지","배포 직전","manuals/leg/COK-LEG-08-04.md"
"COK-LEG-08-05","LEG","개인정보·컴플라이언스","개인정보 운영 담당자","정책 변경 고지","배포 직후","manuals/leg/COK-LEG-08-05.md"
"COK-LEG-08-06","LEG","개인정보·컴플라이언스","개인정보 운영 담당자","정책 변경 고지","장애 발생","manuals/leg/COK-LEG-08-06.md"
"COK-LEG-08-07","LEG","개인정보·컴플라이언스","개인정보 운영 담당자","정책 변경 고지","보안 의심","manuals/leg/COK-LEG-08-07.md"
"COK-LEG-08-08","LEG","개인정보·컴플라이언스","개인정보 운영 담당자","정책 변경 고지","개인정보 포함 가능성","manuals/leg/COK-LEG-08-08.md"
"COK-LEG-08-09","LEG","개인정보·컴플라이언스","개인정보 운영 담당자","정책 변경 고지","파일럿 진행","manuals/leg/COK-LEG-08-09.md"
"COK-LEG-08-10","LEG","개인정보·컴플라이언스","개인정보 운영 담당자","정책 변경 고지","월간 회고","manuals/leg/COK-LEG-08-10.md"
"COK-LEG-09-01","LEG","개인정보·컴플라이언스","개인정보 운영 담당자","컨시어지 테스트 검토","정기 점검","manuals/leg/COK-LEG-09-01.md"
"COK-LEG-09-02","LEG","개인정보·컴플라이언스","개인정보 운영 담당자","컨시어지 테스트 검토","신규 요청","manuals/leg/COK-LEG-09-02.md"
"COK-LEG-09-03","LEG","개인정보·컴플라이언스","개인정보 운영 담당자","컨시어지 테스트 검토","실사용자 신고","manuals/leg/COK-LEG-09-03.md"
"COK-LEG-09-04","LEG","개인정보·컴플라이언스","개인정보 운영 담당자","컨시어지 테스트 검토","배포 직전","manuals/leg/COK-LEG-09-04.md"
"COK-LEG-09-05","LEG","개인정보·컴플라이언스","개인정보 운영 담당자","컨시어지 테스트 검토","배포 직후","manuals/leg/COK-LEG-09-05.md"
"COK-LEG-09-06","LEG","개인정보·컴플라이언스","개인정보 운영 담당자","컨시어지 테스트 검토","장애 발생","manuals/leg/COK-LEG-09-06.md"
"COK-LEG-09-07","LEG","개인정보·컴플라이언스","개인정보 운영 담당자","컨시어지 테스트 검토","보안 의심","manuals/leg/COK-LEG-09-07.md"
"COK-LEG-09-08","LEG","개인정보·컴플라이언스","개인정보 운영 담당자","컨시어지 테스트 검토","개인정보 포함 가능성","manuals/leg/COK-LEG-09-08.md"
"COK-LEG-09-09","LEG","개인정보·컴플라이언스","개인정보 운영 담당자","컨시어지 테스트 검토","파일럿 진행","manuals/leg/COK-LEG-09-09.md"
"COK-LEG-09-10","LEG","개인정보·컴플라이언스","개인정보 운영 담당자","컨시어지 테스트 검토","월간 회고","manuals/leg/COK-LEG-09-10.md"
"COK-LEG-10-01","LEG","개인정보·컴플라이언스","개인정보 운영 담당자","법률 검토 요청 준비","정기 점검","manuals/leg/COK-LEG-10-01.md"
"COK-LEG-10-02","LEG","개인정보·컴플라이언스","개인정보 운영 담당자","법률 검토 요청 준비","신규 요청","manuals/leg/COK-LEG-10-02.md"
"COK-LEG-10-03","LEG","개인정보·컴플라이언스","개인정보 운영 담당자","법률 검토 요청 준비","실사용자 신고","manuals/leg/COK-LEG-10-03.md"
"COK-LEG-10-04","LEG","개인정보·컴플라이언스","개인정보 운영 담당자","법률 검토 요청 준비","배포 직전","manuals/leg/COK-LEG-10-04.md"
"COK-LEG-10-05","LEG","개인정보·컴플라이언스","개인정보 운영 담당자","법률 검토 요청 준비","배포 직후","manuals/leg/COK-LEG-10-05.md"
"COK-LEG-10-06","LEG","개인정보·컴플라이언스","개인정보 운영 담당자","법률 검토 요청 준비","장애 발생","manuals/leg/COK-LEG-10-06.md"
"COK-LEG-10-07","LEG","개인정보·컴플라이언스","개인정보 운영 담당자","법률 검토 요청 준비","보안 의심","manuals/leg/COK-LEG-10-07.md"
"COK-LEG-10-08","LEG","개인정보·컴플라이언스","개인정보 운영 담당자","법률 검토 요청 준비","개인정보 포함 가능성","manuals/leg/COK-LEG-10-08.md"
"COK-LEG-10-09","LEG","개인정보·컴플라이언스","개인정보 운영 담당자","법률 검토 요청 준비","파일럿 진행","manuals/leg/COK-LEG-10-09.md"
"COK-LEG-10-10","LEG","개인정보·컴플라이언스","개인정보 운영 담당자","법률 검토 요청 준비","월간 회고","manuals/leg/COK-LEG-10-10.md"
"COK-FIN-01-01","FIN","비용·벤더","재무·벤더 담당자","월간 비용 점검","정기 점검","manuals/fin/COK-FIN-01-01.md"
"COK-FIN-01-02","FIN","비용·벤더","재무·벤더 담당자","월간 비용 점검","신규 요청","manuals/fin/COK-FIN-01-02.md"
"COK-FIN-01-03","FIN","비용·벤더","재무·벤더 담당자","월간 비용 점검","실사용자 신고","manuals/fin/COK-FIN-01-03.md"
"COK-FIN-01-04","FIN","비용·벤더","재무·벤더 담당자","월간 비용 점검","배포 직전","manuals/fin/COK-FIN-01-04.md"
"COK-FIN-01-05","FIN","비용·벤더","재무·벤더 담당자","월간 비용 점검","배포 직후","manuals/fin/COK-FIN-01-05.md"
"COK-FIN-01-06","FIN","비용·벤더","재무·벤더 담당자","월간 비용 점검","장애 발생","manuals/fin/COK-FIN-01-06.md"
"COK-FIN-01-07","FIN","비용·벤더","재무·벤더 담당자","월간 비용 점검","보안 의심","manuals/fin/COK-FIN-01-07.md"
"COK-FIN-01-08","FIN","비용·벤더","재무·벤더 담당자","월간 비용 점검","개인정보 포함 가능성","manuals/fin/COK-FIN-01-08.md"
"COK-FIN-01-09","FIN","비용·벤더","재무·벤더 담당자","월간 비용 점검","파일럿 진행","manuals/fin/COK-FIN-01-09.md"
"COK-FIN-01-10","FIN","비용·벤더","재무·벤더 담당자","월간 비용 점검","월간 회고","manuals/fin/COK-FIN-01-10.md"
"COK-FIN-02-01","FIN","비용·벤더","재무·벤더 담당자","무료 한도 점검","정기 점검","manuals/fin/COK-FIN-02-01.md"
"COK-FIN-02-02","FIN","비용·벤더","재무·벤더 담당자","무료 한도 점검","신규 요청","manuals/fin/COK-FIN-02-02.md"
"COK-FIN-02-03","FIN","비용·벤더","재무·벤더 담당자","무료 한도 점검","실사용자 신고","manuals/fin/COK-FIN-02-03.md"
"COK-FIN-02-04","FIN","비용·벤더","재무·벤더 담당자","무료 한도 점검","배포 직전","manuals/fin/COK-FIN-02-04.md"
"COK-FIN-02-05","FIN","비용·벤더","재무·벤더 담당자","무료 한도 점검","배포 직후","manuals/fin/COK-FIN-02-05.md"
"COK-FIN-02-06","FIN","비용·벤더","재무·벤더 담당자","무료 한도 점검","장애 발생","manuals/fin/COK-FIN-02-06.md"
"COK-FIN-02-07","FIN","비용·벤더","재무·벤더 담당자","무료 한도 점검","보안 의심","manuals/fin/COK-FIN-02-07.md"
"COK-FIN-02-08","FIN","비용·벤더","재무·벤더 담당자","무료 한도 점검","개인정보 포함 가능성","manuals/fin/COK-FIN-02-08.md"
"COK-FIN-02-09","FIN","비용·벤더","재무·벤더 담당자","무료 한도 점검","파일럿 진행","manuals/fin/COK-FIN-02-09.md"
"COK-FIN-02-10","FIN","비용·벤더","재무·벤더 담당자","무료 한도 점검","월간 회고","manuals/fin/COK-FIN-02-10.md"
"COK-FIN-03-01","FIN","비용·벤더","재무·벤더 담당자","벤더 변경 검토","정기 점검","manuals/fin/COK-FIN-03-01.md"
"COK-FIN-03-02","FIN","비용·벤더","재무·벤더 담당자","벤더 변경 검토","신규 요청","manuals/fin/COK-FIN-03-02.md"
"COK-FIN-03-03","FIN","비용·벤더","재무·벤더 담당자","벤더 변경 검토","실사용자 신고","manuals/fin/COK-FIN-03-03.md"
"COK-FIN-03-04","FIN","비용·벤더","재무·벤더 담당자","벤더 변경 검토","배포 직전","manuals/fin/COK-FIN-03-04.md"
"COK-FIN-03-05","FIN","비용·벤더","재무·벤더 담당자","벤더 변경 검토","배포 직후","manuals/fin/COK-FIN-03-05.md"
"COK-FIN-03-06","FIN","비용·벤더","재무·벤더 담당자","벤더 변경 검토","장애 발생","manuals/fin/COK-FIN-03-06.md"
"COK-FIN-03-07","FIN","비용·벤더","재무·벤더 담당자","벤더 변경 검토","보안 의심","manuals/fin/COK-FIN-03-07.md"
"COK-FIN-03-08","FIN","비용·벤더","재무·벤더 담당자","벤더 변경 검토","개인정보 포함 가능성","manuals/fin/COK-FIN-03-08.md"
"COK-FIN-03-09","FIN","비용·벤더","재무·벤더 담당자","벤더 변경 검토","파일럿 진행","manuals/fin/COK-FIN-03-09.md"
"COK-FIN-03-10","FIN","비용·벤더","재무·벤더 담당자","벤더 변경 검토","월간 회고","manuals/fin/COK-FIN-03-10.md"
"COK-FIN-04-01","FIN","비용·벤더","재무·벤더 담당자","도메인 비용 점검","정기 점검","manuals/fin/COK-FIN-04-01.md"
"COK-FIN-04-02","FIN","비용·벤더","재무·벤더 담당자","도메인 비용 점검","신규 요청","manuals/fin/COK-FIN-04-02.md"
"COK-FIN-04-03","FIN","비용·벤더","재무·벤더 담당자","도메인 비용 점검","실사용자 신고","manuals/fin/COK-FIN-04-03.md"
"COK-FIN-04-04","FIN","비용·벤더","재무·벤더 담당자","도메인 비용 점검","배포 직전","manuals/fin/COK-FIN-04-04.md"
"COK-FIN-04-05","FIN","비용·벤더","재무·벤더 담당자","도메인 비용 점검","배포 직후","manuals/fin/COK-FIN-04-05.md"
"COK-FIN-04-06","FIN","비용·벤더","재무·벤더 담당자","도메인 비용 점검","장애 발생","manuals/fin/COK-FIN-04-06.md"
"COK-FIN-04-07","FIN","비용·벤더","재무·벤더 담당자","도메인 비용 점검","보안 의심","manuals/fin/COK-FIN-04-07.md"
"COK-FIN-04-08","FIN","비용·벤더","재무·벤더 담당자","도메인 비용 점검","개인정보 포함 가능성","manuals/fin/COK-FIN-04-08.md"
"COK-FIN-04-09","FIN","비용·벤더","재무·벤더 담당자","도메인 비용 점검","파일럿 진행","manuals/fin/COK-FIN-04-09.md"
"COK-FIN-04-10","FIN","비용·벤더","재무·벤더 담당자","도메인 비용 점검","월간 회고","manuals/fin/COK-FIN-04-10.md"
"COK-FIN-05-01","FIN","비용·벤더","재무·벤더 담당자","API 비용 점검","정기 점검","manuals/fin/COK-FIN-05-01.md"
"COK-FIN-05-02","FIN","비용·벤더","재무·벤더 담당자","API 비용 점검","신규 요청","manuals/fin/COK-FIN-05-02.md"
"COK-FIN-05-03","FIN","비용·벤더","재무·벤더 담당자","API 비용 점검","실사용자 신고","manuals/fin/COK-FIN-05-03.md"
"COK-FIN-05-04","FIN","비용·벤더","재무·벤더 담당자","API 비용 점검","배포 직전","manuals/fin/COK-FIN-05-04.md"
"COK-FIN-05-05","FIN","비용·벤더","재무·벤더 담당자","API 비용 점검","배포 직후","manuals/fin/COK-FIN-05-05.md"
"COK-FIN-05-06","FIN","비용·벤더","재무·벤더 담당자","API 비용 점검","장애 발생","manuals/fin/COK-FIN-05-06.md"
"COK-FIN-05-07","FIN","비용·벤더","재무·벤더 담당자","API 비용 점검","보안 의심","manuals/fin/COK-FIN-05-07.md"
"COK-FIN-05-08","FIN","비용·벤더","재무·벤더 담당자","API 비용 점검","개인정보 포함 가능성","manuals/fin/COK-FIN-05-08.md"
"COK-FIN-05-09","FIN","비용·벤더","재무·벤더 담당자","API 비용 점검","파일럿 진행","manuals/fin/COK-FIN-05-09.md"
"COK-FIN-05-10","FIN","비용·벤더","재무·벤더 담당자","API 비용 점검","월간 회고","manuals/fin/COK-FIN-05-10.md"
"COK-FIN-06-01","FIN","비용·벤더","재무·벤더 담당자","계약 갱신 확인","정기 점검","manuals/fin/COK-FIN-06-01.md"
"COK-FIN-06-02","FIN","비용·벤더","재무·벤더 담당자","계약 갱신 확인","신규 요청","manuals/fin/COK-FIN-06-02.md"
"COK-FIN-06-03","FIN","비용·벤더","재무·벤더 담당자","계약 갱신 확인","실사용자 신고","manuals/fin/COK-FIN-06-03.md"
"COK-FIN-06-04","FIN","비용·벤더","재무·벤더 담당자","계약 갱신 확인","배포 직전","manuals/fin/COK-FIN-06-04.md"
"COK-FIN-06-05","FIN","비용·벤더","재무·벤더 담당자","계약 갱신 확인","배포 직후","manuals/fin/COK-FIN-06-05.md"
"COK-FIN-06-06","FIN","비용·벤더","재무·벤더 담당자","계약 갱신 확인","장애 발생","manuals/fin/COK-FIN-06-06.md"
"COK-FIN-06-07","FIN","비용·벤더","재무·벤더 담당자","계약 갱신 확인","보안 의심","manuals/fin/COK-FIN-06-07.md"
"COK-FIN-06-08","FIN","비용·벤더","재무·벤더 담당자","계약 갱신 확인","개인정보 포함 가능성","manuals/fin/COK-FIN-06-08.md"
"COK-FIN-06-09","FIN","비용·벤더","재무·벤더 담당자","계약 갱신 확인","파일럿 진행","manuals/fin/COK-FIN-06-09.md"
"COK-FIN-06-10","FIN","비용·벤더","재무·벤더 담당자","계약 갱신 확인","월간 회고","manuals/fin/COK-FIN-06-10.md"
"COK-FIN-07-01","FIN","비용·벤더","재무·벤더 담당자","결제 수단 점검","정기 점검","manuals/fin/COK-FIN-07-01.md"
"COK-FIN-07-02","FIN","비용·벤더","재무·벤더 담당자","결제 수단 점검","신규 요청","manuals/fin/COK-FIN-07-02.md"
"COK-FIN-07-03","FIN","비용·벤더","재무·벤더 담당자","결제 수단 점검","실사용자 신고","manuals/fin/COK-FIN-07-03.md"
"COK-FIN-07-04","FIN","비용·벤더","재무·벤더 담당자","결제 수단 점검","배포 직전","manuals/fin/COK-FIN-07-04.md"
"COK-FIN-07-05","FIN","비용·벤더","재무·벤더 담당자","결제 수단 점검","배포 직후","manuals/fin/COK-FIN-07-05.md"
"COK-FIN-07-06","FIN","비용·벤더","재무·벤더 담당자","결제 수단 점검","장애 발생","manuals/fin/COK-FIN-07-06.md"
"COK-FIN-07-07","FIN","비용·벤더","재무·벤더 담당자","결제 수단 점검","보안 의심","manuals/fin/COK-FIN-07-07.md"
"COK-FIN-07-08","FIN","비용·벤더","재무·벤더 담당자","결제 수단 점검","개인정보 포함 가능성","manuals/fin/COK-FIN-07-08.md"
"COK-FIN-07-09","FIN","비용·벤더","재무·벤더 담당자","결제 수단 점검","파일럿 진행","manuals/fin/COK-FIN-07-09.md"
"COK-FIN-07-10","FIN","비용·벤더","재무·벤더 담당자","결제 수단 점검","월간 회고","manuals/fin/COK-FIN-07-10.md"
"COK-FIN-08-01","FIN","비용·벤더","재무·벤더 담당자","비용 이상 탐지","정기 점검","manuals/fin/COK-FIN-08-01.md"
"COK-FIN-08-02","FIN","비용·벤더","재무·벤더 담당자","비용 이상 탐지","신규 요청","manuals/fin/COK-FIN-08-02.md"
"COK-FIN-08-03","FIN","비용·벤더","재무·벤더 담당자","비용 이상 탐지","실사용자 신고","manuals/fin/COK-FIN-08-03.md"
"COK-FIN-08-04","FIN","비용·벤더","재무·벤더 담당자","비용 이상 탐지","배포 직전","manuals/fin/COK-FIN-08-04.md"
"COK-FIN-08-05","FIN","비용·벤더","재무·벤더 담당자","비용 이상 탐지","배포 직후","manuals/fin/COK-FIN-08-05.md"
"COK-FIN-08-06","FIN","비용·벤더","재무·벤더 담당자","비용 이상 탐지","장애 발생","manuals/fin/COK-FIN-08-06.md"
"COK-FIN-08-07","FIN","비용·벤더","재무·벤더 담당자","비용 이상 탐지","보안 의심","manuals/fin/COK-FIN-08-07.md"
"COK-FIN-08-08","FIN","비용·벤더","재무·벤더 담당자","비용 이상 탐지","개인정보 포함 가능성","manuals/fin/COK-FIN-08-08.md"
"COK-FIN-08-09","FIN","비용·벤더","재무·벤더 담당자","비용 이상 탐지","파일럿 진행","manuals/fin/COK-FIN-08-09.md"
"COK-FIN-08-10","FIN","비용·벤더","재무·벤더 담당자","비용 이상 탐지","월간 회고","manuals/fin/COK-FIN-08-10.md"
"COK-FIN-09-01","FIN","비용·벤더","재무·벤더 담당자","예산 승인","정기 점검","manuals/fin/COK-FIN-09-01.md"
"COK-FIN-09-02","FIN","비용·벤더","재무·벤더 담당자","예산 승인","신규 요청","manuals/fin/COK-FIN-09-02.md"
"COK-FIN-09-03","FIN","비용·벤더","재무·벤더 담당자","예산 승인","실사용자 신고","manuals/fin/COK-FIN-09-03.md"
"COK-FIN-09-04","FIN","비용·벤더","재무·벤더 담당자","예산 승인","배포 직전","manuals/fin/COK-FIN-09-04.md"
"COK-FIN-09-05","FIN","비용·벤더","재무·벤더 담당자","예산 승인","배포 직후","manuals/fin/COK-FIN-09-05.md"
"COK-FIN-09-06","FIN","비용·벤더","재무·벤더 담당자","예산 승인","장애 발생","manuals/fin/COK-FIN-09-06.md"
"COK-FIN-09-07","FIN","비용·벤더","재무·벤더 담당자","예산 승인","보안 의심","manuals/fin/COK-FIN-09-07.md"
"COK-FIN-09-08","FIN","비용·벤더","재무·벤더 담당자","예산 승인","개인정보 포함 가능성","manuals/fin/COK-FIN-09-08.md"
"COK-FIN-09-09","FIN","비용·벤더","재무·벤더 담당자","예산 승인","파일럿 진행","manuals/fin/COK-FIN-09-09.md"
"COK-FIN-09-10","FIN","비용·벤더","재무·벤더 담당자","예산 승인","월간 회고","manuals/fin/COK-FIN-09-10.md"
"COK-FIN-10-01","FIN","비용·벤더","재무·벤더 담당자","비용 기록 정리","정기 점검","manuals/fin/COK-FIN-10-01.md"
"COK-FIN-10-02","FIN","비용·벤더","재무·벤더 담당자","비용 기록 정리","신규 요청","manuals/fin/COK-FIN-10-02.md"
"COK-FIN-10-03","FIN","비용·벤더","재무·벤더 담당자","비용 기록 정리","실사용자 신고","manuals/fin/COK-FIN-10-03.md"
"COK-FIN-10-04","FIN","비용·벤더","재무·벤더 담당자","비용 기록 정리","배포 직전","manuals/fin/COK-FIN-10-04.md"
"COK-FIN-10-05","FIN","비용·벤더","재무·벤더 담당자","비용 기록 정리","배포 직후","manuals/fin/COK-FIN-10-05.md"
"COK-FIN-10-06","FIN","비용·벤더","재무·벤더 담당자","비용 기록 정리","장애 발생","manuals/fin/COK-FIN-10-06.md"
"COK-FIN-10-07","FIN","비용·벤더","재무·벤더 담당자","비용 기록 정리","보안 의심","manuals/fin/COK-FIN-10-07.md"
"COK-FIN-10-08","FIN","비용·벤더","재무·벤더 담당자","비용 기록 정리","개인정보 포함 가능성","manuals/fin/COK-FIN-10-08.md"
"COK-FIN-10-09","FIN","비용·벤더","재무·벤더 담당자","비용 기록 정리","파일럿 진행","manuals/fin/COK-FIN-10-09.md"
"COK-FIN-10-10","FIN","비용·벤더","재무·벤더 담당자","비용 기록 정리","월간 회고","manuals/fin/COK-FIN-10-10.md"
"COK-MRK-01-01","MRK","브랜드·마케팅","마케터","브랜드 메시지 점검","정기 점검","manuals/mrk/COK-MRK-01-01.md"
"COK-MRK-01-02","MRK","브랜드·마케팅","마케터","브랜드 메시지 점검","신규 요청","manuals/mrk/COK-MRK-01-02.md"
"COK-MRK-01-03","MRK","브랜드·마케팅","마케터","브랜드 메시지 점검","실사용자 신고","manuals/mrk/COK-MRK-01-03.md"
"COK-MRK-01-04","MRK","브랜드·마케팅","마케터","브랜드 메시지 점검","배포 직전","manuals/mrk/COK-MRK-01-04.md"
"COK-MRK-01-05","MRK","브랜드·마케팅","마케터","브랜드 메시지 점검","배포 직후","manuals/mrk/COK-MRK-01-05.md"
"COK-MRK-01-06","MRK","브랜드·마케팅","마케터","브랜드 메시지 점검","장애 발생","manuals/mrk/COK-MRK-01-06.md"
"COK-MRK-01-07","MRK","브랜드·마케팅","마케터","브랜드 메시지 점검","보안 의심","manuals/mrk/COK-MRK-01-07.md"
"COK-MRK-01-08","MRK","브랜드·마케팅","마케터","브랜드 메시지 점검","개인정보 포함 가능성","manuals/mrk/COK-MRK-01-08.md"
"COK-MRK-01-09","MRK","브랜드·마케팅","마케터","브랜드 메시지 점검","파일럿 진행","manuals/mrk/COK-MRK-01-09.md"
"COK-MRK-01-10","MRK","브랜드·마케팅","마케터","브랜드 메시지 점검","월간 회고","manuals/mrk/COK-MRK-01-10.md"
"COK-MRK-02-01","MRK","브랜드·마케팅","마케터","사례 작성","정기 점검","manuals/mrk/COK-MRK-02-01.md"
"COK-MRK-02-02","MRK","브랜드·마케팅","마케터","사례 작성","신규 요청","manuals/mrk/COK-MRK-02-02.md"
"COK-MRK-02-03","MRK","브랜드·마케팅","마케터","사례 작성","실사용자 신고","manuals/mrk/COK-MRK-02-03.md"
"COK-MRK-02-04","MRK","브랜드·마케팅","마케터","사례 작성","배포 직전","manuals/mrk/COK-MRK-02-04.md"
"COK-MRK-02-05","MRK","브랜드·마케팅","마케터","사례 작성","배포 직후","manuals/mrk/COK-MRK-02-05.md"
"COK-MRK-02-06","MRK","브랜드·마케팅","마케터","사례 작성","장애 발생","manuals/mrk/COK-MRK-02-06.md"
"COK-MRK-02-07","MRK","브랜드·마케팅","마케터","사례 작성","보안 의심","manuals/mrk/COK-MRK-02-07.md"
"COK-MRK-02-08","MRK","브랜드·마케팅","마케터","사례 작성","개인정보 포함 가능성","manuals/mrk/COK-MRK-02-08.md"
"COK-MRK-02-09","MRK","브랜드·마케팅","마케터","사례 작성","파일럿 진행","manuals/mrk/COK-MRK-02-09.md"
"COK-MRK-02-10","MRK","브랜드·마케팅","마케터","사례 작성","월간 회고","manuals/mrk/COK-MRK-02-10.md"
"COK-MRK-03-01","MRK","브랜드·마케팅","마케터","랜딩 카피 점검","정기 점검","manuals/mrk/COK-MRK-03-01.md"
"COK-MRK-03-02","MRK","브랜드·마케팅","마케터","랜딩 카피 점검","신규 요청","manuals/mrk/COK-MRK-03-02.md"
"COK-MRK-03-03","MRK","브랜드·마케팅","마케터","랜딩 카피 점검","실사용자 신고","manuals/mrk/COK-MRK-03-03.md"
"COK-MRK-03-04","MRK","브랜드·마케팅","마케터","랜딩 카피 점검","배포 직전","manuals/mrk/COK-MRK-03-04.md"
"COK-MRK-03-05","MRK","브랜드·마케팅","마케터","랜딩 카피 점검","배포 직후","manuals/mrk/COK-MRK-03-05.md"
"COK-MRK-03-06","MRK","브랜드·마케팅","마케터","랜딩 카피 점검","장애 발생","manuals/mrk/COK-MRK-03-06.md"
"COK-MRK-03-07","MRK","브랜드·마케팅","마케터","랜딩 카피 점검","보안 의심","manuals/mrk/COK-MRK-03-07.md"
"COK-MRK-03-08","MRK","브랜드·마케팅","마케터","랜딩 카피 점검","개인정보 포함 가능성","manuals/mrk/COK-MRK-03-08.md"
"COK-MRK-03-09","MRK","브랜드·마케팅","마케터","랜딩 카피 점검","파일럿 진행","manuals/mrk/COK-MRK-03-09.md"
"COK-MRK-03-10","MRK","브랜드·마케팅","마케터","랜딩 카피 점검","월간 회고","manuals/mrk/COK-MRK-03-10.md"
"COK-MRK-04-01","MRK","브랜드·마케팅","마케터","공유 이미지 점검","정기 점검","manuals/mrk/COK-MRK-04-01.md"
"COK-MRK-04-02","MRK","브랜드·마케팅","마케터","공유 이미지 점검","신규 요청","manuals/mrk/COK-MRK-04-02.md"
"COK-MRK-04-03","MRK","브랜드·마케팅","마케터","공유 이미지 점검","실사용자 신고","manuals/mrk/COK-MRK-04-03.md"
"COK-MRK-04-04","MRK","브랜드·마케팅","마케터","공유 이미지 점검","배포 직전","manuals/mrk/COK-MRK-04-04.md"
"COK-MRK-04-05","MRK","브랜드·마케팅","마케터","공유 이미지 점검","배포 직후","manuals/mrk/COK-MRK-04-05.md"
"COK-MRK-04-06","MRK","브랜드·마케팅","마케터","공유 이미지 점검","장애 발생","manuals/mrk/COK-MRK-04-06.md"
"COK-MRK-04-07","MRK","브랜드·마케팅","마케터","공유 이미지 점검","보안 의심","manuals/mrk/COK-MRK-04-07.md"
"COK-MRK-04-08","MRK","브랜드·마케팅","마케터","공유 이미지 점검","개인정보 포함 가능성","manuals/mrk/COK-MRK-04-08.md"
"COK-MRK-04-09","MRK","브랜드·마케팅","마케터","공유 이미지 점검","파일럿 진행","manuals/mrk/COK-MRK-04-09.md"
"COK-MRK-04-10","MRK","브랜드·마케팅","마케터","공유 이미지 점검","월간 회고","manuals/mrk/COK-MRK-04-10.md"
"COK-MRK-05-01","MRK","브랜드·마케팅","마케터","채널 게시물 작성","정기 점검","manuals/mrk/COK-MRK-05-01.md"
"COK-MRK-05-02","MRK","브랜드·마케팅","마케터","채널 게시물 작성","신규 요청","manuals/mrk/COK-MRK-05-02.md"
"COK-MRK-05-03","MRK","브랜드·마케팅","마케터","채널 게시물 작성","실사용자 신고","manuals/mrk/COK-MRK-05-03.md"
"COK-MRK-05-04","MRK","브랜드·마케팅","마케터","채널 게시물 작성","배포 직전","manuals/mrk/COK-MRK-05-04.md"
"COK-MRK-05-05","MRK","브랜드·마케팅","마케터","채널 게시물 작성","배포 직후","manuals/mrk/COK-MRK-05-05.md"
"COK-MRK-05-06","MRK","브랜드·마케팅","마케터","채널 게시물 작성","장애 발생","manuals/mrk/COK-MRK-05-06.md"
"COK-MRK-05-07","MRK","브랜드·마케팅","마케터","채널 게시물 작성","보안 의심","manuals/mrk/COK-MRK-05-07.md"
"COK-MRK-05-08","MRK","브랜드·마케팅","마케터","채널 게시물 작성","개인정보 포함 가능성","manuals/mrk/COK-MRK-05-08.md"
"COK-MRK-05-09","MRK","브랜드·마케팅","마케터","채널 게시물 작성","파일럿 진행","manuals/mrk/COK-MRK-05-09.md"
"COK-MRK-05-10","MRK","브랜드·마케팅","마케터","채널 게시물 작성","월간 회고","manuals/mrk/COK-MRK-05-10.md"
"COK-MRK-06-01","MRK","브랜드·마케팅","마케터","파일럿 모집","정기 점검","manuals/mrk/COK-MRK-06-01.md"
"COK-MRK-06-02","MRK","브랜드·마케팅","마케터","파일럿 모집","신규 요청","manuals/mrk/COK-MRK-06-02.md"
"COK-MRK-06-03","MRK","브랜드·마케팅","마케터","파일럿 모집","실사용자 신고","manuals/mrk/COK-MRK-06-03.md"
"COK-MRK-06-04","MRK","브랜드·마케팅","마케터","파일럿 모집","배포 직전","manuals/mrk/COK-MRK-06-04.md"
"COK-MRK-06-05","MRK","브랜드·마케팅","마케터","파일럿 모집","배포 직후","manuals/mrk/COK-MRK-06-05.md"
"COK-MRK-06-06","MRK","브랜드·마케팅","마케터","파일럿 모집","장애 발생","manuals/mrk/COK-MRK-06-06.md"
"COK-MRK-06-07","MRK","브랜드·마케팅","마케터","파일럿 모집","보안 의심","manuals/mrk/COK-MRK-06-07.md"
"COK-MRK-06-08","MRK","브랜드·마케팅","마케터","파일럿 모집","개인정보 포함 가능성","manuals/mrk/COK-MRK-06-08.md"
"COK-MRK-06-09","MRK","브랜드·마케팅","마케터","파일럿 모집","파일럿 진행","manuals/mrk/COK-MRK-06-09.md"
"COK-MRK-06-10","MRK","브랜드·마케팅","마케터","파일럿 모집","월간 회고","manuals/mrk/COK-MRK-06-10.md"
"COK-MRK-07-01","MRK","브랜드·마케팅","마케터","후기 요청","정기 점검","manuals/mrk/COK-MRK-07-01.md"
"COK-MRK-07-02","MRK","브랜드·마케팅","마케터","후기 요청","신규 요청","manuals/mrk/COK-MRK-07-02.md"
"COK-MRK-07-03","MRK","브랜드·마케팅","마케터","후기 요청","실사용자 신고","manuals/mrk/COK-MRK-07-03.md"
"COK-MRK-07-04","MRK","브랜드·마케팅","마케터","후기 요청","배포 직전","manuals/mrk/COK-MRK-07-04.md"
"COK-MRK-07-05","MRK","브랜드·마케팅","마케터","후기 요청","배포 직후","manuals/mrk/COK-MRK-07-05.md"
"COK-MRK-07-06","MRK","브랜드·마케팅","마케터","후기 요청","장애 발생","manuals/mrk/COK-MRK-07-06.md"
"COK-MRK-07-07","MRK","브랜드·마케팅","마케터","후기 요청","보안 의심","manuals/mrk/COK-MRK-07-07.md"
"COK-MRK-07-08","MRK","브랜드·마케팅","마케터","후기 요청","개인정보 포함 가능성","manuals/mrk/COK-MRK-07-08.md"
"COK-MRK-07-09","MRK","브랜드·마케팅","마케터","후기 요청","파일럿 진행","manuals/mrk/COK-MRK-07-09.md"
"COK-MRK-07-10","MRK","브랜드·마케팅","마케터","후기 요청","월간 회고","manuals/mrk/COK-MRK-07-10.md"
"COK-MRK-08-01","MRK","브랜드·마케팅","마케터","캠페인 회고","정기 점검","manuals/mrk/COK-MRK-08-01.md"
"COK-MRK-08-02","MRK","브랜드·마케팅","마케터","캠페인 회고","신규 요청","manuals/mrk/COK-MRK-08-02.md"
"COK-MRK-08-03","MRK","브랜드·마케팅","마케터","캠페인 회고","실사용자 신고","manuals/mrk/COK-MRK-08-03.md"
"COK-MRK-08-04","MRK","브랜드·마케팅","마케터","캠페인 회고","배포 직전","manuals/mrk/COK-MRK-08-04.md"
"COK-MRK-08-05","MRK","브랜드·마케팅","마케터","캠페인 회고","배포 직후","manuals/mrk/COK-MRK-08-05.md"
"COK-MRK-08-06","MRK","브랜드·마케팅","마케터","캠페인 회고","장애 발생","manuals/mrk/COK-MRK-08-06.md"
"COK-MRK-08-07","MRK","브랜드·마케팅","마케터","캠페인 회고","보안 의심","manuals/mrk/COK-MRK-08-07.md"
"COK-MRK-08-08","MRK","브랜드·마케팅","마케터","캠페인 회고","개인정보 포함 가능성","manuals/mrk/COK-MRK-08-08.md"
"COK-MRK-08-09","MRK","브랜드·마케팅","마케터","캠페인 회고","파일럿 진행","manuals/mrk/COK-MRK-08-09.md"
"COK-MRK-08-10","MRK","브랜드·마케팅","마케터","캠페인 회고","월간 회고","manuals/mrk/COK-MRK-08-10.md"
"COK-MRK-09-01","MRK","브랜드·마케팅","마케터","경쟁 메시지 점검","정기 점검","manuals/mrk/COK-MRK-09-01.md"
"COK-MRK-09-02","MRK","브랜드·마케팅","마케터","경쟁 메시지 점검","신규 요청","manuals/mrk/COK-MRK-09-02.md"
"COK-MRK-09-03","MRK","브랜드·마케팅","마케터","경쟁 메시지 점검","실사용자 신고","manuals/mrk/COK-MRK-09-03.md"
"COK-MRK-09-04","MRK","브랜드·마케팅","마케터","경쟁 메시지 점검","배포 직전","manuals/mrk/COK-MRK-09-04.md"
"COK-MRK-09-05","MRK","브랜드·마케팅","마케터","경쟁 메시지 점검","배포 직후","manuals/mrk/COK-MRK-09-05.md"
"COK-MRK-09-06","MRK","브랜드·마케팅","마케터","경쟁 메시지 점검","장애 발생","manuals/mrk/COK-MRK-09-06.md"
"COK-MRK-09-07","MRK","브랜드·마케팅","마케터","경쟁 메시지 점검","보안 의심","manuals/mrk/COK-MRK-09-07.md"
"COK-MRK-09-08","MRK","브랜드·마케팅","마케터","경쟁 메시지 점검","개인정보 포함 가능성","manuals/mrk/COK-MRK-09-08.md"
"COK-MRK-09-09","MRK","브랜드·마케팅","마케터","경쟁 메시지 점검","파일럿 진행","manuals/mrk/COK-MRK-09-09.md"
"COK-MRK-09-10","MRK","브랜드·마케팅","마케터","경쟁 메시지 점검","월간 회고","manuals/mrk/COK-MRK-09-10.md"
"COK-MRK-10-01","MRK","브랜드·마케팅","마케터","브랜드 자산 사용 점검","정기 점검","manuals/mrk/COK-MRK-10-01.md"
"COK-MRK-10-02","MRK","브랜드·마케팅","마케터","브랜드 자산 사용 점검","신규 요청","manuals/mrk/COK-MRK-10-02.md"
"COK-MRK-10-03","MRK","브랜드·마케팅","마케터","브랜드 자산 사용 점검","실사용자 신고","manuals/mrk/COK-MRK-10-03.md"
"COK-MRK-10-04","MRK","브랜드·마케팅","마케터","브랜드 자산 사용 점검","배포 직전","manuals/mrk/COK-MRK-10-04.md"
"COK-MRK-10-05","MRK","브랜드·마케팅","마케터","브랜드 자산 사용 점검","배포 직후","manuals/mrk/COK-MRK-10-05.md"
"COK-MRK-10-06","MRK","브랜드·마케팅","마케터","브랜드 자산 사용 점검","장애 발생","manuals/mrk/COK-MRK-10-06.md"
"COK-MRK-10-07","MRK","브랜드·마케팅","마케터","브랜드 자산 사용 점검","보안 의심","manuals/mrk/COK-MRK-10-07.md"
"COK-MRK-10-08","MRK","브랜드·마케팅","마케터","브랜드 자산 사용 점검","개인정보 포함 가능성","manuals/mrk/COK-MRK-10-08.md"
"COK-MRK-10-09","MRK","브랜드·마케팅","마케터","브랜드 자산 사용 점검","파일럿 진행","manuals/mrk/COK-MRK-10-09.md"
"COK-MRK-10-10","MRK","브랜드·마케팅","마케터","브랜드 자산 사용 점검","월간 회고","manuals/mrk/COK-MRK-10-10.md"
"COK-SEO-01-01","SEO","콘텐츠·검색","콘텐츠·SEO 담당자","검색 의도 정의","정기 점검","manuals/seo/COK-SEO-01-01.md"
"COK-SEO-01-02","SEO","콘텐츠·검색","콘텐츠·SEO 담당자","검색 의도 정의","신규 요청","manuals/seo/COK-SEO-01-02.md"
"COK-SEO-01-03","SEO","콘텐츠·검색","콘텐츠·SEO 담당자","검색 의도 정의","실사용자 신고","manuals/seo/COK-SEO-01-03.md"
"COK-SEO-01-04","SEO","콘텐츠·검색","콘텐츠·SEO 담당자","검색 의도 정의","배포 직전","manuals/seo/COK-SEO-01-04.md"
"COK-SEO-01-05","SEO","콘텐츠·검색","콘텐츠·SEO 담당자","검색 의도 정의","배포 직후","manuals/seo/COK-SEO-01-05.md"
"COK-SEO-01-06","SEO","콘텐츠·검색","콘텐츠·SEO 담당자","검색 의도 정의","장애 발생","manuals/seo/COK-SEO-01-06.md"
"COK-SEO-01-07","SEO","콘텐츠·검색","콘텐츠·SEO 담당자","검색 의도 정의","보안 의심","manuals/seo/COK-SEO-01-07.md"
"COK-SEO-01-08","SEO","콘텐츠·검색","콘텐츠·SEO 담당자","검색 의도 정의","개인정보 포함 가능성","manuals/seo/COK-SEO-01-08.md"
"COK-SEO-01-09","SEO","콘텐츠·검색","콘텐츠·SEO 담당자","검색 의도 정의","파일럿 진행","manuals/seo/COK-SEO-01-09.md"
"COK-SEO-01-10","SEO","콘텐츠·검색","콘텐츠·SEO 담당자","검색 의도 정의","월간 회고","manuals/seo/COK-SEO-01-10.md"
"COK-SEO-02-01","SEO","콘텐츠·검색","콘텐츠·SEO 담당자","가이드 작성","정기 점검","manuals/seo/COK-SEO-02-01.md"
"COK-SEO-02-02","SEO","콘텐츠·검색","콘텐츠·SEO 담당자","가이드 작성","신규 요청","manuals/seo/COK-SEO-02-02.md"
"COK-SEO-02-03","SEO","콘텐츠·검색","콘텐츠·SEO 담당자","가이드 작성","실사용자 신고","manuals/seo/COK-SEO-02-03.md"
"COK-SEO-02-04","SEO","콘텐츠·검색","콘텐츠·SEO 담당자","가이드 작성","배포 직전","manuals/seo/COK-SEO-02-04.md"
"COK-SEO-02-05","SEO","콘텐츠·검색","콘텐츠·SEO 담당자","가이드 작성","배포 직후","manuals/seo/COK-SEO-02-05.md"
"COK-SEO-02-06","SEO","콘텐츠·검색","콘텐츠·SEO 담당자","가이드 작성","장애 발생","manuals/seo/COK-SEO-02-06.md"
"COK-SEO-02-07","SEO","콘텐츠·검색","콘텐츠·SEO 담당자","가이드 작성","보안 의심","manuals/seo/COK-SEO-02-07.md"
"COK-SEO-02-08","SEO","콘텐츠·검색","콘텐츠·SEO 담당자","가이드 작성","개인정보 포함 가능성","manuals/seo/COK-SEO-02-08.md"
"COK-SEO-02-09","SEO","콘텐츠·검색","콘텐츠·SEO 담당자","가이드 작성","파일럿 진행","manuals/seo/COK-SEO-02-09.md"
"COK-SEO-02-10","SEO","콘텐츠·검색","콘텐츠·SEO 담당자","가이드 작성","월간 회고","manuals/seo/COK-SEO-02-10.md"
"COK-SEO-03-01","SEO","콘텐츠·검색","콘텐츠·SEO 담당자","템플릿 설명 작성","정기 점검","manuals/seo/COK-SEO-03-01.md"
"COK-SEO-03-02","SEO","콘텐츠·검색","콘텐츠·SEO 담당자","템플릿 설명 작성","신규 요청","manuals/seo/COK-SEO-03-02.md"
"COK-SEO-03-03","SEO","콘텐츠·검색","콘텐츠·SEO 담당자","템플릿 설명 작성","실사용자 신고","manuals/seo/COK-SEO-03-03.md"
"COK-SEO-03-04","SEO","콘텐츠·검색","콘텐츠·SEO 담당자","템플릿 설명 작성","배포 직전","manuals/seo/COK-SEO-03-04.md"
"COK-SEO-03-05","SEO","콘텐츠·검색","콘텐츠·SEO 담당자","템플릿 설명 작성","배포 직후","manuals/seo/COK-SEO-03-05.md"
"COK-SEO-03-06","SEO","콘텐츠·검색","콘텐츠·SEO 담당자","템플릿 설명 작성","장애 발생","manuals/seo/COK-SEO-03-06.md"
"COK-SEO-03-07","SEO","콘텐츠·검색","콘텐츠·SEO 담당자","템플릿 설명 작성","보안 의심","manuals/seo/COK-SEO-03-07.md"
"COK-SEO-03-08","SEO","콘텐츠·검색","콘텐츠·SEO 담당자","템플릿 설명 작성","개인정보 포함 가능성","manuals/seo/COK-SEO-03-08.md"
"COK-SEO-03-09","SEO","콘텐츠·검색","콘텐츠·SEO 담당자","템플릿 설명 작성","파일럿 진행","manuals/seo/COK-SEO-03-09.md"
"COK-SEO-03-10","SEO","콘텐츠·검색","콘텐츠·SEO 담당자","템플릿 설명 작성","월간 회고","manuals/seo/COK-SEO-03-10.md"
"COK-SEO-04-01","SEO","콘텐츠·검색","콘텐츠·SEO 담당자","제목·설명 점검","정기 점검","manuals/seo/COK-SEO-04-01.md"
"COK-SEO-04-02","SEO","콘텐츠·검색","콘텐츠·SEO 담당자","제목·설명 점검","신규 요청","manuals/seo/COK-SEO-04-02.md"
"COK-SEO-04-03","SEO","콘텐츠·검색","콘텐츠·SEO 담당자","제목·설명 점검","실사용자 신고","manuals/seo/COK-SEO-04-03.md"
"COK-SEO-04-04","SEO","콘텐츠·검색","콘텐츠·SEO 담당자","제목·설명 점검","배포 직전","manuals/seo/COK-SEO-04-04.md"
"COK-SEO-04-05","SEO","콘텐츠·검색","콘텐츠·SEO 담당자","제목·설명 점검","배포 직후","manuals/seo/COK-SEO-04-05.md"
"COK-SEO-04-06","SEO","콘텐츠·검색","콘텐츠·SEO 담당자","제목·설명 점검","장애 발생","manuals/seo/COK-SEO-04-06.md"
"COK-SEO-04-07","SEO","콘텐츠·검색","콘텐츠·SEO 담당자","제목·설명 점검","보안 의심","manuals/seo/COK-SEO-04-07.md"
"COK-SEO-04-08","SEO","콘텐츠·검색","콘텐츠·SEO 담당자","제목·설명 점검","개인정보 포함 가능성","manuals/seo/COK-SEO-04-08.md"
"COK-SEO-04-09","SEO","콘텐츠·검색","콘텐츠·SEO 담당자","제목·설명 점검","파일럿 진행","manuals/seo/COK-SEO-04-09.md"
"COK-SEO-04-10","SEO","콘텐츠·검색","콘텐츠·SEO 담당자","제목·설명 점검","월간 회고","manuals/seo/COK-SEO-04-10.md"
"COK-SEO-05-01","SEO","콘텐츠·검색","콘텐츠·SEO 담당자","사이트맵 점검","정기 점검","manuals/seo/COK-SEO-05-01.md"
"COK-SEO-05-02","SEO","콘텐츠·검색","콘텐츠·SEO 담당자","사이트맵 점검","신규 요청","manuals/seo/COK-SEO-05-02.md"
"COK-SEO-05-03","SEO","콘텐츠·검색","콘텐츠·SEO 담당자","사이트맵 점검","실사용자 신고","manuals/seo/COK-SEO-05-03.md"
"COK-SEO-05-04","SEO","콘텐츠·검색","콘텐츠·SEO 담당자","사이트맵 점검","배포 직전","manuals/seo/COK-SEO-05-04.md"
"COK-SEO-05-05","SEO","콘텐츠·검색","콘텐츠·SEO 담당자","사이트맵 점검","배포 직후","manuals/seo/COK-SEO-05-05.md"
"COK-SEO-05-06","SEO","콘텐츠·검색","콘텐츠·SEO 담당자","사이트맵 점검","장애 발생","manuals/seo/COK-SEO-05-06.md"
"COK-SEO-05-07","SEO","콘텐츠·검색","콘텐츠·SEO 담당자","사이트맵 점검","보안 의심","manuals/seo/COK-SEO-05-07.md"
"COK-SEO-05-08","SEO","콘텐츠·검색","콘텐츠·SEO 담당자","사이트맵 점검","개인정보 포함 가능성","manuals/seo/COK-SEO-05-08.md"
"COK-SEO-05-09","SEO","콘텐츠·검색","콘텐츠·SEO 담당자","사이트맵 점검","파일럿 진행","manuals/seo/COK-SEO-05-09.md"
"COK-SEO-05-10","SEO","콘텐츠·검색","콘텐츠·SEO 담당자","사이트맵 점검","월간 회고","manuals/seo/COK-SEO-05-10.md"
"COK-SEO-06-01","SEO","콘텐츠·검색","콘텐츠·SEO 담당자","OG 정보 점검","정기 점검","manuals/seo/COK-SEO-06-01.md"
"COK-SEO-06-02","SEO","콘텐츠·검색","콘텐츠·SEO 담당자","OG 정보 점검","신규 요청","manuals/seo/COK-SEO-06-02.md"
"COK-SEO-06-03","SEO","콘텐츠·검색","콘텐츠·SEO 담당자","OG 정보 점검","실사용자 신고","manuals/seo/COK-SEO-06-03.md"
"COK-SEO-06-04","SEO","콘텐츠·검색","콘텐츠·SEO 담당자","OG 정보 점검","배포 직전","manuals/seo/COK-SEO-06-04.md"
"COK-SEO-06-05","SEO","콘텐츠·검색","콘텐츠·SEO 담당자","OG 정보 점검","배포 직후","manuals/seo/COK-SEO-06-05.md"
"COK-SEO-06-06","SEO","콘텐츠·검색","콘텐츠·SEO 담당자","OG 정보 점검","장애 발생","manuals/seo/COK-SEO-06-06.md"
"COK-SEO-06-07","SEO","콘텐츠·검색","콘텐츠·SEO 담당자","OG 정보 점검","보안 의심","manuals/seo/COK-SEO-06-07.md"
"COK-SEO-06-08","SEO","콘텐츠·검색","콘텐츠·SEO 담당자","OG 정보 점검","개인정보 포함 가능성","manuals/seo/COK-SEO-06-08.md"
"COK-SEO-06-09","SEO","콘텐츠·검색","콘텐츠·SEO 담당자","OG 정보 점검","파일럿 진행","manuals/seo/COK-SEO-06-09.md"
"COK-SEO-06-10","SEO","콘텐츠·검색","콘텐츠·SEO 담당자","OG 정보 점검","월간 회고","manuals/seo/COK-SEO-06-10.md"
"COK-SEO-07-01","SEO","콘텐츠·검색","콘텐츠·SEO 담당자","내부 링크 점검","정기 점검","manuals/seo/COK-SEO-07-01.md"
"COK-SEO-07-02","SEO","콘텐츠·검색","콘텐츠·SEO 담당자","내부 링크 점검","신규 요청","manuals/seo/COK-SEO-07-02.md"
"COK-SEO-07-03","SEO","콘텐츠·검색","콘텐츠·SEO 담당자","내부 링크 점검","실사용자 신고","manuals/seo/COK-SEO-07-03.md"
"COK-SEO-07-04","SEO","콘텐츠·검색","콘텐츠·SEO 담당자","내부 링크 점검","배포 직전","manuals/seo/COK-SEO-07-04.md"
"COK-SEO-07-05","SEO","콘텐츠·검색","콘텐츠·SEO 담당자","내부 링크 점검","배포 직후","manuals/seo/COK-SEO-07-05.md"
"COK-SEO-07-06","SEO","콘텐츠·검색","콘텐츠·SEO 담당자","내부 링크 점검","장애 발생","manuals/seo/COK-SEO-07-06.md"
"COK-SEO-07-07","SEO","콘텐츠·검색","콘텐츠·SEO 담당자","내부 링크 점검","보안 의심","manuals/seo/COK-SEO-07-07.md"
"COK-SEO-07-08","SEO","콘텐츠·검색","콘텐츠·SEO 담당자","내부 링크 점검","개인정보 포함 가능성","manuals/seo/COK-SEO-07-08.md"
"COK-SEO-07-09","SEO","콘텐츠·검색","콘텐츠·SEO 담당자","내부 링크 점검","파일럿 진행","manuals/seo/COK-SEO-07-09.md"
"COK-SEO-07-10","SEO","콘텐츠·검색","콘텐츠·SEO 담당자","내부 링크 점검","월간 회고","manuals/seo/COK-SEO-07-10.md"
"COK-SEO-08-01","SEO","콘텐츠·검색","콘텐츠·SEO 담당자","사례 페이지 작성","정기 점검","manuals/seo/COK-SEO-08-01.md"
"COK-SEO-08-02","SEO","콘텐츠·검색","콘텐츠·SEO 담당자","사례 페이지 작성","신규 요청","manuals/seo/COK-SEO-08-02.md"
"COK-SEO-08-03","SEO","콘텐츠·검색","콘텐츠·SEO 담당자","사례 페이지 작성","실사용자 신고","manuals/seo/COK-SEO-08-03.md"
"COK-SEO-08-04","SEO","콘텐츠·검색","콘텐츠·SEO 담당자","사례 페이지 작성","배포 직전","manuals/seo/COK-SEO-08-04.md"
"COK-SEO-08-05","SEO","콘텐츠·검색","콘텐츠·SEO 담당자","사례 페이지 작성","배포 직후","manuals/seo/COK-SEO-08-05.md"
"COK-SEO-08-06","SEO","콘텐츠·검색","콘텐츠·SEO 담당자","사례 페이지 작성","장애 발생","manuals/seo/COK-SEO-08-06.md"
"COK-SEO-08-07","SEO","콘텐츠·검색","콘텐츠·SEO 담당자","사례 페이지 작성","보안 의심","manuals/seo/COK-SEO-08-07.md"
"COK-SEO-08-08","SEO","콘텐츠·검색","콘텐츠·SEO 담당자","사례 페이지 작성","개인정보 포함 가능성","manuals/seo/COK-SEO-08-08.md"
"COK-SEO-08-09","SEO","콘텐츠·검색","콘텐츠·SEO 담당자","사례 페이지 작성","파일럿 진행","manuals/seo/COK-SEO-08-09.md"
"COK-SEO-08-10","SEO","콘텐츠·검색","콘텐츠·SEO 담당자","사례 페이지 작성","월간 회고","manuals/seo/COK-SEO-08-10.md"
"COK-SEO-09-01","SEO","콘텐츠·검색","콘텐츠·SEO 담당자","콘텐츠 갱신","정기 점검","manuals/seo/COK-SEO-09-01.md"
"COK-SEO-09-02","SEO","콘텐츠·검색","콘텐츠·SEO 담당자","콘텐츠 갱신","신규 요청","manuals/seo/COK-SEO-09-02.md"
"COK-SEO-09-03","SEO","콘텐츠·검색","콘텐츠·SEO 담당자","콘텐츠 갱신","실사용자 신고","manuals/seo/COK-SEO-09-03.md"
"COK-SEO-09-04","SEO","콘텐츠·검색","콘텐츠·SEO 담당자","콘텐츠 갱신","배포 직전","manuals/seo/COK-SEO-09-04.md"
"COK-SEO-09-05","SEO","콘텐츠·검색","콘텐츠·SEO 담당자","콘텐츠 갱신","배포 직후","manuals/seo/COK-SEO-09-05.md"
"COK-SEO-09-06","SEO","콘텐츠·검색","콘텐츠·SEO 담당자","콘텐츠 갱신","장애 발생","manuals/seo/COK-SEO-09-06.md"
"COK-SEO-09-07","SEO","콘텐츠·검색","콘텐츠·SEO 담당자","콘텐츠 갱신","보안 의심","manuals/seo/COK-SEO-09-07.md"
"COK-SEO-09-08","SEO","콘텐츠·검색","콘텐츠·SEO 담당자","콘텐츠 갱신","개인정보 포함 가능성","manuals/seo/COK-SEO-09-08.md"
"COK-SEO-09-09","SEO","콘텐츠·검색","콘텐츠·SEO 담당자","콘텐츠 갱신","파일럿 진행","manuals/seo/COK-SEO-09-09.md"
"COK-SEO-09-10","SEO","콘텐츠·검색","콘텐츠·SEO 담당자","콘텐츠 갱신","월간 회고","manuals/seo/COK-SEO-09-10.md"
"COK-SEO-10-01","SEO","콘텐츠·검색","콘텐츠·SEO 담당자","검색 성과 검토","정기 점검","manuals/seo/COK-SEO-10-01.md"
"COK-SEO-10-02","SEO","콘텐츠·검색","콘텐츠·SEO 담당자","검색 성과 검토","신규 요청","manuals/seo/COK-SEO-10-02.md"
"COK-SEO-10-03","SEO","콘텐츠·검색","콘텐츠·SEO 담당자","검색 성과 검토","실사용자 신고","manuals/seo/COK-SEO-10-03.md"
"COK-SEO-10-04","SEO","콘텐츠·검색","콘텐츠·SEO 담당자","검색 성과 검토","배포 직전","manuals/seo/COK-SEO-10-04.md"
"COK-SEO-10-05","SEO","콘텐츠·검색","콘텐츠·SEO 담당자","검색 성과 검토","배포 직후","manuals/seo/COK-SEO-10-05.md"
"COK-SEO-10-06","SEO","콘텐츠·검색","콘텐츠·SEO 담당자","검색 성과 검토","장애 발생","manuals/seo/COK-SEO-10-06.md"
"COK-SEO-10-07","SEO","콘텐츠·검색","콘텐츠·SEO 담당자","검색 성과 검토","보안 의심","manuals/seo/COK-SEO-10-07.md"
"COK-SEO-10-08","SEO","콘텐츠·검색","콘텐츠·SEO 담당자","검색 성과 검토","개인정보 포함 가능성","manuals/seo/COK-SEO-10-08.md"
"COK-SEO-10-09","SEO","콘텐츠·검색","콘텐츠·SEO 담당자","검색 성과 검토","파일럿 진행","manuals/seo/COK-SEO-10-09.md"
"COK-SEO-10-10","SEO","콘텐츠·검색","콘텐츠·SEO 담당자","검색 성과 검토","월간 회고","manuals/seo/COK-SEO-10-10.md"
"COK-GRW-01-01","GRW","분석·성장","그로스 담당자","이벤트 설계","정기 점검","manuals/grw/COK-GRW-01-01.md"
"COK-GRW-01-02","GRW","분석·성장","그로스 담당자","이벤트 설계","신규 요청","manuals/grw/COK-GRW-01-02.md"
"COK-GRW-01-03","GRW","분석·성장","그로스 담당자","이벤트 설계","실사용자 신고","manuals/grw/COK-GRW-01-03.md"
"COK-GRW-01-04","GRW","분석·성장","그로스 담당자","이벤트 설계","배포 직전","manuals/grw/COK-GRW-01-04.md"
"COK-GRW-01-05","GRW","분석·성장","그로스 담당자","이벤트 설계","배포 직후","manuals/grw/COK-GRW-01-05.md"
"COK-GRW-01-06","GRW","분석·성장","그로스 담당자","이벤트 설계","장애 발생","manuals/grw/COK-GRW-01-06.md"
"COK-GRW-01-07","GRW","분석·성장","그로스 담당자","이벤트 설계","보안 의심","manuals/grw/COK-GRW-01-07.md"
"COK-GRW-01-08","GRW","분석·성장","그로스 담당자","이벤트 설계","개인정보 포함 가능성","manuals/grw/COK-GRW-01-08.md"
"COK-GRW-01-09","GRW","분석·성장","그로스 담당자","이벤트 설계","파일럿 진행","manuals/grw/COK-GRW-01-09.md"
"COK-GRW-01-10","GRW","분석·성장","그로스 담당자","이벤트 설계","월간 회고","manuals/grw/COK-GRW-01-10.md"
"COK-GRW-02-01","GRW","분석·성장","그로스 담당자","개인정보 제외 점검","정기 점검","manuals/grw/COK-GRW-02-01.md"
"COK-GRW-02-02","GRW","분석·성장","그로스 담당자","개인정보 제외 점검","신규 요청","manuals/grw/COK-GRW-02-02.md"
"COK-GRW-02-03","GRW","분석·성장","그로스 담당자","개인정보 제외 점검","실사용자 신고","manuals/grw/COK-GRW-02-03.md"
"COK-GRW-02-04","GRW","분석·성장","그로스 담당자","개인정보 제외 점검","배포 직전","manuals/grw/COK-GRW-02-04.md"
"COK-GRW-02-05","GRW","분석·성장","그로스 담당자","개인정보 제외 점검","배포 직후","manuals/grw/COK-GRW-02-05.md"
"COK-GRW-02-06","GRW","분석·성장","그로스 담당자","개인정보 제외 점검","장애 발생","manuals/grw/COK-GRW-02-06.md"
"COK-GRW-02-07","GRW","분석·성장","그로스 담당자","개인정보 제외 점검","보안 의심","manuals/grw/COK-GRW-02-07.md"
"COK-GRW-02-08","GRW","분석·성장","그로스 담당자","개인정보 제외 점검","개인정보 포함 가능성","manuals/grw/COK-GRW-02-08.md"
"COK-GRW-02-09","GRW","분석·성장","그로스 담당자","개인정보 제외 점검","파일럿 진행","manuals/grw/COK-GRW-02-09.md"
"COK-GRW-02-10","GRW","분석·성장","그로스 담당자","개인정보 제외 점검","월간 회고","manuals/grw/COK-GRW-02-10.md"
"COK-GRW-03-01","GRW","분석·성장","그로스 담당자","UTM 규칙 설정","정기 점검","manuals/grw/COK-GRW-03-01.md"
"COK-GRW-03-02","GRW","분석·성장","그로스 담당자","UTM 규칙 설정","신규 요청","manuals/grw/COK-GRW-03-02.md"
"COK-GRW-03-03","GRW","분석·성장","그로스 담당자","UTM 규칙 설정","실사용자 신고","manuals/grw/COK-GRW-03-03.md"
"COK-GRW-03-04","GRW","분석·성장","그로스 담당자","UTM 규칙 설정","배포 직전","manuals/grw/COK-GRW-03-04.md"
"COK-GRW-03-05","GRW","분석·성장","그로스 담당자","UTM 규칙 설정","배포 직후","manuals/grw/COK-GRW-03-05.md"
"COK-GRW-03-06","GRW","분석·성장","그로스 담당자","UTM 규칙 설정","장애 발생","manuals/grw/COK-GRW-03-06.md"
"COK-GRW-03-07","GRW","분석·성장","그로스 담당자","UTM 규칙 설정","보안 의심","manuals/grw/COK-GRW-03-07.md"
"COK-GRW-03-08","GRW","분석·성장","그로스 담당자","UTM 규칙 설정","개인정보 포함 가능성","manuals/grw/COK-GRW-03-08.md"
"COK-GRW-03-09","GRW","분석·성장","그로스 담당자","UTM 규칙 설정","파일럿 진행","manuals/grw/COK-GRW-03-09.md"
"COK-GRW-03-10","GRW","분석·성장","그로스 담당자","UTM 규칙 설정","월간 회고","manuals/grw/COK-GRW-03-10.md"
"COK-GRW-04-01","GRW","분석·성장","그로스 담당자","유입 분석","정기 점검","manuals/grw/COK-GRW-04-01.md"
"COK-GRW-04-02","GRW","분석·성장","그로스 담당자","유입 분석","신규 요청","manuals/grw/COK-GRW-04-02.md"
"COK-GRW-04-03","GRW","분석·성장","그로스 담당자","유입 분석","실사용자 신고","manuals/grw/COK-GRW-04-03.md"
"COK-GRW-04-04","GRW","분석·성장","그로스 담당자","유입 분석","배포 직전","manuals/grw/COK-GRW-04-04.md"
"COK-GRW-04-05","GRW","분석·성장","그로스 담당자","유입 분석","배포 직후","manuals/grw/COK-GRW-04-05.md"
"COK-GRW-04-06","GRW","분석·성장","그로스 담당자","유입 분석","장애 발생","manuals/grw/COK-GRW-04-06.md"
"COK-GRW-04-07","GRW","분석·성장","그로스 담당자","유입 분석","보안 의심","manuals/grw/COK-GRW-04-07.md"
"COK-GRW-04-08","GRW","분석·성장","그로스 담당자","유입 분석","개인정보 포함 가능성","manuals/grw/COK-GRW-04-08.md"
"COK-GRW-04-09","GRW","분석·성장","그로스 담당자","유입 분석","파일럿 진행","manuals/grw/COK-GRW-04-09.md"
"COK-GRW-04-10","GRW","분석·성장","그로스 담당자","유입 분석","월간 회고","manuals/grw/COK-GRW-04-10.md"
"COK-GRW-05-01","GRW","분석·성장","그로스 담당자","활성화 분석","정기 점검","manuals/grw/COK-GRW-05-01.md"
"COK-GRW-05-02","GRW","분석·성장","그로스 담당자","활성화 분석","신규 요청","manuals/grw/COK-GRW-05-02.md"
"COK-GRW-05-03","GRW","분석·성장","그로스 담당자","활성화 분석","실사용자 신고","manuals/grw/COK-GRW-05-03.md"
"COK-GRW-05-04","GRW","분석·성장","그로스 담당자","활성화 분석","배포 직전","manuals/grw/COK-GRW-05-04.md"
"COK-GRW-05-05","GRW","분석·성장","그로스 담당자","활성화 분석","배포 직후","manuals/grw/COK-GRW-05-05.md"
"COK-GRW-05-06","GRW","분석·성장","그로스 담당자","활성화 분석","장애 발생","manuals/grw/COK-GRW-05-06.md"
"COK-GRW-05-07","GRW","분석·성장","그로스 담당자","활성화 분석","보안 의심","manuals/grw/COK-GRW-05-07.md"
"COK-GRW-05-08","GRW","분석·성장","그로스 담당자","활성화 분석","개인정보 포함 가능성","manuals/grw/COK-GRW-05-08.md"
"COK-GRW-05-09","GRW","분석·성장","그로스 담당자","활성화 분석","파일럿 진행","manuals/grw/COK-GRW-05-09.md"
"COK-GRW-05-10","GRW","분석·성장","그로스 담당자","활성화 분석","월간 회고","manuals/grw/COK-GRW-05-10.md"
"COK-GRW-06-01","GRW","분석·성장","그로스 담당자","재방문 분석","정기 점검","manuals/grw/COK-GRW-06-01.md"
"COK-GRW-06-02","GRW","분석·성장","그로스 담당자","재방문 분석","신규 요청","manuals/grw/COK-GRW-06-02.md"
"COK-GRW-06-03","GRW","분석·성장","그로스 담당자","재방문 분석","실사용자 신고","manuals/grw/COK-GRW-06-03.md"
"COK-GRW-06-04","GRW","분석·성장","그로스 담당자","재방문 분석","배포 직전","manuals/grw/COK-GRW-06-04.md"
"COK-GRW-06-05","GRW","분석·성장","그로스 담당자","재방문 분석","배포 직후","manuals/grw/COK-GRW-06-05.md"
"COK-GRW-06-06","GRW","분석·성장","그로스 담당자","재방문 분석","장애 발생","manuals/grw/COK-GRW-06-06.md"
"COK-GRW-06-07","GRW","분석·성장","그로스 담당자","재방문 분석","보안 의심","manuals/grw/COK-GRW-06-07.md"
"COK-GRW-06-08","GRW","분석·성장","그로스 담당자","재방문 분석","개인정보 포함 가능성","manuals/grw/COK-GRW-06-08.md"
"COK-GRW-06-09","GRW","분석·성장","그로스 담당자","재방문 분석","파일럿 진행","manuals/grw/COK-GRW-06-09.md"
"COK-GRW-06-10","GRW","분석·성장","그로스 담당자","재방문 분석","월간 회고","manuals/grw/COK-GRW-06-10.md"
"COK-GRW-07-01","GRW","분석·성장","그로스 담당자","퍼널 이탈 분석","정기 점검","manuals/grw/COK-GRW-07-01.md"
"COK-GRW-07-02","GRW","분석·성장","그로스 담당자","퍼널 이탈 분석","신규 요청","manuals/grw/COK-GRW-07-02.md"
"COK-GRW-07-03","GRW","분석·성장","그로스 담당자","퍼널 이탈 분석","실사용자 신고","manuals/grw/COK-GRW-07-03.md"
"COK-GRW-07-04","GRW","분석·성장","그로스 담당자","퍼널 이탈 분석","배포 직전","manuals/grw/COK-GRW-07-04.md"
"COK-GRW-07-05","GRW","분석·성장","그로스 담당자","퍼널 이탈 분석","배포 직후","manuals/grw/COK-GRW-07-05.md"
"COK-GRW-07-06","GRW","분석·성장","그로스 담당자","퍼널 이탈 분석","장애 발생","manuals/grw/COK-GRW-07-06.md"
"COK-GRW-07-07","GRW","분석·성장","그로스 담당자","퍼널 이탈 분석","보안 의심","manuals/grw/COK-GRW-07-07.md"
"COK-GRW-07-08","GRW","분석·성장","그로스 담당자","퍼널 이탈 분석","개인정보 포함 가능성","manuals/grw/COK-GRW-07-08.md"
"COK-GRW-07-09","GRW","분석·성장","그로스 담당자","퍼널 이탈 분석","파일럿 진행","manuals/grw/COK-GRW-07-09.md"
"COK-GRW-07-10","GRW","분석·성장","그로스 담당자","퍼널 이탈 분석","월간 회고","manuals/grw/COK-GRW-07-10.md"
"COK-GRW-08-01","GRW","분석·성장","그로스 담당자","실험 설계","정기 점검","manuals/grw/COK-GRW-08-01.md"
"COK-GRW-08-02","GRW","분석·성장","그로스 담당자","실험 설계","신규 요청","manuals/grw/COK-GRW-08-02.md"
"COK-GRW-08-03","GRW","분석·성장","그로스 담당자","실험 설계","실사용자 신고","manuals/grw/COK-GRW-08-03.md"
"COK-GRW-08-04","GRW","분석·성장","그로스 담당자","실험 설계","배포 직전","manuals/grw/COK-GRW-08-04.md"
"COK-GRW-08-05","GRW","분석·성장","그로스 담당자","실험 설계","배포 직후","manuals/grw/COK-GRW-08-05.md"
"COK-GRW-08-06","GRW","분석·성장","그로스 담당자","실험 설계","장애 발생","manuals/grw/COK-GRW-08-06.md"
"COK-GRW-08-07","GRW","분석·성장","그로스 담당자","실험 설계","보안 의심","manuals/grw/COK-GRW-08-07.md"
"COK-GRW-08-08","GRW","분석·성장","그로스 담당자","실험 설계","개인정보 포함 가능성","manuals/grw/COK-GRW-08-08.md"
"COK-GRW-08-09","GRW","분석·성장","그로스 담당자","실험 설계","파일럿 진행","manuals/grw/COK-GRW-08-09.md"
"COK-GRW-08-10","GRW","분석·성장","그로스 담당자","실험 설계","월간 회고","manuals/grw/COK-GRW-08-10.md"
"COK-GRW-09-01","GRW","분석·성장","그로스 담당자","실험 종료","정기 점검","manuals/grw/COK-GRW-09-01.md"
"COK-GRW-09-02","GRW","분석·성장","그로스 담당자","실험 종료","신규 요청","manuals/grw/COK-GRW-09-02.md"
"COK-GRW-09-03","GRW","분석·성장","그로스 담당자","실험 종료","실사용자 신고","manuals/grw/COK-GRW-09-03.md"
"COK-GRW-09-04","GRW","분석·성장","그로스 담당자","실험 종료","배포 직전","manuals/grw/COK-GRW-09-04.md"
"COK-GRW-09-05","GRW","분석·성장","그로스 담당자","실험 종료","배포 직후","manuals/grw/COK-GRW-09-05.md"
"COK-GRW-09-06","GRW","분석·성장","그로스 담당자","실험 종료","장애 발생","manuals/grw/COK-GRW-09-06.md"
"COK-GRW-09-07","GRW","분석·성장","그로스 담당자","실험 종료","보안 의심","manuals/grw/COK-GRW-09-07.md"
"COK-GRW-09-08","GRW","분석·성장","그로스 담당자","실험 종료","개인정보 포함 가능성","manuals/grw/COK-GRW-09-08.md"
"COK-GRW-09-09","GRW","분석·성장","그로스 담당자","실험 종료","파일럿 진행","manuals/grw/COK-GRW-09-09.md"
"COK-GRW-09-10","GRW","분석·성장","그로스 담당자","실험 종료","월간 회고","manuals/grw/COK-GRW-09-10.md"
"COK-GRW-10-01","GRW","분석·성장","그로스 담당자","월간 지표 회고","정기 점검","manuals/grw/COK-GRW-10-01.md"
"COK-GRW-10-02","GRW","분석·성장","그로스 담당자","월간 지표 회고","신규 요청","manuals/grw/COK-GRW-10-02.md"
"COK-GRW-10-03","GRW","분석·성장","그로스 담당자","월간 지표 회고","실사용자 신고","manuals/grw/COK-GRW-10-03.md"
"COK-GRW-10-04","GRW","분석·성장","그로스 담당자","월간 지표 회고","배포 직전","manuals/grw/COK-GRW-10-04.md"
"COK-GRW-10-05","GRW","분석·성장","그로스 담당자","월간 지표 회고","배포 직후","manuals/grw/COK-GRW-10-05.md"
"COK-GRW-10-06","GRW","분석·성장","그로스 담당자","월간 지표 회고","장애 발생","manuals/grw/COK-GRW-10-06.md"
"COK-GRW-10-07","GRW","분석·성장","그로스 담당자","월간 지표 회고","보안 의심","manuals/grw/COK-GRW-10-07.md"
"COK-GRW-10-08","GRW","분석·성장","그로스 담당자","월간 지표 회고","개인정보 포함 가능성","manuals/grw/COK-GRW-10-08.md"
"COK-GRW-10-09","GRW","분석·성장","그로스 담당자","월간 지표 회고","파일럿 진행","manuals/grw/COK-GRW-10-09.md"
"COK-GRW-10-10","GRW","분석·성장","그로스 담당자","월간 지표 회고","월간 회고","manuals/grw/COK-GRW-10-10.md"
"COK-COM-01-01","COM","커뮤니티·파트너","커뮤니티 담당자","커뮤니티 탐색","정기 점검","manuals/com/COK-COM-01-01.md"
"COK-COM-01-02","COM","커뮤니티·파트너","커뮤니티 담당자","커뮤니티 탐색","신규 요청","manuals/com/COK-COM-01-02.md"
"COK-COM-01-03","COM","커뮤니티·파트너","커뮤니티 담당자","커뮤니티 탐색","실사용자 신고","manuals/com/COK-COM-01-03.md"
"COK-COM-01-04","COM","커뮤니티·파트너","커뮤니티 담당자","커뮤니티 탐색","배포 직전","manuals/com/COK-COM-01-04.md"
"COK-COM-01-05","COM","커뮤니티·파트너","커뮤니티 담당자","커뮤니티 탐색","배포 직후","manuals/com/COK-COM-01-05.md"
"COK-COM-01-06","COM","커뮤니티·파트너","커뮤니티 담당자","커뮤니티 탐색","장애 발생","manuals/com/COK-COM-01-06.md"
"COK-COM-01-07","COM","커뮤니티·파트너","커뮤니티 담당자","커뮤니티 탐색","보안 의심","manuals/com/COK-COM-01-07.md"
"COK-COM-01-08","COM","커뮤니티·파트너","커뮤니티 담당자","커뮤니티 탐색","개인정보 포함 가능성","manuals/com/COK-COM-01-08.md"
"COK-COM-01-09","COM","커뮤니티·파트너","커뮤니티 담당자","커뮤니티 탐색","파일럿 진행","manuals/com/COK-COM-01-09.md"
"COK-COM-01-10","COM","커뮤니티·파트너","커뮤니티 담당자","커뮤니티 탐색","월간 회고","manuals/com/COK-COM-01-10.md"
"COK-COM-02-01","COM","커뮤니티·파트너","커뮤니티 담당자","참여 규칙 확인","정기 점검","manuals/com/COK-COM-02-01.md"
"COK-COM-02-02","COM","커뮤니티·파트너","커뮤니티 담당자","참여 규칙 확인","신규 요청","manuals/com/COK-COM-02-02.md"
"COK-COM-02-03","COM","커뮤니티·파트너","커뮤니티 담당자","참여 규칙 확인","실사용자 신고","manuals/com/COK-COM-02-03.md"
"COK-COM-02-04","COM","커뮤니티·파트너","커뮤니티 담당자","참여 규칙 확인","배포 직전","manuals/com/COK-COM-02-04.md"
"COK-COM-02-05","COM","커뮤니티·파트너","커뮤니티 담당자","참여 규칙 확인","배포 직후","manuals/com/COK-COM-02-05.md"
"COK-COM-02-06","COM","커뮤니티·파트너","커뮤니티 담당자","참여 규칙 확인","장애 발생","manuals/com/COK-COM-02-06.md"
"COK-COM-02-07","COM","커뮤니티·파트너","커뮤니티 담당자","참여 규칙 확인","보안 의심","manuals/com/COK-COM-02-07.md"
"COK-COM-02-08","COM","커뮤니티·파트너","커뮤니티 담당자","참여 규칙 확인","개인정보 포함 가능성","manuals/com/COK-COM-02-08.md"
"COK-COM-02-09","COM","커뮤니티·파트너","커뮤니티 담당자","참여 규칙 확인","파일럿 진행","manuals/com/COK-COM-02-09.md"
"COK-COM-02-10","COM","커뮤니티·파트너","커뮤니티 담당자","참여 규칙 확인","월간 회고","manuals/com/COK-COM-02-10.md"
"COK-COM-03-01","COM","커뮤니티·파트너","커뮤니티 담당자","첫 연락 작성","정기 점검","manuals/com/COK-COM-03-01.md"
"COK-COM-03-02","COM","커뮤니티·파트너","커뮤니티 담당자","첫 연락 작성","신규 요청","manuals/com/COK-COM-03-02.md"
"COK-COM-03-03","COM","커뮤니티·파트너","커뮤니티 담당자","첫 연락 작성","실사용자 신고","manuals/com/COK-COM-03-03.md"
"COK-COM-03-04","COM","커뮤니티·파트너","커뮤니티 담당자","첫 연락 작성","배포 직전","manuals/com/COK-COM-03-04.md"
"COK-COM-03-05","COM","커뮤니티·파트너","커뮤니티 담당자","첫 연락 작성","배포 직후","manuals/com/COK-COM-03-05.md"
"COK-COM-03-06","COM","커뮤니티·파트너","커뮤니티 담당자","첫 연락 작성","장애 발생","manuals/com/COK-COM-03-06.md"
"COK-COM-03-07","COM","커뮤니티·파트너","커뮤니티 담당자","첫 연락 작성","보안 의심","manuals/com/COK-COM-03-07.md"
"COK-COM-03-08","COM","커뮤니티·파트너","커뮤니티 담당자","첫 연락 작성","개인정보 포함 가능성","manuals/com/COK-COM-03-08.md"
"COK-COM-03-09","COM","커뮤니티·파트너","커뮤니티 담당자","첫 연락 작성","파일럿 진행","manuals/com/COK-COM-03-09.md"
"COK-COM-03-10","COM","커뮤니티·파트너","커뮤니티 담당자","첫 연락 작성","월간 회고","manuals/com/COK-COM-03-10.md"
"COK-COM-04-01","COM","커뮤니티·파트너","커뮤니티 담당자","파일럿 제안","정기 점검","manuals/com/COK-COM-04-01.md"
"COK-COM-04-02","COM","커뮤니티·파트너","커뮤니티 담당자","파일럿 제안","신규 요청","manuals/com/COK-COM-04-02.md"
"COK-COM-04-03","COM","커뮤니티·파트너","커뮤니티 담당자","파일럿 제안","실사용자 신고","manuals/com/COK-COM-04-03.md"
"COK-COM-04-04","COM","커뮤니티·파트너","커뮤니티 담당자","파일럿 제안","배포 직전","manuals/com/COK-COM-04-04.md"
"COK-COM-04-05","COM","커뮤니티·파트너","커뮤니티 담당자","파일럿 제안","배포 직후","manuals/com/COK-COM-04-05.md"
"COK-COM-04-06","COM","커뮤니티·파트너","커뮤니티 담당자","파일럿 제안","장애 발생","manuals/com/COK-COM-04-06.md"
"COK-COM-04-07","COM","커뮤니티·파트너","커뮤니티 담당자","파일럿 제안","보안 의심","manuals/com/COK-COM-04-07.md"
"COK-COM-04-08","COM","커뮤니티·파트너","커뮤니티 담당자","파일럿 제안","개인정보 포함 가능성","manuals/com/COK-COM-04-08.md"
"COK-COM-04-09","COM","커뮤니티·파트너","커뮤니티 담당자","파일럿 제안","파일럿 진행","manuals/com/COK-COM-04-09.md"
"COK-COM-04-10","COM","커뮤니티·파트너","커뮤니티 담당자","파일럿 제안","월간 회고","manuals/com/COK-COM-04-10.md"
"COK-COM-05-01","COM","커뮤니티·파트너","커뮤니티 담당자","파트너 미팅","정기 점검","manuals/com/COK-COM-05-01.md"
"COK-COM-05-02","COM","커뮤니티·파트너","커뮤니티 담당자","파트너 미팅","신규 요청","manuals/com/COK-COM-05-02.md"
"COK-COM-05-03","COM","커뮤니티·파트너","커뮤니티 담당자","파트너 미팅","실사용자 신고","manuals/com/COK-COM-05-03.md"
"COK-COM-05-04","COM","커뮤니티·파트너","커뮤니티 담당자","파트너 미팅","배포 직전","manuals/com/COK-COM-05-04.md"
"COK-COM-05-05","COM","커뮤니티·파트너","커뮤니티 담당자","파트너 미팅","배포 직후","manuals/com/COK-COM-05-05.md"
"COK-COM-05-06","COM","커뮤니티·파트너","커뮤니티 담당자","파트너 미팅","장애 발생","manuals/com/COK-COM-05-06.md"
"COK-COM-05-07","COM","커뮤니티·파트너","커뮤니티 담당자","파트너 미팅","보안 의심","manuals/com/COK-COM-05-07.md"
"COK-COM-05-08","COM","커뮤니티·파트너","커뮤니티 담당자","파트너 미팅","개인정보 포함 가능성","manuals/com/COK-COM-05-08.md"
"COK-COM-05-09","COM","커뮤니티·파트너","커뮤니티 담당자","파트너 미팅","파일럿 진행","manuals/com/COK-COM-05-09.md"
"COK-COM-05-10","COM","커뮤니티·파트너","커뮤니티 담당자","파트너 미팅","월간 회고","manuals/com/COK-COM-05-10.md"
"COK-COM-06-01","COM","커뮤니티·파트너","커뮤니티 담당자","피드백 수집","정기 점검","manuals/com/COK-COM-06-01.md"
"COK-COM-06-02","COM","커뮤니티·파트너","커뮤니티 담당자","피드백 수집","신규 요청","manuals/com/COK-COM-06-02.md"
"COK-COM-06-03","COM","커뮤니티·파트너","커뮤니티 담당자","피드백 수집","실사용자 신고","manuals/com/COK-COM-06-03.md"
"COK-COM-06-04","COM","커뮤니티·파트너","커뮤니티 담당자","피드백 수집","배포 직전","manuals/com/COK-COM-06-04.md"
"COK-COM-06-05","COM","커뮤니티·파트너","커뮤니티 담당자","피드백 수집","배포 직후","manuals/com/COK-COM-06-05.md"
"COK-COM-06-06","COM","커뮤니티·파트너","커뮤니티 담당자","피드백 수집","장애 발생","manuals/com/COK-COM-06-06.md"
"COK-COM-06-07","COM","커뮤니티·파트너","커뮤니티 담당자","피드백 수집","보안 의심","manuals/com/COK-COM-06-07.md"
"COK-COM-06-08","COM","커뮤니티·파트너","커뮤니티 담당자","피드백 수집","개인정보 포함 가능성","manuals/com/COK-COM-06-08.md"
"COK-COM-06-09","COM","커뮤니티·파트너","커뮤니티 담당자","피드백 수집","파일럿 진행","manuals/com/COK-COM-06-09.md"
"COK-COM-06-10","COM","커뮤니티·파트너","커뮤니티 담당자","피드백 수집","월간 회고","manuals/com/COK-COM-06-10.md"
"COK-COM-07-01","COM","커뮤니티·파트너","커뮤니티 담당자","커뮤니티 게시","정기 점검","manuals/com/COK-COM-07-01.md"
"COK-COM-07-02","COM","커뮤니티·파트너","커뮤니티 담당자","커뮤니티 게시","신규 요청","manuals/com/COK-COM-07-02.md"
"COK-COM-07-03","COM","커뮤니티·파트너","커뮤니티 담당자","커뮤니티 게시","실사용자 신고","manuals/com/COK-COM-07-03.md"
"COK-COM-07-04","COM","커뮤니티·파트너","커뮤니티 담당자","커뮤니티 게시","배포 직전","manuals/com/COK-COM-07-04.md"
"COK-COM-07-05","COM","커뮤니티·파트너","커뮤니티 담당자","커뮤니티 게시","배포 직후","manuals/com/COK-COM-07-05.md"
"COK-COM-07-06","COM","커뮤니티·파트너","커뮤니티 담당자","커뮤니티 게시","장애 발생","manuals/com/COK-COM-07-06.md"
"COK-COM-07-07","COM","커뮤니티·파트너","커뮤니티 담당자","커뮤니티 게시","보안 의심","manuals/com/COK-COM-07-07.md"
"COK-COM-07-08","COM","커뮤니티·파트너","커뮤니티 담당자","커뮤니티 게시","개인정보 포함 가능성","manuals/com/COK-COM-07-08.md"
"COK-COM-07-09","COM","커뮤니티·파트너","커뮤니티 담당자","커뮤니티 게시","파일럿 진행","manuals/com/COK-COM-07-09.md"
"COK-COM-07-10","COM","커뮤니티·파트너","커뮤니티 담당자","커뮤니티 게시","월간 회고","manuals/com/COK-COM-07-10.md"
"COK-COM-08-01","COM","커뮤니티·파트너","커뮤니티 담당자","이슈 대응","정기 점검","manuals/com/COK-COM-08-01.md"
"COK-COM-08-02","COM","커뮤니티·파트너","커뮤니티 담당자","이슈 대응","신규 요청","manuals/com/COK-COM-08-02.md"
"COK-COM-08-03","COM","커뮤니티·파트너","커뮤니티 담당자","이슈 대응","실사용자 신고","manuals/com/COK-COM-08-03.md"
"COK-COM-08-04","COM","커뮤니티·파트너","커뮤니티 담당자","이슈 대응","배포 직전","manuals/com/COK-COM-08-04.md"
"COK-COM-08-05","COM","커뮤니티·파트너","커뮤니티 담당자","이슈 대응","배포 직후","manuals/com/COK-COM-08-05.md"
"COK-COM-08-06","COM","커뮤니티·파트너","커뮤니티 담당자","이슈 대응","장애 발생","manuals/com/COK-COM-08-06.md"
"COK-COM-08-07","COM","커뮤니티·파트너","커뮤니티 담당자","이슈 대응","보안 의심","manuals/com/COK-COM-08-07.md"
"COK-COM-08-08","COM","커뮤니티·파트너","커뮤니티 담당자","이슈 대응","개인정보 포함 가능성","manuals/com/COK-COM-08-08.md"
"COK-COM-08-09","COM","커뮤니티·파트너","커뮤니티 담당자","이슈 대응","파일럿 진행","manuals/com/COK-COM-08-09.md"
"COK-COM-08-10","COM","커뮤니티·파트너","커뮤니티 담당자","이슈 대응","월간 회고","manuals/com/COK-COM-08-10.md"
"COK-COM-09-01","COM","커뮤니티·파트너","커뮤니티 담당자","관계 종료","정기 점검","manuals/com/COK-COM-09-01.md"
"COK-COM-09-02","COM","커뮤니티·파트너","커뮤니티 담당자","관계 종료","신규 요청","manuals/com/COK-COM-09-02.md"
"COK-COM-09-03","COM","커뮤니티·파트너","커뮤니티 담당자","관계 종료","실사용자 신고","manuals/com/COK-COM-09-03.md"
"COK-COM-09-04","COM","커뮤니티·파트너","커뮤니티 담당자","관계 종료","배포 직전","manuals/com/COK-COM-09-04.md"
"COK-COM-09-05","COM","커뮤니티·파트너","커뮤니티 담당자","관계 종료","배포 직후","manuals/com/COK-COM-09-05.md"
"COK-COM-09-06","COM","커뮤니티·파트너","커뮤니티 담당자","관계 종료","장애 발생","manuals/com/COK-COM-09-06.md"
"COK-COM-09-07","COM","커뮤니티·파트너","커뮤니티 담당자","관계 종료","보안 의심","manuals/com/COK-COM-09-07.md"
"COK-COM-09-08","COM","커뮤니티·파트너","커뮤니티 담당자","관계 종료","개인정보 포함 가능성","manuals/com/COK-COM-09-08.md"
"COK-COM-09-09","COM","커뮤니티·파트너","커뮤니티 담당자","관계 종료","파일럿 진행","manuals/com/COK-COM-09-09.md"
"COK-COM-09-10","COM","커뮤니티·파트너","커뮤니티 담당자","관계 종료","월간 회고","manuals/com/COK-COM-09-10.md"
"COK-COM-10-01","COM","커뮤니티·파트너","커뮤니티 담당자","파트너 성과 회고","정기 점검","manuals/com/COK-COM-10-01.md"
"COK-COM-10-02","COM","커뮤니티·파트너","커뮤니티 담당자","파트너 성과 회고","신규 요청","manuals/com/COK-COM-10-02.md"
"COK-COM-10-03","COM","커뮤니티·파트너","커뮤니티 담당자","파트너 성과 회고","실사용자 신고","manuals/com/COK-COM-10-03.md"
"COK-COM-10-04","COM","커뮤니티·파트너","커뮤니티 담당자","파트너 성과 회고","배포 직전","manuals/com/COK-COM-10-04.md"
"COK-COM-10-05","COM","커뮤니티·파트너","커뮤니티 담당자","파트너 성과 회고","배포 직후","manuals/com/COK-COM-10-05.md"
"COK-COM-10-06","COM","커뮤니티·파트너","커뮤니티 담당자","파트너 성과 회고","장애 발생","manuals/com/COK-COM-10-06.md"
"COK-COM-10-07","COM","커뮤니티·파트너","커뮤니티 담당자","파트너 성과 회고","보안 의심","manuals/com/COK-COM-10-07.md"
"COK-COM-10-08","COM","커뮤니티·파트너","커뮤니티 담당자","파트너 성과 회고","개인정보 포함 가능성","manuals/com/COK-COM-10-08.md"
"COK-COM-10-09","COM","커뮤니티·파트너","커뮤니티 담당자","파트너 성과 회고","파일럿 진행","manuals/com/COK-COM-10-09.md"
"COK-COM-10-10","COM","커뮤니티·파트너","커뮤니티 담당자","파트너 성과 회고","월간 회고","manuals/com/COK-COM-10-10.md"
"COK-SAL-01-01","SAL","컨시어지·고객개발","창업가·운영자","대상 선정","정기 점검","manuals/sal/COK-SAL-01-01.md"
"COK-SAL-01-02","SAL","컨시어지·고객개발","창업가·운영자","대상 선정","신규 요청","manuals/sal/COK-SAL-01-02.md"
"COK-SAL-01-03","SAL","컨시어지·고객개발","창업가·운영자","대상 선정","실사용자 신고","manuals/sal/COK-SAL-01-03.md"
"COK-SAL-01-04","SAL","컨시어지·고객개발","창업가·운영자","대상 선정","배포 직전","manuals/sal/COK-SAL-01-04.md"
"COK-SAL-01-05","SAL","컨시어지·고객개발","창업가·운영자","대상 선정","배포 직후","manuals/sal/COK-SAL-01-05.md"
"COK-SAL-01-06","SAL","컨시어지·고객개발","창업가·운영자","대상 선정","장애 발생","manuals/sal/COK-SAL-01-06.md"
"COK-SAL-01-07","SAL","컨시어지·고객개발","창업가·운영자","대상 선정","보안 의심","manuals/sal/COK-SAL-01-07.md"
"COK-SAL-01-08","SAL","컨시어지·고객개발","창업가·운영자","대상 선정","개인정보 포함 가능성","manuals/sal/COK-SAL-01-08.md"
"COK-SAL-01-09","SAL","컨시어지·고객개발","창업가·운영자","대상 선정","파일럿 진행","manuals/sal/COK-SAL-01-09.md"
"COK-SAL-01-10","SAL","컨시어지·고객개발","창업가·운영자","대상 선정","월간 회고","manuals/sal/COK-SAL-01-10.md"
"COK-SAL-02-01","SAL","컨시어지·고객개발","창업가·운영자","안내문 발송","정기 점검","manuals/sal/COK-SAL-02-01.md"
"COK-SAL-02-02","SAL","컨시어지·고객개발","창업가·운영자","안내문 발송","신규 요청","manuals/sal/COK-SAL-02-02.md"
"COK-SAL-02-03","SAL","컨시어지·고객개발","창업가·운영자","안내문 발송","실사용자 신고","manuals/sal/COK-SAL-02-03.md"
"COK-SAL-02-04","SAL","컨시어지·고객개발","창업가·운영자","안내문 발송","배포 직전","manuals/sal/COK-SAL-02-04.md"
"COK-SAL-02-05","SAL","컨시어지·고객개발","창업가·운영자","안내문 발송","배포 직후","manuals/sal/COK-SAL-02-05.md"
"COK-SAL-02-06","SAL","컨시어지·고객개발","창업가·운영자","안내문 발송","장애 발생","manuals/sal/COK-SAL-02-06.md"
"COK-SAL-02-07","SAL","컨시어지·고객개발","창업가·운영자","안내문 발송","보안 의심","manuals/sal/COK-SAL-02-07.md"
"COK-SAL-02-08","SAL","컨시어지·고객개발","창업가·운영자","안내문 발송","개인정보 포함 가능성","manuals/sal/COK-SAL-02-08.md"
"COK-SAL-02-09","SAL","컨시어지·고객개발","창업가·운영자","안내문 발송","파일럿 진행","manuals/sal/COK-SAL-02-09.md"
"COK-SAL-02-10","SAL","컨시어지·고객개발","창업가·운영자","안내문 발송","월간 회고","manuals/sal/COK-SAL-02-10.md"
"COK-SAL-03-01","SAL","컨시어지·고객개발","창업가·운영자","더미 데이터 세팅","정기 점검","manuals/sal/COK-SAL-03-01.md"
"COK-SAL-03-02","SAL","컨시어지·고객개발","창업가·운영자","더미 데이터 세팅","신규 요청","manuals/sal/COK-SAL-03-02.md"
"COK-SAL-03-03","SAL","컨시어지·고객개발","창업가·운영자","더미 데이터 세팅","실사용자 신고","manuals/sal/COK-SAL-03-03.md"
"COK-SAL-03-04","SAL","컨시어지·고객개발","창업가·운영자","더미 데이터 세팅","배포 직전","manuals/sal/COK-SAL-03-04.md"
"COK-SAL-03-05","SAL","컨시어지·고객개발","창업가·운영자","더미 데이터 세팅","배포 직후","manuals/sal/COK-SAL-03-05.md"
"COK-SAL-03-06","SAL","컨시어지·고객개발","창업가·운영자","더미 데이터 세팅","장애 발생","manuals/sal/COK-SAL-03-06.md"
"COK-SAL-03-07","SAL","컨시어지·고객개발","창업가·운영자","더미 데이터 세팅","보안 의심","manuals/sal/COK-SAL-03-07.md"
"COK-SAL-03-08","SAL","컨시어지·고객개발","창업가·운영자","더미 데이터 세팅","개인정보 포함 가능성","manuals/sal/COK-SAL-03-08.md"
"COK-SAL-03-09","SAL","컨시어지·고객개발","창업가·운영자","더미 데이터 세팅","파일럿 진행","manuals/sal/COK-SAL-03-09.md"
"COK-SAL-03-10","SAL","컨시어지·고객개발","창업가·운영자","더미 데이터 세팅","월간 회고","manuals/sal/COK-SAL-03-10.md"
"COK-SAL-04-01","SAL","컨시어지·고객개발","창업가·운영자","폼 구조 지원","정기 점검","manuals/sal/COK-SAL-04-01.md"
"COK-SAL-04-02","SAL","컨시어지·고객개발","창업가·운영자","폼 구조 지원","신규 요청","manuals/sal/COK-SAL-04-02.md"
"COK-SAL-04-03","SAL","컨시어지·고객개발","창업가·운영자","폼 구조 지원","실사용자 신고","manuals/sal/COK-SAL-04-03.md"
"COK-SAL-04-04","SAL","컨시어지·고객개발","창업가·운영자","폼 구조 지원","배포 직전","manuals/sal/COK-SAL-04-04.md"
"COK-SAL-04-05","SAL","컨시어지·고객개발","창업가·운영자","폼 구조 지원","배포 직후","manuals/sal/COK-SAL-04-05.md"
"COK-SAL-04-06","SAL","컨시어지·고객개발","창업가·운영자","폼 구조 지원","장애 발생","manuals/sal/COK-SAL-04-06.md"
"COK-SAL-04-07","SAL","컨시어지·고객개발","창업가·운영자","폼 구조 지원","보안 의심","manuals/sal/COK-SAL-04-07.md"
"COK-SAL-04-08","SAL","컨시어지·고객개발","창업가·운영자","폼 구조 지원","개인정보 포함 가능성","manuals/sal/COK-SAL-04-08.md"
"COK-SAL-04-09","SAL","컨시어지·고객개발","창업가·운영자","폼 구조 지원","파일럿 진행","manuals/sal/COK-SAL-04-09.md"
"COK-SAL-04-10","SAL","컨시어지·고객개발","창업가·운영자","폼 구조 지원","월간 회고","manuals/sal/COK-SAL-04-10.md"
"COK-SAL-05-01","SAL","컨시어지·고객개발","창업가·운영자","테스트 동행","정기 점검","manuals/sal/COK-SAL-05-01.md"
"COK-SAL-05-02","SAL","컨시어지·고객개발","창업가·운영자","테스트 동행","신규 요청","manuals/sal/COK-SAL-05-02.md"
"COK-SAL-05-03","SAL","컨시어지·고객개발","창업가·운영자","테스트 동행","실사용자 신고","manuals/sal/COK-SAL-05-03.md"
"COK-SAL-05-04","SAL","컨시어지·고객개발","창업가·운영자","테스트 동행","배포 직전","manuals/sal/COK-SAL-05-04.md"
"COK-SAL-05-05","SAL","컨시어지·고객개발","창업가·운영자","테스트 동행","배포 직후","manuals/sal/COK-SAL-05-05.md"
"COK-SAL-05-06","SAL","컨시어지·고객개발","창업가·운영자","테스트 동행","장애 발생","manuals/sal/COK-SAL-05-06.md"
"COK-SAL-05-07","SAL","컨시어지·고객개발","창업가·운영자","테스트 동행","보안 의심","manuals/sal/COK-SAL-05-07.md"
"COK-SAL-05-08","SAL","컨시어지·고객개발","창업가·운영자","테스트 동행","개인정보 포함 가능성","manuals/sal/COK-SAL-05-08.md"
"COK-SAL-05-09","SAL","컨시어지·고객개발","창업가·운영자","테스트 동행","파일럿 진행","manuals/sal/COK-SAL-05-09.md"
"COK-SAL-05-10","SAL","컨시어지·고객개발","창업가·운영자","테스트 동행","월간 회고","manuals/sal/COK-SAL-05-10.md"
"COK-SAL-06-01","SAL","컨시어지·고객개발","창업가·운영자","인터뷰 진행","정기 점검","manuals/sal/COK-SAL-06-01.md"
"COK-SAL-06-02","SAL","컨시어지·고객개발","창업가·운영자","인터뷰 진행","신규 요청","manuals/sal/COK-SAL-06-02.md"
"COK-SAL-06-03","SAL","컨시어지·고객개발","창업가·운영자","인터뷰 진행","실사용자 신고","manuals/sal/COK-SAL-06-03.md"
"COK-SAL-06-04","SAL","컨시어지·고객개발","창업가·운영자","인터뷰 진행","배포 직전","manuals/sal/COK-SAL-06-04.md"
"COK-SAL-06-05","SAL","컨시어지·고객개발","창업가·운영자","인터뷰 진행","배포 직후","manuals/sal/COK-SAL-06-05.md"
"COK-SAL-06-06","SAL","컨시어지·고객개발","창업가·운영자","인터뷰 진행","장애 발생","manuals/sal/COK-SAL-06-06.md"
"COK-SAL-06-07","SAL","컨시어지·고객개발","창업가·운영자","인터뷰 진행","보안 의심","manuals/sal/COK-SAL-06-07.md"
"COK-SAL-06-08","SAL","컨시어지·고객개발","창업가·운영자","인터뷰 진행","개인정보 포함 가능성","manuals/sal/COK-SAL-06-08.md"
"COK-SAL-06-09","SAL","컨시어지·고객개발","창업가·운영자","인터뷰 진행","파일럿 진행","manuals/sal/COK-SAL-06-09.md"
"COK-SAL-06-10","SAL","컨시어지·고객개발","창업가·운영자","인터뷰 진행","월간 회고","manuals/sal/COK-SAL-06-10.md"
"COK-SAL-07-01","SAL","컨시어지·고객개발","창업가·운영자","요청 범위 통제","정기 점검","manuals/sal/COK-SAL-07-01.md"
"COK-SAL-07-02","SAL","컨시어지·고객개발","창업가·운영자","요청 범위 통제","신규 요청","manuals/sal/COK-SAL-07-02.md"
"COK-SAL-07-03","SAL","컨시어지·고객개발","창업가·운영자","요청 범위 통제","실사용자 신고","manuals/sal/COK-SAL-07-03.md"
"COK-SAL-07-04","SAL","컨시어지·고객개발","창업가·운영자","요청 범위 통제","배포 직전","manuals/sal/COK-SAL-07-04.md"
"COK-SAL-07-05","SAL","컨시어지·고객개발","창업가·운영자","요청 범위 통제","배포 직후","manuals/sal/COK-SAL-07-05.md"
"COK-SAL-07-06","SAL","컨시어지·고객개발","창업가·운영자","요청 범위 통제","장애 발생","manuals/sal/COK-SAL-07-06.md"
"COK-SAL-07-07","SAL","컨시어지·고객개발","창업가·운영자","요청 범위 통제","보안 의심","manuals/sal/COK-SAL-07-07.md"
"COK-SAL-07-08","SAL","컨시어지·고객개발","창업가·운영자","요청 범위 통제","개인정보 포함 가능성","manuals/sal/COK-SAL-07-08.md"
"COK-SAL-07-09","SAL","컨시어지·고객개발","창업가·운영자","요청 범위 통제","파일럿 진행","manuals/sal/COK-SAL-07-09.md"
"COK-SAL-07-10","SAL","컨시어지·고객개발","창업가·운영자","요청 범위 통제","월간 회고","manuals/sal/COK-SAL-07-10.md"
"COK-SAL-08-01","SAL","컨시어지·고객개발","창업가·운영자","민감정보 차단","정기 점검","manuals/sal/COK-SAL-08-01.md"
"COK-SAL-08-02","SAL","컨시어지·고객개발","창업가·운영자","민감정보 차단","신규 요청","manuals/sal/COK-SAL-08-02.md"
"COK-SAL-08-03","SAL","컨시어지·고객개발","창업가·운영자","민감정보 차단","실사용자 신고","manuals/sal/COK-SAL-08-03.md"
"COK-SAL-08-04","SAL","컨시어지·고객개발","창업가·운영자","민감정보 차단","배포 직전","manuals/sal/COK-SAL-08-04.md"
"COK-SAL-08-05","SAL","컨시어지·고객개발","창업가·운영자","민감정보 차단","배포 직후","manuals/sal/COK-SAL-08-05.md"
"COK-SAL-08-06","SAL","컨시어지·고객개발","창업가·운영자","민감정보 차단","장애 발생","manuals/sal/COK-SAL-08-06.md"
"COK-SAL-08-07","SAL","컨시어지·고객개발","창업가·운영자","민감정보 차단","보안 의심","manuals/sal/COK-SAL-08-07.md"
"COK-SAL-08-08","SAL","컨시어지·고객개발","창업가·운영자","민감정보 차단","개인정보 포함 가능성","manuals/sal/COK-SAL-08-08.md"
"COK-SAL-08-09","SAL","컨시어지·고객개발","창업가·운영자","민감정보 차단","파일럿 진행","manuals/sal/COK-SAL-08-09.md"
"COK-SAL-08-10","SAL","컨시어지·고객개발","창업가·운영자","민감정보 차단","월간 회고","manuals/sal/COK-SAL-08-10.md"
"COK-SAL-09-01","SAL","컨시어지·고객개발","창업가·운영자","재사용 요청","정기 점검","manuals/sal/COK-SAL-09-01.md"
"COK-SAL-09-02","SAL","컨시어지·고객개발","창업가·운영자","재사용 요청","신규 요청","manuals/sal/COK-SAL-09-02.md"
"COK-SAL-09-03","SAL","컨시어지·고객개발","창업가·운영자","재사용 요청","실사용자 신고","manuals/sal/COK-SAL-09-03.md"
"COK-SAL-09-04","SAL","컨시어지·고객개발","창업가·운영자","재사용 요청","배포 직전","manuals/sal/COK-SAL-09-04.md"
"COK-SAL-09-05","SAL","컨시어지·고객개발","창업가·운영자","재사용 요청","배포 직후","manuals/sal/COK-SAL-09-05.md"
"COK-SAL-09-06","SAL","컨시어지·고객개발","창업가·운영자","재사용 요청","장애 발생","manuals/sal/COK-SAL-09-06.md"
"COK-SAL-09-07","SAL","컨시어지·고객개발","창업가·운영자","재사용 요청","보안 의심","manuals/sal/COK-SAL-09-07.md"
"COK-SAL-09-08","SAL","컨시어지·고객개발","창업가·운영자","재사용 요청","개인정보 포함 가능성","manuals/sal/COK-SAL-09-08.md"
"COK-SAL-09-09","SAL","컨시어지·고객개발","창업가·운영자","재사용 요청","파일럿 진행","manuals/sal/COK-SAL-09-09.md"
"COK-SAL-09-10","SAL","컨시어지·고객개발","창업가·운영자","재사용 요청","월간 회고","manuals/sal/COK-SAL-09-10.md"
"COK-SAL-10-01","SAL","컨시어지·고객개발","창업가·운영자","테스트 종료","정기 점검","manuals/sal/COK-SAL-10-01.md"
"COK-SAL-10-02","SAL","컨시어지·고객개발","창업가·운영자","테스트 종료","신규 요청","manuals/sal/COK-SAL-10-02.md"
"COK-SAL-10-03","SAL","컨시어지·고객개발","창업가·운영자","테스트 종료","실사용자 신고","manuals/sal/COK-SAL-10-03.md"
"COK-SAL-10-04","SAL","컨시어지·고객개발","창업가·운영자","테스트 종료","배포 직전","manuals/sal/COK-SAL-10-04.md"
"COK-SAL-10-05","SAL","컨시어지·고객개발","창업가·운영자","테스트 종료","배포 직후","manuals/sal/COK-SAL-10-05.md"
"COK-SAL-10-06","SAL","컨시어지·고객개발","창업가·운영자","테스트 종료","장애 발생","manuals/sal/COK-SAL-10-06.md"
"COK-SAL-10-07","SAL","컨시어지·고객개발","창업가·운영자","테스트 종료","보안 의심","manuals/sal/COK-SAL-10-07.md"
"COK-SAL-10-08","SAL","컨시어지·고객개발","창업가·운영자","테스트 종료","개인정보 포함 가능성","manuals/sal/COK-SAL-10-08.md"
"COK-SAL-10-09","SAL","컨시어지·고객개발","창업가·운영자","테스트 종료","파일럿 진행","manuals/sal/COK-SAL-10-09.md"
"COK-SAL-10-10","SAL","컨시어지·고객개발","창업가·운영자","테스트 종료","월간 회고","manuals/sal/COK-SAL-10-10.md"
"COK-PEO-01-01","PEO","협업자·외주","운영 책임자","협업자 온보딩","정기 점검","manuals/peo/COK-PEO-01-01.md"
"COK-PEO-01-02","PEO","협업자·외주","운영 책임자","협업자 온보딩","신규 요청","manuals/peo/COK-PEO-01-02.md"
"COK-PEO-01-03","PEO","협업자·외주","운영 책임자","협업자 온보딩","실사용자 신고","manuals/peo/COK-PEO-01-03.md"
"COK-PEO-01-04","PEO","협업자·외주","운영 책임자","협업자 온보딩","배포 직전","manuals/peo/COK-PEO-01-04.md"
"COK-PEO-01-05","PEO","협업자·외주","운영 책임자","협업자 온보딩","배포 직후","manuals/peo/COK-PEO-01-05.md"
"COK-PEO-01-06","PEO","협업자·외주","운영 책임자","협업자 온보딩","장애 발생","manuals/peo/COK-PEO-01-06.md"
"COK-PEO-01-07","PEO","협업자·외주","운영 책임자","협업자 온보딩","보안 의심","manuals/peo/COK-PEO-01-07.md"
"COK-PEO-01-08","PEO","협업자·외주","운영 책임자","협업자 온보딩","개인정보 포함 가능성","manuals/peo/COK-PEO-01-08.md"
"COK-PEO-01-09","PEO","협업자·외주","운영 책임자","협업자 온보딩","파일럿 진행","manuals/peo/COK-PEO-01-09.md"
"COK-PEO-01-10","PEO","협업자·외주","운영 책임자","협업자 온보딩","월간 회고","manuals/peo/COK-PEO-01-10.md"
"COK-PEO-02-01","PEO","협업자·외주","운영 책임자","권한 부여","정기 점검","manuals/peo/COK-PEO-02-01.md"
"COK-PEO-02-02","PEO","협업자·외주","운영 책임자","권한 부여","신규 요청","manuals/peo/COK-PEO-02-02.md"
"COK-PEO-02-03","PEO","협업자·외주","운영 책임자","권한 부여","실사용자 신고","manuals/peo/COK-PEO-02-03.md"
"COK-PEO-02-04","PEO","협업자·외주","운영 책임자","권한 부여","배포 직전","manuals/peo/COK-PEO-02-04.md"
"COK-PEO-02-05","PEO","협업자·외주","운영 책임자","권한 부여","배포 직후","manuals/peo/COK-PEO-02-05.md"
"COK-PEO-02-06","PEO","협업자·외주","운영 책임자","권한 부여","장애 발생","manuals/peo/COK-PEO-02-06.md"
"COK-PEO-02-07","PEO","협업자·외주","운영 책임자","권한 부여","보안 의심","manuals/peo/COK-PEO-02-07.md"
"COK-PEO-02-08","PEO","협업자·외주","운영 책임자","권한 부여","개인정보 포함 가능성","manuals/peo/COK-PEO-02-08.md"
"COK-PEO-02-09","PEO","협업자·외주","운영 책임자","권한 부여","파일럿 진행","manuals/peo/COK-PEO-02-09.md"
"COK-PEO-02-10","PEO","협업자·외주","운영 책임자","권한 부여","월간 회고","manuals/peo/COK-PEO-02-10.md"
"COK-PEO-03-01","PEO","협업자·외주","운영 책임자","작업 브리프 작성","정기 점검","manuals/peo/COK-PEO-03-01.md"
"COK-PEO-03-02","PEO","협업자·외주","운영 책임자","작업 브리프 작성","신규 요청","manuals/peo/COK-PEO-03-02.md"
"COK-PEO-03-03","PEO","협업자·외주","운영 책임자","작업 브리프 작성","실사용자 신고","manuals/peo/COK-PEO-03-03.md"
"COK-PEO-03-04","PEO","협업자·외주","운영 책임자","작업 브리프 작성","배포 직전","manuals/peo/COK-PEO-03-04.md"
"COK-PEO-03-05","PEO","협업자·외주","운영 책임자","작업 브리프 작성","배포 직후","manuals/peo/COK-PEO-03-05.md"
"COK-PEO-03-06","PEO","협업자·외주","운영 책임자","작업 브리프 작성","장애 발생","manuals/peo/COK-PEO-03-06.md"
"COK-PEO-03-07","PEO","협업자·외주","운영 책임자","작업 브리프 작성","보안 의심","manuals/peo/COK-PEO-03-07.md"
"COK-PEO-03-08","PEO","협업자·외주","운영 책임자","작업 브리프 작성","개인정보 포함 가능성","manuals/peo/COK-PEO-03-08.md"
"COK-PEO-03-09","PEO","협업자·외주","운영 책임자","작업 브리프 작성","파일럿 진행","manuals/peo/COK-PEO-03-09.md"
"COK-PEO-03-10","PEO","협업자·외주","운영 책임자","작업 브리프 작성","월간 회고","manuals/peo/COK-PEO-03-10.md"
"COK-PEO-04-01","PEO","협업자·외주","운영 책임자","코드 리뷰","정기 점검","manuals/peo/COK-PEO-04-01.md"
"COK-PEO-04-02","PEO","협업자·외주","운영 책임자","코드 리뷰","신규 요청","manuals/peo/COK-PEO-04-02.md"
"COK-PEO-04-03","PEO","협업자·외주","운영 책임자","코드 리뷰","실사용자 신고","manuals/peo/COK-PEO-04-03.md"
"COK-PEO-04-04","PEO","협업자·외주","운영 책임자","코드 리뷰","배포 직전","manuals/peo/COK-PEO-04-04.md"
"COK-PEO-04-05","PEO","협업자·외주","운영 책임자","코드 리뷰","배포 직후","manuals/peo/COK-PEO-04-05.md"
"COK-PEO-04-06","PEO","협업자·외주","운영 책임자","코드 리뷰","장애 발생","manuals/peo/COK-PEO-04-06.md"
"COK-PEO-04-07","PEO","협업자·외주","운영 책임자","코드 리뷰","보안 의심","manuals/peo/COK-PEO-04-07.md"
"COK-PEO-04-08","PEO","협업자·외주","운영 책임자","코드 리뷰","개인정보 포함 가능성","manuals/peo/COK-PEO-04-08.md"
"COK-PEO-04-09","PEO","협업자·외주","운영 책임자","코드 리뷰","파일럿 진행","manuals/peo/COK-PEO-04-09.md"
"COK-PEO-04-10","PEO","협업자·외주","운영 책임자","코드 리뷰","월간 회고","manuals/peo/COK-PEO-04-10.md"
"COK-PEO-05-01","PEO","협업자·외주","운영 책임자","디자인 검수","정기 점검","manuals/peo/COK-PEO-05-01.md"
"COK-PEO-05-02","PEO","협업자·외주","운영 책임자","디자인 검수","신규 요청","manuals/peo/COK-PEO-05-02.md"
"COK-PEO-05-03","PEO","협업자·외주","운영 책임자","디자인 검수","실사용자 신고","manuals/peo/COK-PEO-05-03.md"
"COK-PEO-05-04","PEO","협업자·외주","운영 책임자","디자인 검수","배포 직전","manuals/peo/COK-PEO-05-04.md"
"COK-PEO-05-05","PEO","협업자·외주","운영 책임자","디자인 검수","배포 직후","manuals/peo/COK-PEO-05-05.md"
"COK-PEO-05-06","PEO","협업자·외주","운영 책임자","디자인 검수","장애 발생","manuals/peo/COK-PEO-05-06.md"
"COK-PEO-05-07","PEO","협업자·외주","운영 책임자","디자인 검수","보안 의심","manuals/peo/COK-PEO-05-07.md"
"COK-PEO-05-08","PEO","협업자·외주","운영 책임자","디자인 검수","개인정보 포함 가능성","manuals/peo/COK-PEO-05-08.md"
"COK-PEO-05-09","PEO","협업자·외주","운영 책임자","디자인 검수","파일럿 진행","manuals/peo/COK-PEO-05-09.md"
"COK-PEO-05-10","PEO","협업자·외주","운영 책임자","디자인 검수","월간 회고","manuals/peo/COK-PEO-05-10.md"
"COK-PEO-06-01","PEO","협업자·외주","운영 책임자","외주 산출물 수령","정기 점검","manuals/peo/COK-PEO-06-01.md"
"COK-PEO-06-02","PEO","협업자·외주","운영 책임자","외주 산출물 수령","신규 요청","manuals/peo/COK-PEO-06-02.md"
"COK-PEO-06-03","PEO","협업자·외주","운영 책임자","외주 산출물 수령","실사용자 신고","manuals/peo/COK-PEO-06-03.md"
"COK-PEO-06-04","PEO","협업자·외주","운영 책임자","외주 산출물 수령","배포 직전","manuals/peo/COK-PEO-06-04.md"
"COK-PEO-06-05","PEO","협업자·외주","운영 책임자","외주 산출물 수령","배포 직후","manuals/peo/COK-PEO-06-05.md"
"COK-PEO-06-06","PEO","협업자·외주","운영 책임자","외주 산출물 수령","장애 발생","manuals/peo/COK-PEO-06-06.md"
"COK-PEO-06-07","PEO","협업자·외주","운영 책임자","외주 산출물 수령","보안 의심","manuals/peo/COK-PEO-06-07.md"
"COK-PEO-06-08","PEO","협업자·외주","운영 책임자","외주 산출물 수령","개인정보 포함 가능성","manuals/peo/COK-PEO-06-08.md"
"COK-PEO-06-09","PEO","협업자·외주","운영 책임자","외주 산출물 수령","파일럿 진행","manuals/peo/COK-PEO-06-09.md"
"COK-PEO-06-10","PEO","협업자·외주","운영 책임자","외주 산출물 수령","월간 회고","manuals/peo/COK-PEO-06-10.md"
"COK-PEO-07-01","PEO","협업자·외주","운영 책임자","접근 권한 회수","정기 점검","manuals/peo/COK-PEO-07-01.md"
"COK-PEO-07-02","PEO","협업자·외주","운영 책임자","접근 권한 회수","신규 요청","manuals/peo/COK-PEO-07-02.md"
"COK-PEO-07-03","PEO","협업자·외주","운영 책임자","접근 권한 회수","실사용자 신고","manuals/peo/COK-PEO-07-03.md"
"COK-PEO-07-04","PEO","협업자·외주","운영 책임자","접근 권한 회수","배포 직전","manuals/peo/COK-PEO-07-04.md"
"COK-PEO-07-05","PEO","협업자·외주","운영 책임자","접근 권한 회수","배포 직후","manuals/peo/COK-PEO-07-05.md"
"COK-PEO-07-06","PEO","협업자·외주","운영 책임자","접근 권한 회수","장애 발생","manuals/peo/COK-PEO-07-06.md"
"COK-PEO-07-07","PEO","협업자·외주","운영 책임자","접근 권한 회수","보안 의심","manuals/peo/COK-PEO-07-07.md"
"COK-PEO-07-08","PEO","협업자·외주","운영 책임자","접근 권한 회수","개인정보 포함 가능성","manuals/peo/COK-PEO-07-08.md"
"COK-PEO-07-09","PEO","협업자·외주","운영 책임자","접근 권한 회수","파일럿 진행","manuals/peo/COK-PEO-07-09.md"
"COK-PEO-07-10","PEO","협업자·외주","운영 책임자","접근 권한 회수","월간 회고","manuals/peo/COK-PEO-07-10.md"
"COK-PEO-08-01","PEO","협업자·외주","운영 책임자","비밀유지 확인","정기 점검","manuals/peo/COK-PEO-08-01.md"
"COK-PEO-08-02","PEO","협업자·외주","운영 책임자","비밀유지 확인","신규 요청","manuals/peo/COK-PEO-08-02.md"
"COK-PEO-08-03","PEO","협업자·외주","운영 책임자","비밀유지 확인","실사용자 신고","manuals/peo/COK-PEO-08-03.md"
"COK-PEO-08-04","PEO","협업자·외주","운영 책임자","비밀유지 확인","배포 직전","manuals/peo/COK-PEO-08-04.md"
"COK-PEO-08-05","PEO","협업자·외주","운영 책임자","비밀유지 확인","배포 직후","manuals/peo/COK-PEO-08-05.md"
"COK-PEO-08-06","PEO","협업자·외주","운영 책임자","비밀유지 확인","장애 발생","manuals/peo/COK-PEO-08-06.md"
"COK-PEO-08-07","PEO","협업자·외주","운영 책임자","비밀유지 확인","보안 의심","manuals/peo/COK-PEO-08-07.md"
"COK-PEO-08-08","PEO","협업자·외주","운영 책임자","비밀유지 확인","개인정보 포함 가능성","manuals/peo/COK-PEO-08-08.md"
"COK-PEO-08-09","PEO","협업자·외주","운영 책임자","비밀유지 확인","파일럿 진행","manuals/peo/COK-PEO-08-09.md"
"COK-PEO-08-10","PEO","협업자·외주","운영 책임자","비밀유지 확인","월간 회고","manuals/peo/COK-PEO-08-10.md"
"COK-PEO-09-01","PEO","협업자·외주","운영 책임자","역할 변경","정기 점검","manuals/peo/COK-PEO-09-01.md"
"COK-PEO-09-02","PEO","협업자·외주","운영 책임자","역할 변경","신규 요청","manuals/peo/COK-PEO-09-02.md"
"COK-PEO-09-03","PEO","협업자·외주","운영 책임자","역할 변경","실사용자 신고","manuals/peo/COK-PEO-09-03.md"
"COK-PEO-09-04","PEO","협업자·외주","운영 책임자","역할 변경","배포 직전","manuals/peo/COK-PEO-09-04.md"
"COK-PEO-09-05","PEO","협업자·외주","운영 책임자","역할 변경","배포 직후","manuals/peo/COK-PEO-09-05.md"
"COK-PEO-09-06","PEO","협업자·외주","운영 책임자","역할 변경","장애 발생","manuals/peo/COK-PEO-09-06.md"
"COK-PEO-09-07","PEO","협업자·외주","운영 책임자","역할 변경","보안 의심","manuals/peo/COK-PEO-09-07.md"
"COK-PEO-09-08","PEO","협업자·외주","운영 책임자","역할 변경","개인정보 포함 가능성","manuals/peo/COK-PEO-09-08.md"
"COK-PEO-09-09","PEO","협업자·외주","운영 책임자","역할 변경","파일럿 진행","manuals/peo/COK-PEO-09-09.md"
"COK-PEO-09-10","PEO","협업자·외주","운영 책임자","역할 변경","월간 회고","manuals/peo/COK-PEO-09-10.md"
"COK-PEO-10-01","PEO","협업자·외주","운영 책임자","협업 종료","정기 점검","manuals/peo/COK-PEO-10-01.md"
"COK-PEO-10-02","PEO","협업자·외주","운영 책임자","협업 종료","신규 요청","manuals/peo/COK-PEO-10-02.md"
"COK-PEO-10-03","PEO","협업자·외주","운영 책임자","협업 종료","실사용자 신고","manuals/peo/COK-PEO-10-03.md"
"COK-PEO-10-04","PEO","협업자·외주","운영 책임자","협업 종료","배포 직전","manuals/peo/COK-PEO-10-04.md"
"COK-PEO-10-05","PEO","협업자·외주","운영 책임자","협업 종료","배포 직후","manuals/peo/COK-PEO-10-05.md"
"COK-PEO-10-06","PEO","협업자·외주","운영 책임자","협업 종료","장애 발생","manuals/peo/COK-PEO-10-06.md"
"COK-PEO-10-07","PEO","협업자·외주","운영 책임자","협업 종료","보안 의심","manuals/peo/COK-PEO-10-07.md"
"COK-PEO-10-08","PEO","협업자·외주","운영 책임자","협업 종료","개인정보 포함 가능성","manuals/peo/COK-PEO-10-08.md"
"COK-PEO-10-09","PEO","협업자·외주","운영 책임자","협업 종료","파일럿 진행","manuals/peo/COK-PEO-10-09.md"
"COK-PEO-10-10","PEO","협업자·외주","운영 책임자","협업 종료","월간 회고","manuals/peo/COK-PEO-10-10.md"
"COK-RES-01-01","RES","시장·경쟁 리서치","리서처","경쟁사 선정","정기 점검","manuals/res/COK-RES-01-01.md"
"COK-RES-01-02","RES","시장·경쟁 리서치","리서처","경쟁사 선정","신규 요청","manuals/res/COK-RES-01-02.md"
"COK-RES-01-03","RES","시장·경쟁 리서치","리서처","경쟁사 선정","실사용자 신고","manuals/res/COK-RES-01-03.md"
"COK-RES-01-04","RES","시장·경쟁 리서치","리서처","경쟁사 선정","배포 직전","manuals/res/COK-RES-01-04.md"
"COK-RES-01-05","RES","시장·경쟁 리서치","리서처","경쟁사 선정","배포 직후","manuals/res/COK-RES-01-05.md"
"COK-RES-01-06","RES","시장·경쟁 리서치","리서처","경쟁사 선정","장애 발생","manuals/res/COK-RES-01-06.md"
"COK-RES-01-07","RES","시장·경쟁 리서치","리서처","경쟁사 선정","보안 의심","manuals/res/COK-RES-01-07.md"
"COK-RES-01-08","RES","시장·경쟁 리서치","리서처","경쟁사 선정","개인정보 포함 가능성","manuals/res/COK-RES-01-08.md"
"COK-RES-01-09","RES","시장·경쟁 리서치","리서처","경쟁사 선정","파일럿 진행","manuals/res/COK-RES-01-09.md"
"COK-RES-01-10","RES","시장·경쟁 리서치","리서처","경쟁사 선정","월간 회고","manuals/res/COK-RES-01-10.md"
"COK-RES-02-01","RES","시장·경쟁 리서치","리서처","기능 비교","정기 점검","manuals/res/COK-RES-02-01.md"
"COK-RES-02-02","RES","시장·경쟁 리서치","리서처","기능 비교","신규 요청","manuals/res/COK-RES-02-02.md"
"COK-RES-02-03","RES","시장·경쟁 리서치","리서처","기능 비교","실사용자 신고","manuals/res/COK-RES-02-03.md"
"COK-RES-02-04","RES","시장·경쟁 리서치","리서처","기능 비교","배포 직전","manuals/res/COK-RES-02-04.md"
"COK-RES-02-05","RES","시장·경쟁 리서치","리서처","기능 비교","배포 직후","manuals/res/COK-RES-02-05.md"
"COK-RES-02-06","RES","시장·경쟁 리서치","리서처","기능 비교","장애 발생","manuals/res/COK-RES-02-06.md"
"COK-RES-02-07","RES","시장·경쟁 리서치","리서처","기능 비교","보안 의심","manuals/res/COK-RES-02-07.md"
"COK-RES-02-08","RES","시장·경쟁 리서치","리서처","기능 비교","개인정보 포함 가능성","manuals/res/COK-RES-02-08.md"
"COK-RES-02-09","RES","시장·경쟁 리서치","리서처","기능 비교","파일럿 진행","manuals/res/COK-RES-02-09.md"
"COK-RES-02-10","RES","시장·경쟁 리서치","리서처","기능 비교","월간 회고","manuals/res/COK-RES-02-10.md"
"COK-RES-03-01","RES","시장·경쟁 리서치","리서처","가격 비교","정기 점검","manuals/res/COK-RES-03-01.md"
"COK-RES-03-02","RES","시장·경쟁 리서치","리서처","가격 비교","신규 요청","manuals/res/COK-RES-03-02.md"
"COK-RES-03-03","RES","시장·경쟁 리서치","리서처","가격 비교","실사용자 신고","manuals/res/COK-RES-03-03.md"
"COK-RES-03-04","RES","시장·경쟁 리서치","리서처","가격 비교","배포 직전","manuals/res/COK-RES-03-04.md"
"COK-RES-03-05","RES","시장·경쟁 리서치","리서처","가격 비교","배포 직후","manuals/res/COK-RES-03-05.md"
"COK-RES-03-06","RES","시장·경쟁 리서치","리서처","가격 비교","장애 발생","manuals/res/COK-RES-03-06.md"
"COK-RES-03-07","RES","시장·경쟁 리서치","리서처","가격 비교","보안 의심","manuals/res/COK-RES-03-07.md"
"COK-RES-03-08","RES","시장·경쟁 리서치","리서처","가격 비교","개인정보 포함 가능성","manuals/res/COK-RES-03-08.md"
"COK-RES-03-09","RES","시장·경쟁 리서치","리서처","가격 비교","파일럿 진행","manuals/res/COK-RES-03-09.md"
"COK-RES-03-10","RES","시장·경쟁 리서치","리서처","가격 비교","월간 회고","manuals/res/COK-RES-03-10.md"
"COK-RES-04-01","RES","시장·경쟁 리서치","리서처","사용자 리뷰 분석","정기 점검","manuals/res/COK-RES-04-01.md"
"COK-RES-04-02","RES","시장·경쟁 리서치","리서처","사용자 리뷰 분석","신규 요청","manuals/res/COK-RES-04-02.md"
"COK-RES-04-03","RES","시장·경쟁 리서치","리서처","사용자 리뷰 분석","실사용자 신고","manuals/res/COK-RES-04-03.md"
"COK-RES-04-04","RES","시장·경쟁 리서치","리서처","사용자 리뷰 분석","배포 직전","manuals/res/COK-RES-04-04.md"
"COK-RES-04-05","RES","시장·경쟁 리서치","리서처","사용자 리뷰 분석","배포 직후","manuals/res/COK-RES-04-05.md"
"COK-RES-04-06","RES","시장·경쟁 리서치","리서처","사용자 리뷰 분석","장애 발생","manuals/res/COK-RES-04-06.md"
"COK-RES-04-07","RES","시장·경쟁 리서치","리서처","사용자 리뷰 분석","보안 의심","manuals/res/COK-RES-04-07.md"
"COK-RES-04-08","RES","시장·경쟁 리서치","리서처","사용자 리뷰 분석","개인정보 포함 가능성","manuals/res/COK-RES-04-08.md"
"COK-RES-04-09","RES","시장·경쟁 리서치","리서처","사용자 리뷰 분석","파일럿 진행","manuals/res/COK-RES-04-09.md"
"COK-RES-04-10","RES","시장·경쟁 리서치","리서처","사용자 리뷰 분석","월간 회고","manuals/res/COK-RES-04-10.md"
"COK-RES-05-01","RES","시장·경쟁 리서치","리서처","대체 수단 분석","정기 점검","manuals/res/COK-RES-05-01.md"
"COK-RES-05-02","RES","시장·경쟁 리서치","리서처","대체 수단 분석","신규 요청","manuals/res/COK-RES-05-02.md"
"COK-RES-05-03","RES","시장·경쟁 리서치","리서처","대체 수단 분석","실사용자 신고","manuals/res/COK-RES-05-03.md"
"COK-RES-05-04","RES","시장·경쟁 리서치","리서처","대체 수단 분석","배포 직전","manuals/res/COK-RES-05-04.md"
"COK-RES-05-05","RES","시장·경쟁 리서치","리서처","대체 수단 분석","배포 직후","manuals/res/COK-RES-05-05.md"
"COK-RES-05-06","RES","시장·경쟁 리서치","리서처","대체 수단 분석","장애 발생","manuals/res/COK-RES-05-06.md"
"COK-RES-05-07","RES","시장·경쟁 리서치","리서처","대체 수단 분석","보안 의심","manuals/res/COK-RES-05-07.md"
"COK-RES-05-08","RES","시장·경쟁 리서치","리서처","대체 수단 분석","개인정보 포함 가능성","manuals/res/COK-RES-05-08.md"
"COK-RES-05-09","RES","시장·경쟁 리서치","리서처","대체 수단 분석","파일럿 진행","manuals/res/COK-RES-05-09.md"
"COK-RES-05-10","RES","시장·경쟁 리서치","리서처","대체 수단 분석","월간 회고","manuals/res/COK-RES-05-10.md"
"COK-RES-06-01","RES","시장·경쟁 리서치","리서처","시장 가설 작성","정기 점검","manuals/res/COK-RES-06-01.md"
"COK-RES-06-02","RES","시장·경쟁 리서치","리서처","시장 가설 작성","신규 요청","manuals/res/COK-RES-06-02.md"
"COK-RES-06-03","RES","시장·경쟁 리서치","리서처","시장 가설 작성","실사용자 신고","manuals/res/COK-RES-06-03.md"
"COK-RES-06-04","RES","시장·경쟁 리서치","리서처","시장 가설 작성","배포 직전","manuals/res/COK-RES-06-04.md"
"COK-RES-06-05","RES","시장·경쟁 리서치","리서처","시장 가설 작성","배포 직후","manuals/res/COK-RES-06-05.md"
"COK-RES-06-06","RES","시장·경쟁 리서치","리서처","시장 가설 작성","장애 발생","manuals/res/COK-RES-06-06.md"
"COK-RES-06-07","RES","시장·경쟁 리서치","리서처","시장 가설 작성","보안 의심","manuals/res/COK-RES-06-07.md"
"COK-RES-06-08","RES","시장·경쟁 리서치","리서처","시장 가설 작성","개인정보 포함 가능성","manuals/res/COK-RES-06-08.md"
"COK-RES-06-09","RES","시장·경쟁 리서치","리서처","시장 가설 작성","파일럿 진행","manuals/res/COK-RES-06-09.md"
"COK-RES-06-10","RES","시장·경쟁 리서치","리서처","시장 가설 작성","월간 회고","manuals/res/COK-RES-06-10.md"
"COK-RES-07-01","RES","시장·경쟁 리서치","리서처","리서치 출처 확인","정기 점검","manuals/res/COK-RES-07-01.md"
"COK-RES-07-02","RES","시장·경쟁 리서치","리서처","리서치 출처 확인","신규 요청","manuals/res/COK-RES-07-02.md"
"COK-RES-07-03","RES","시장·경쟁 리서치","리서처","리서치 출처 확인","실사용자 신고","manuals/res/COK-RES-07-03.md"
"COK-RES-07-04","RES","시장·경쟁 리서치","리서처","리서치 출처 확인","배포 직전","manuals/res/COK-RES-07-04.md"
"COK-RES-07-05","RES","시장·경쟁 리서치","리서처","리서치 출처 확인","배포 직후","manuals/res/COK-RES-07-05.md"
"COK-RES-07-06","RES","시장·경쟁 리서치","리서처","리서치 출처 확인","장애 발생","manuals/res/COK-RES-07-06.md"
"COK-RES-07-07","RES","시장·경쟁 리서치","리서처","리서치 출처 확인","보안 의심","manuals/res/COK-RES-07-07.md"
"COK-RES-07-08","RES","시장·경쟁 리서치","리서처","리서치 출처 확인","개인정보 포함 가능성","manuals/res/COK-RES-07-08.md"
"COK-RES-07-09","RES","시장·경쟁 리서치","리서처","리서치 출처 확인","파일럿 진행","manuals/res/COK-RES-07-09.md"
"COK-RES-07-10","RES","시장·경쟁 리서치","리서처","리서치 출처 확인","월간 회고","manuals/res/COK-RES-07-10.md"
"COK-RES-08-01","RES","시장·경쟁 리서치","리서처","인사이트 정리","정기 점검","manuals/res/COK-RES-08-01.md"
"COK-RES-08-02","RES","시장·경쟁 리서치","리서처","인사이트 정리","신규 요청","manuals/res/COK-RES-08-02.md"
"COK-RES-08-03","RES","시장·경쟁 리서치","리서처","인사이트 정리","실사용자 신고","manuals/res/COK-RES-08-03.md"
"COK-RES-08-04","RES","시장·경쟁 리서치","리서처","인사이트 정리","배포 직전","manuals/res/COK-RES-08-04.md"
"COK-RES-08-05","RES","시장·경쟁 리서치","리서처","인사이트 정리","배포 직후","manuals/res/COK-RES-08-05.md"
"COK-RES-08-06","RES","시장·경쟁 리서치","리서처","인사이트 정리","장애 발생","manuals/res/COK-RES-08-06.md"
"COK-RES-08-07","RES","시장·경쟁 리서치","리서처","인사이트 정리","보안 의심","manuals/res/COK-RES-08-07.md"
"COK-RES-08-08","RES","시장·경쟁 리서치","리서처","인사이트 정리","개인정보 포함 가능성","manuals/res/COK-RES-08-08.md"
"COK-RES-08-09","RES","시장·경쟁 리서치","리서처","인사이트 정리","파일럿 진행","manuals/res/COK-RES-08-09.md"
"COK-RES-08-10","RES","시장·경쟁 리서치","리서처","인사이트 정리","월간 회고","manuals/res/COK-RES-08-10.md"
"COK-RES-09-01","RES","시장·경쟁 리서치","리서처","결정 연결","정기 점검","manuals/res/COK-RES-09-01.md"
"COK-RES-09-02","RES","시장·경쟁 리서치","리서처","결정 연결","신규 요청","manuals/res/COK-RES-09-02.md"
"COK-RES-09-03","RES","시장·경쟁 리서치","리서처","결정 연결","실사용자 신고","manuals/res/COK-RES-09-03.md"
"COK-RES-09-04","RES","시장·경쟁 리서치","리서처","결정 연결","배포 직전","manuals/res/COK-RES-09-04.md"
"COK-RES-09-05","RES","시장·경쟁 리서치","리서처","결정 연결","배포 직후","manuals/res/COK-RES-09-05.md"
"COK-RES-09-06","RES","시장·경쟁 리서치","리서처","결정 연결","장애 발생","manuals/res/COK-RES-09-06.md"
"COK-RES-09-07","RES","시장·경쟁 리서치","리서처","결정 연결","보안 의심","manuals/res/COK-RES-09-07.md"
"COK-RES-09-08","RES","시장·경쟁 리서치","리서처","결정 연결","개인정보 포함 가능성","manuals/res/COK-RES-09-08.md"
"COK-RES-09-09","RES","시장·경쟁 리서치","리서처","결정 연결","파일럿 진행","manuals/res/COK-RES-09-09.md"
"COK-RES-09-10","RES","시장·경쟁 리서치","리서처","결정 연결","월간 회고","manuals/res/COK-RES-09-10.md"
"COK-RES-10-01","RES","시장·경쟁 리서치","리서처","리서치 폐기","정기 점검","manuals/res/COK-RES-10-01.md"
"COK-RES-10-02","RES","시장·경쟁 리서치","리서처","리서치 폐기","신규 요청","manuals/res/COK-RES-10-02.md"
"COK-RES-10-03","RES","시장·경쟁 리서치","리서처","리서치 폐기","실사용자 신고","manuals/res/COK-RES-10-03.md"
"COK-RES-10-04","RES","시장·경쟁 리서치","리서처","리서치 폐기","배포 직전","manuals/res/COK-RES-10-04.md"
"COK-RES-10-05","RES","시장·경쟁 리서치","리서처","리서치 폐기","배포 직후","manuals/res/COK-RES-10-05.md"
"COK-RES-10-06","RES","시장·경쟁 리서치","리서처","리서치 폐기","장애 발생","manuals/res/COK-RES-10-06.md"
"COK-RES-10-07","RES","시장·경쟁 리서치","리서처","리서치 폐기","보안 의심","manuals/res/COK-RES-10-07.md"
"COK-RES-10-08","RES","시장·경쟁 리서치","리서처","리서치 폐기","개인정보 포함 가능성","manuals/res/COK-RES-10-08.md"
"COK-RES-10-09","RES","시장·경쟁 리서치","리서처","리서치 폐기","파일럿 진행","manuals/res/COK-RES-10-09.md"
"COK-RES-10-10","RES","시장·경쟁 리서치","리서처","리서치 폐기","월간 회고","manuals/res/COK-RES-10-10.md"
"COK-BCP-01-01","BCP","연속성·위기대응","대표·운영 책임자","사고 감지","정기 점검","manuals/bcp/COK-BCP-01-01.md"
"COK-BCP-01-02","BCP","연속성·위기대응","대표·운영 책임자","사고 감지","신규 요청","manuals/bcp/COK-BCP-01-02.md"
"COK-BCP-01-03","BCP","연속성·위기대응","대표·운영 책임자","사고 감지","실사용자 신고","manuals/bcp/COK-BCP-01-03.md"
"COK-BCP-01-04","BCP","연속성·위기대응","대표·운영 책임자","사고 감지","배포 직전","manuals/bcp/COK-BCP-01-04.md"
"COK-BCP-01-05","BCP","연속성·위기대응","대표·운영 책임자","사고 감지","배포 직후","manuals/bcp/COK-BCP-01-05.md"
"COK-BCP-01-06","BCP","연속성·위기대응","대표·운영 책임자","사고 감지","장애 발생","manuals/bcp/COK-BCP-01-06.md"
"COK-BCP-01-07","BCP","연속성·위기대응","대표·운영 책임자","사고 감지","보안 의심","manuals/bcp/COK-BCP-01-07.md"
"COK-BCP-01-08","BCP","연속성·위기대응","대표·운영 책임자","사고 감지","개인정보 포함 가능성","manuals/bcp/COK-BCP-01-08.md"
"COK-BCP-01-09","BCP","연속성·위기대응","대표·운영 책임자","사고 감지","파일럿 진행","manuals/bcp/COK-BCP-01-09.md"
"COK-BCP-01-10","BCP","연속성·위기대응","대표·운영 책임자","사고 감지","월간 회고","manuals/bcp/COK-BCP-01-10.md"
"COK-BCP-02-01","BCP","연속성·위기대응","대표·운영 책임자","초기 격리","정기 점검","manuals/bcp/COK-BCP-02-01.md"
"COK-BCP-02-02","BCP","연속성·위기대응","대표·운영 책임자","초기 격리","신규 요청","manuals/bcp/COK-BCP-02-02.md"
"COK-BCP-02-03","BCP","연속성·위기대응","대표·운영 책임자","초기 격리","실사용자 신고","manuals/bcp/COK-BCP-02-03.md"
"COK-BCP-02-04","BCP","연속성·위기대응","대표·운영 책임자","초기 격리","배포 직전","manuals/bcp/COK-BCP-02-04.md"
"COK-BCP-02-05","BCP","연속성·위기대응","대표·운영 책임자","초기 격리","배포 직후","manuals/bcp/COK-BCP-02-05.md"
"COK-BCP-02-06","BCP","연속성·위기대응","대표·운영 책임자","초기 격리","장애 발생","manuals/bcp/COK-BCP-02-06.md"
"COK-BCP-02-07","BCP","연속성·위기대응","대표·운영 책임자","초기 격리","보안 의심","manuals/bcp/COK-BCP-02-07.md"
"COK-BCP-02-08","BCP","연속성·위기대응","대표·운영 책임자","초기 격리","개인정보 포함 가능성","manuals/bcp/COK-BCP-02-08.md"
"COK-BCP-02-09","BCP","연속성·위기대응","대표·운영 책임자","초기 격리","파일럿 진행","manuals/bcp/COK-BCP-02-09.md"
"COK-BCP-02-10","BCP","연속성·위기대응","대표·운영 책임자","초기 격리","월간 회고","manuals/bcp/COK-BCP-02-10.md"
"COK-BCP-03-01","BCP","연속성·위기대응","대표·운영 책임자","영향 범위 파악","정기 점검","manuals/bcp/COK-BCP-03-01.md"
"COK-BCP-03-02","BCP","연속성·위기대응","대표·운영 책임자","영향 범위 파악","신규 요청","manuals/bcp/COK-BCP-03-02.md"
"COK-BCP-03-03","BCP","연속성·위기대응","대표·운영 책임자","영향 범위 파악","실사용자 신고","manuals/bcp/COK-BCP-03-03.md"
"COK-BCP-03-04","BCP","연속성·위기대응","대표·운영 책임자","영향 범위 파악","배포 직전","manuals/bcp/COK-BCP-03-04.md"
"COK-BCP-03-05","BCP","연속성·위기대응","대표·운영 책임자","영향 범위 파악","배포 직후","manuals/bcp/COK-BCP-03-05.md"
"COK-BCP-03-06","BCP","연속성·위기대응","대표·운영 책임자","영향 범위 파악","장애 발생","manuals/bcp/COK-BCP-03-06.md"
"COK-BCP-03-07","BCP","연속성·위기대응","대표·운영 책임자","영향 범위 파악","보안 의심","manuals/bcp/COK-BCP-03-07.md"
"COK-BCP-03-08","BCP","연속성·위기대응","대표·운영 책임자","영향 범위 파악","개인정보 포함 가능성","manuals/bcp/COK-BCP-03-08.md"
"COK-BCP-03-09","BCP","연속성·위기대응","대표·운영 책임자","영향 범위 파악","파일럿 진행","manuals/bcp/COK-BCP-03-09.md"
"COK-BCP-03-10","BCP","연속성·위기대응","대표·운영 책임자","영향 범위 파악","월간 회고","manuals/bcp/COK-BCP-03-10.md"
"COK-BCP-04-01","BCP","연속성·위기대응","대표·운영 책임자","사용자 공지","정기 점검","manuals/bcp/COK-BCP-04-01.md"
"COK-BCP-04-02","BCP","연속성·위기대응","대표·운영 책임자","사용자 공지","신규 요청","manuals/bcp/COK-BCP-04-02.md"
"COK-BCP-04-03","BCP","연속성·위기대응","대표·운영 책임자","사용자 공지","실사용자 신고","manuals/bcp/COK-BCP-04-03.md"
"COK-BCP-04-04","BCP","연속성·위기대응","대표·운영 책임자","사용자 공지","배포 직전","manuals/bcp/COK-BCP-04-04.md"
"COK-BCP-04-05","BCP","연속성·위기대응","대표·운영 책임자","사용자 공지","배포 직후","manuals/bcp/COK-BCP-04-05.md"
"COK-BCP-04-06","BCP","연속성·위기대응","대표·운영 책임자","사용자 공지","장애 발생","manuals/bcp/COK-BCP-04-06.md"
"COK-BCP-04-07","BCP","연속성·위기대응","대표·운영 책임자","사용자 공지","보안 의심","manuals/bcp/COK-BCP-04-07.md"
"COK-BCP-04-08","BCP","연속성·위기대응","대표·운영 책임자","사용자 공지","개인정보 포함 가능성","manuals/bcp/COK-BCP-04-08.md"
"COK-BCP-04-09","BCP","연속성·위기대응","대표·운영 책임자","사용자 공지","파일럿 진행","manuals/bcp/COK-BCP-04-09.md"
"COK-BCP-04-10","BCP","연속성·위기대응","대표·운영 책임자","사용자 공지","월간 회고","manuals/bcp/COK-BCP-04-10.md"
"COK-BCP-05-01","BCP","연속성·위기대응","대표·운영 책임자","복구 의사결정","정기 점검","manuals/bcp/COK-BCP-05-01.md"
"COK-BCP-05-02","BCP","연속성·위기대응","대표·운영 책임자","복구 의사결정","신규 요청","manuals/bcp/COK-BCP-05-02.md"
"COK-BCP-05-03","BCP","연속성·위기대응","대표·운영 책임자","복구 의사결정","실사용자 신고","manuals/bcp/COK-BCP-05-03.md"
"COK-BCP-05-04","BCP","연속성·위기대응","대표·운영 책임자","복구 의사결정","배포 직전","manuals/bcp/COK-BCP-05-04.md"
"COK-BCP-05-05","BCP","연속성·위기대응","대표·운영 책임자","복구 의사결정","배포 직후","manuals/bcp/COK-BCP-05-05.md"
"COK-BCP-05-06","BCP","연속성·위기대응","대표·운영 책임자","복구 의사결정","장애 발생","manuals/bcp/COK-BCP-05-06.md"
"COK-BCP-05-07","BCP","연속성·위기대응","대표·운영 책임자","복구 의사결정","보안 의심","manuals/bcp/COK-BCP-05-07.md"
"COK-BCP-05-08","BCP","연속성·위기대응","대표·운영 책임자","복구 의사결정","개인정보 포함 가능성","manuals/bcp/COK-BCP-05-08.md"
"COK-BCP-05-09","BCP","연속성·위기대응","대표·운영 책임자","복구 의사결정","파일럿 진행","manuals/bcp/COK-BCP-05-09.md"
"COK-BCP-05-10","BCP","연속성·위기대응","대표·운영 책임자","복구 의사결정","월간 회고","manuals/bcp/COK-BCP-05-10.md"
"COK-BCP-06-01","BCP","연속성·위기대응","대표·운영 책임자","백업 복원","정기 점검","manuals/bcp/COK-BCP-06-01.md"
"COK-BCP-06-02","BCP","연속성·위기대응","대표·운영 책임자","백업 복원","신규 요청","manuals/bcp/COK-BCP-06-02.md"
"COK-BCP-06-03","BCP","연속성·위기대응","대표·운영 책임자","백업 복원","실사용자 신고","manuals/bcp/COK-BCP-06-03.md"
"COK-BCP-06-04","BCP","연속성·위기대응","대표·운영 책임자","백업 복원","배포 직전","manuals/bcp/COK-BCP-06-04.md"
"COK-BCP-06-05","BCP","연속성·위기대응","대표·운영 책임자","백업 복원","배포 직후","manuals/bcp/COK-BCP-06-05.md"
"COK-BCP-06-06","BCP","연속성·위기대응","대표·운영 책임자","백업 복원","장애 발생","manuals/bcp/COK-BCP-06-06.md"
"COK-BCP-06-07","BCP","연속성·위기대응","대표·운영 책임자","백업 복원","보안 의심","manuals/bcp/COK-BCP-06-07.md"
"COK-BCP-06-08","BCP","연속성·위기대응","대표·운영 책임자","백업 복원","개인정보 포함 가능성","manuals/bcp/COK-BCP-06-08.md"
"COK-BCP-06-09","BCP","연속성·위기대응","대표·운영 책임자","백업 복원","파일럿 진행","manuals/bcp/COK-BCP-06-09.md"
"COK-BCP-06-10","BCP","연속성·위기대응","대표·운영 책임자","백업 복원","월간 회고","manuals/bcp/COK-BCP-06-10.md"
"COK-BCP-07-01","BCP","연속성·위기대응","대표·운영 책임자","계정 탈취 대응","정기 점검","manuals/bcp/COK-BCP-07-01.md"
"COK-BCP-07-02","BCP","연속성·위기대응","대표·운영 책임자","계정 탈취 대응","신규 요청","manuals/bcp/COK-BCP-07-02.md"
"COK-BCP-07-03","BCP","연속성·위기대응","대표·운영 책임자","계정 탈취 대응","실사용자 신고","manuals/bcp/COK-BCP-07-03.md"
"COK-BCP-07-04","BCP","연속성·위기대응","대표·운영 책임자","계정 탈취 대응","배포 직전","manuals/bcp/COK-BCP-07-04.md"
"COK-BCP-07-05","BCP","연속성·위기대응","대표·운영 책임자","계정 탈취 대응","배포 직후","manuals/bcp/COK-BCP-07-05.md"
"COK-BCP-07-06","BCP","연속성·위기대응","대표·운영 책임자","계정 탈취 대응","장애 발생","manuals/bcp/COK-BCP-07-06.md"
"COK-BCP-07-07","BCP","연속성·위기대응","대표·운영 책임자","계정 탈취 대응","보안 의심","manuals/bcp/COK-BCP-07-07.md"
"COK-BCP-07-08","BCP","연속성·위기대응","대표·운영 책임자","계정 탈취 대응","개인정보 포함 가능성","manuals/bcp/COK-BCP-07-08.md"
"COK-BCP-07-09","BCP","연속성·위기대응","대표·운영 책임자","계정 탈취 대응","파일럿 진행","manuals/bcp/COK-BCP-07-09.md"
"COK-BCP-07-10","BCP","연속성·위기대응","대표·운영 책임자","계정 탈취 대응","월간 회고","manuals/bcp/COK-BCP-07-10.md"
"COK-BCP-08-01","BCP","연속성·위기대응","대표·운영 책임자","데이터 유출 의심 대응","정기 점검","manuals/bcp/COK-BCP-08-01.md"
"COK-BCP-08-02","BCP","연속성·위기대응","대표·운영 책임자","데이터 유출 의심 대응","신규 요청","manuals/bcp/COK-BCP-08-02.md"
"COK-BCP-08-03","BCP","연속성·위기대응","대표·운영 책임자","데이터 유출 의심 대응","실사용자 신고","manuals/bcp/COK-BCP-08-03.md"
"COK-BCP-08-04","BCP","연속성·위기대응","대표·운영 책임자","데이터 유출 의심 대응","배포 직전","manuals/bcp/COK-BCP-08-04.md"
"COK-BCP-08-05","BCP","연속성·위기대응","대표·운영 책임자","데이터 유출 의심 대응","배포 직후","manuals/bcp/COK-BCP-08-05.md"
"COK-BCP-08-06","BCP","연속성·위기대응","대표·운영 책임자","데이터 유출 의심 대응","장애 발생","manuals/bcp/COK-BCP-08-06.md"
"COK-BCP-08-07","BCP","연속성·위기대응","대표·운영 책임자","데이터 유출 의심 대응","보안 의심","manuals/bcp/COK-BCP-08-07.md"
"COK-BCP-08-08","BCP","연속성·위기대응","대표·운영 책임자","데이터 유출 의심 대응","개인정보 포함 가능성","manuals/bcp/COK-BCP-08-08.md"
"COK-BCP-08-09","BCP","연속성·위기대응","대표·운영 책임자","데이터 유출 의심 대응","파일럿 진행","manuals/bcp/COK-BCP-08-09.md"
"COK-BCP-08-10","BCP","연속성·위기대응","대표·운영 책임자","데이터 유출 의심 대응","월간 회고","manuals/bcp/COK-BCP-08-10.md"
"COK-BCP-09-01","BCP","연속성·위기대응","대표·운영 책임자","서비스 종료 준비","정기 점검","manuals/bcp/COK-BCP-09-01.md"
"COK-BCP-09-02","BCP","연속성·위기대응","대표·운영 책임자","서비스 종료 준비","신규 요청","manuals/bcp/COK-BCP-09-02.md"
"COK-BCP-09-03","BCP","연속성·위기대응","대표·운영 책임자","서비스 종료 준비","실사용자 신고","manuals/bcp/COK-BCP-09-03.md"
"COK-BCP-09-04","BCP","연속성·위기대응","대표·운영 책임자","서비스 종료 준비","배포 직전","manuals/bcp/COK-BCP-09-04.md"
"COK-BCP-09-05","BCP","연속성·위기대응","대표·운영 책임자","서비스 종료 준비","배포 직후","manuals/bcp/COK-BCP-09-05.md"
"COK-BCP-09-06","BCP","연속성·위기대응","대표·운영 책임자","서비스 종료 준비","장애 발생","manuals/bcp/COK-BCP-09-06.md"
"COK-BCP-09-07","BCP","연속성·위기대응","대표·운영 책임자","서비스 종료 준비","보안 의심","manuals/bcp/COK-BCP-09-07.md"
"COK-BCP-09-08","BCP","연속성·위기대응","대표·운영 책임자","서비스 종료 준비","개인정보 포함 가능성","manuals/bcp/COK-BCP-09-08.md"
"COK-BCP-09-09","BCP","연속성·위기대응","대표·운영 책임자","서비스 종료 준비","파일럿 진행","manuals/bcp/COK-BCP-09-09.md"
"COK-BCP-09-10","BCP","연속성·위기대응","대표·운영 책임자","서비스 종료 준비","월간 회고","manuals/bcp/COK-BCP-09-10.md"
"COK-BCP-10-01","BCP","연속성·위기대응","대표·운영 책임자","사후 회고","정기 점검","manuals/bcp/COK-BCP-10-01.md"
"COK-BCP-10-02","BCP","연속성·위기대응","대표·운영 책임자","사후 회고","신규 요청","manuals/bcp/COK-BCP-10-02.md"
"COK-BCP-10-03","BCP","연속성·위기대응","대표·운영 책임자","사후 회고","실사용자 신고","manuals/bcp/COK-BCP-10-03.md"
"COK-BCP-10-04","BCP","연속성·위기대응","대표·운영 책임자","사후 회고","배포 직전","manuals/bcp/COK-BCP-10-04.md"
"COK-BCP-10-05","BCP","연속성·위기대응","대표·운영 책임자","사후 회고","배포 직후","manuals/bcp/COK-BCP-10-05.md"
"COK-BCP-10-06","BCP","연속성·위기대응","대표·운영 책임자","사후 회고","장애 발생","manuals/bcp/COK-BCP-10-06.md"
"COK-BCP-10-07","BCP","연속성·위기대응","대표·운영 책임자","사후 회고","보안 의심","manuals/bcp/COK-BCP-10-07.md"
"COK-BCP-10-08","BCP","연속성·위기대응","대표·운영 책임자","사후 회고","개인정보 포함 가능성","manuals/bcp/COK-BCP-10-08.md"
"COK-BCP-10-09","BCP","연속성·위기대응","대표·운영 책임자","사후 회고","파일럿 진행","manuals/bcp/COK-BCP-10-09.md"
"COK-BCP-10-10","BCP","연속성·위기대응","대표·운영 책임자","사후 회고","월간 회고","manuals/bcp/COK-BCP-10-10.md"
