path,category,bytes,sha256
.env.example,project-config,216,90a035ebce3a1b8117daa96f696fb20760fd1d11a5acf808dc8107644911cddc
.github/workflows/cloudflare-pages.yml,ci-cd,1063,0fdb94de6d2c65c831e6343a5ffeae7f4b64f0d03a11eeeaa0c488f2512167ae
.github/workflows/supabase-encrypted-backup.yml,ci-cd,3031,928eef51238cd53e4530fd62e0be8d5f78b35ad55b1c0637fd241bb470de18e6
.github/workflows/supabase-heartbeat.yml,ci-cd,1576,ae68b4af3b2fa5b5ee4c7aee9f35071cac13993fcc29e84d96bcd7082b9afb38
.gitignore,project-config,39,6df0f9f540fc868c4a388145d8b5466eb8ee21c51867049bf1165fb422ebe46e
.security-audit.md,project-config,1065,221fb38fd989597c865019dac8e45410ef52b3d2d7521babd8169fc8fa9f26c2
LICENSE,project-config,1076,8e9c7af3e88a6c2bb8a259a14b875288a5f4636795686c73bbfc8c2712bf7b1b
README.md,project-config,7946,3fd5db9f660f6462d8c71073eb63bb2895ac4a124bb1f4a4c1aededfab35f380
docs/AI_AND_OPERATOR_START_HERE.md,documentation,5566,404fa9e95f03241036c4937d745fa379931522873519439f05cbfa01f356fa13
docs/MASTER_CONTEXT_COKFORM_2026-08-20.md,documentation,16844,ed7a97fc3f4921886cbf596492a7887c635e3662cdf23fff6cf1181d5110c5a0
docs/MASTER_CONTEXT_COKFORM_CURRENT.md,documentation,13487,ea753a29d6fc869196a19029f5a080bee365252fe4848e97138679feb708b934
docs/OPERATIONS_MANUAL_SYSTEM.md,documentation,4759,bf299b02330fd1f59d666ea803f5c74eb4c90923bb3923dfdb4a8814ff54a33d
docs/README.md,documentation,3489,737edff8cce8ee9dac08aab2a7ccc0f3810e690a207192dd24a1613b3d5d5bdd
docs/ai-impression-audit-2026-08.md,documentation,3366,6d5a60dc31f5a81ee769fac5a72c895fff7af554d3d6f6e4c17c23455783b29d
docs/auth-domain-branding-options-2026-08.md,documentation,5636,6eb4314946ad0d9e0c7f41283bb5f14831c8ec93c08e493f72ce9dd385dd7185
docs/brand-logo-2026-08.md,documentation,1162,306943e8777bb29a2cfa16a01c0e27910403f8d47be88869805da7b4267d5d11
docs/brand-resources.md,documentation,4918,de524a53f277f14d476637b420f3d1b6ec357020a75bde8d6a8b596fb09d977b
docs/cokform-expert-consulting-2026-08.md,documentation,20906,321a887ca82ac99ebcdee5f5f39f7363d9b8642bc1a26ec42b9217a6ab4faba9
docs/cokform-google-naver-competitive-audit-2026-08.md,documentation,30094,52a0ef25d9a13633a98d4a28bafc4be356b4c270f765f06315efd5f4651c58ba
docs/cokform-korean-brand-growth-and-product-plan-2026-08.md,documentation,16872,e08b4a1aa691cdf2a4c4d978146b1ad1dbaf5edd17a95125394b438ff26ff800
docs/feature-expansion-audit-2026-08.md,documentation,1634,75686bf45aff72384267e9e4fe360d75f187f790addad21ae631ad286e2c7159
docs/footer-reference-notes.md,documentation,3088,c705b147f1432d9592724a3d1f39aa925e66b01cb3e1e0e38ecceaaf2e320ecc
docs/forms-competitor-research-notes.md,documentation,4935,b3081daa13fdf764411df6df3094d002c5bf126dc43c7d9b8502528111ddcc4d
docs/google-oauth-403-investigation-2026-08-22.md,documentation,2182,1c9d42fdf50b9489623584105919e501ac05fda954d409ca52fa3341fb5aad2d
docs/guides/create-and-share.md,documentation,4289,8866b441d78783ea7ac5a6a1e2e1592a8abbf0fc4d6c0cbd421f15d3f82a1f77
docs/guides/privacy-operations.md,documentation,3921,fb8b36dfbc7c9681632b1f140fb65a63d45024599c2773edf1eb1e468fcb9623
docs/guides/responses-and-exports.md,documentation,3763,2dc1ae4ffceaef4edd0dcdf9691f1ec328913135933731695e5403a7cba07a17
docs/guides/troubleshooting.md,documentation,3465,bef85e11ab4660462bff1d043add107e1ee8ab3b26a850457c230a104e784bcf
docs/legal/international-data-transfer.md,documentation,7333,1d7466be62893121388fe3fb35e99a2ed637ba13801bc33d2125e50adf53c7c4
docs/legal/service-restrictions.md,documentation,5665,eb180a873a4d9884f070fd2723e06eaaf517b23f6d94423b52b709bf4d8cc1f0
docs/legal-pack-draft.md,documentation,4589,b4ccd97fde0c9a506741f7c7828079c9d2bd74222fc35ef8c12735f0359753df
docs/legal-research-notes.md,documentation,2429,0f8b2b1c5cc16adba123fe3e0f8999aa3b78abfad65239817c18ecf6796f14ec
docs/legal-security-audit-2026-08.md,documentation,13622,2cbea2d667a6e13ed5327077ff923e47ae0b1f5a4e7e6cf569d7e191e4393136
docs/mobile-rofolder-form-check.json,documentation,689,ada791bc5eb6b27ce5911b09b888a416a37232beea5884086b3fe48ad9d7dc17
docs/mobile-rofolder-form-check.md,documentation,1421,ba72e6e72bdbd8942e3723603e2454f13dcc35cb0978db9602f7507c04b04e57
docs/mobile-rofolder-form-check.png,documentation,385810,6c6e17c995daf7fd11f651d341f8d99b9e78490b70ced3fb3d0a6f73236e9661
docs/operations-manuals/00-core-playbooks.md,documentation,3586,d335c014c0e5418d15e176b3c3fba07c216e1c02850a21eab424e9cf12957ec1
docs/operations-manuals/BCP-README.md,documentation,4548,9ad7e22f33c2ea89beccdb04ad528db9ae6ffa845a0032f2797e66ff0fe336c1
docs/operations-manuals/BEN-README.md,documentation,4529,5575ed00239255d596e1cff15ac48bfb96959935ad8341f7fbf5f83b65189e36
docs/operations-manuals/COM-README.md,documentation,4523,c1e1bc6a8c4d9ce94c9f8227756e292ac4b11167794e55a225c2507b8776fd52
docs/operations-manuals/DAT-README.md,documentation,4571,4ea5190390fc1485935052431fa4204c19f94009dc133434f67407e00da821e4
docs/operations-manuals/DOMAIN-README.md,documentation,2168,ba4b9eb60d0ce78bd89da8e254e86360b0a9a4a647f8d11d043172ec7c1f43a3
docs/operations-manuals/FEN-README.md,documentation,4523,ccafc7a3723bd35e1e24c01a522edbab7b6532b1ba51a911141d2e893def6dff
docs/operations-manuals/FIN-README.md,documentation,4531,49b8b3cb4a9918225baf09d8cef70b0e099c68c304c23aa693e9590f255f631d
docs/operations-manuals/GOV-README.md,documentation,4509,51358d5712dd0febe541c576e2f5123af63281ba9f98c97233e741c36accb80b
docs/operations-manuals/GRW-README.md,documentation,4507,f68d499d54e6eb07e6556731c2b7bc918eeb10f4dd4843dddbc45162590b7f57
docs/operations-manuals/INDEX.csv,documentation,278079,e0d066a091afde050fd7a02ed912054ebc6ef2486ecda38ca1952799415b2ca1
docs/operations-manuals/LEG-README.md,documentation,4603,ece8c3db6001d41b2f8b8058f91b842dce1ba182a2bf036a71bea81017ba92c1
docs/operations-manuals/MANIFEST.txt,documentation,57,edd048bb299e1eb8f55a61d9bab79f13497c3d82f927b5b4331ee5ca768e5d9e
docs/operations-manuals/MRK-README.md,documentation,4540,f03098a36841b750079e8fe8b60a3d48b3a9dd828e4b084bd2a6cab1d583e9c0
docs/operations-manuals/OPS-README.md,documentation,4536,5892c5c784749bcf1bd3423175dac97ad05cba60d24585cec257d1b427efca91
docs/operations-manuals/PEO-README.md,documentation,4502,9bb6a65bafdbb22df13d0658ac75afe2b314d4c5a4374b2c9dc212ecfd948bb4
docs/operations-manuals/PRD-README.md,documentation,4522,dd0a526d1ae8fa5b98dfe79e35e3cea22bdc528e05a555cad4632c0743753b00
docs/operations-manuals/QAT-README.md,documentation,4522,0747af1993bf0469567480420eefa0862027ec5700397cb519295b4a23ddce3e
docs/operations-manuals/README.md,documentation,1941,05a0e4a48fb5e938ef64d17255a2de40070ac307175863dc0378e1a3877c345e
docs/operations-manuals/RES-README.md,documentation,4530,8527f2857f6bf498fcdf048f5045038c3ceaa51f4200d6bb9a3a22ddbbdfb799
docs/operations-manuals/SAL-README.md,documentation,4540,227319221b23e070935e56d6fe1003ac2d3abf89f1d09aa6c2e31cc0fa7b5fbd
docs/operations-manuals/SEC-README.md,documentation,4533,e3258a80926df29342e43ecd4ea819ba60c021f08b089891d1f2b84abb77c260
docs/operations-manuals/SEO-README.md,documentation,4548,15a9ffb5a8e7e5391b03a12372cd80b8175c5c8de6cbfbac8548898ce5f2d1c8
docs/operations-manuals/SUP-README.md,documentation,4551,58f93da6fccb6ff73d51bef269aa9ad4e8bcc10f34c1303ec93f61297fb47256
docs/operations-manuals/UXD-README.md,documentation,4567,6a530789551196761ddb0abefe24574f15e4dc1962ebca6b778f45db16b54b58
docs/operations-manuals/manuals/bcp/COK-BCP-01-01.md,documentation,3548,f913cdd771cfb44dfe9842fcee79614aa9c9e603c3babd21cad77929cea48d2d
docs/operations-manuals/manuals/bcp/COK-BCP-01-02.md,documentation,3548,1d0527e2f8e7ec0a36ef371ec14bc5fcc7ee6d316e831d9bce4247ae0b7f06d7
docs/operations-manuals/manuals/bcp/COK-BCP-01-03.md,documentation,3566,72dc403748319646a87ed553f5c3080d6abd15ef5ba7239c463f99393409924e
docs/operations-manuals/manuals/bcp/COK-BCP-01-04.md,documentation,3548,bb8f5a995568820e97b6911287914d29d36a82ce35d1af23998d0839894ff121
docs/operations-manuals/manuals/bcp/COK-BCP-01-05.md,documentation,3548,e86751718ab65f1aa712db0280e191dd02168315c9f0ba5af708fb1795decb25
docs/operations-manuals/manuals/bcp/COK-BCP-01-06.md,documentation,3548,74dd34d15f3fa1a6c1252e807cefad2252f4bd4b5f360e9ec9c1f95924f4b6b2
docs/operations-manuals/manuals/bcp/COK-BCP-01-07.md,documentation,3548,6d733dcfad0e17e869aea00f0233e118a34efce0d68f7f9ac6383bc317d4e50a
docs/operations-manuals/manuals/bcp/COK-BCP-01-08.md,documentation,3596,3e02a3705f2341a74c2a58bf0f667e717f5b7eefc88b8af8e566aef00377c6da
docs/operations-manuals/manuals/bcp/COK-BCP-01-09.md,documentation,3557,b3f50a892268fb6a3290aa6c6e657014b3c709a2419854f2f9afe34b5a7d89ff
docs/operations-manuals/manuals/bcp/COK-BCP-01-10.md,documentation,3548,18ec21f10a5f52fcda6a6e3174551bd928764aa55af6be6a0fe784ad0006aa33
docs/operations-manuals/manuals/bcp/COK-BCP-02-01.md,documentation,3548,6fd4f361d298dd66d875fe372d0f9e853738309182a12f8387044f7ade840916
docs/operations-manuals/manuals/bcp/COK-BCP-02-02.md,documentation,3548,7d97de27edf72b803ca2cab8aed419e4ab8e198624d75ed695cbca31d005e44d
docs/operations-manuals/manuals/bcp/COK-BCP-02-03.md,documentation,3566,ffacc7431fcc3e87c1b9c685c9f78124d1cecabb3965b4dd30f4e5209ee09397
docs/operations-manuals/manuals/bcp/COK-BCP-02-04.md,documentation,3548,9602e5735e9c6d13a7828140163e61f234884a49ea228c3213fdf090657bd43b
docs/operations-manuals/manuals/bcp/COK-BCP-02-05.md,documentation,3548,804a2f0a01cd30d17379daaa17187ffde78db0f423905c8e7c69da25e93d7b89
docs/operations-manuals/manuals/bcp/COK-BCP-02-06.md,documentation,3548,c8595060c70551be8c8c38be7b86d4245dbe0d0a3ea6afd51b141ed2f036f278
docs/operations-manuals/manuals/bcp/COK-BCP-02-07.md,documentation,3548,a3927e52a7e94bba7db6fe2d9986c0ac7533b16d27bf99f707c4eaf5a87b7cfa
docs/operations-manuals/manuals/bcp/COK-BCP-02-08.md,documentation,3596,68ec120649d28127a74214c83059d69f8284f29562ebeacd0bc6c02bee4eb73d
docs/operations-manuals/manuals/bcp/COK-BCP-02-09.md,documentation,3557,0cf184232362ea7a50f79f17634fa40de0fbab533e6ce6eb78e923d57b1b5857
docs/operations-manuals/manuals/bcp/COK-BCP-02-10.md,documentation,3548,57335e03d8362aaaedbc8a7c6c8c9b8284e3a0218d64d1a221ee59baeb1927fa
docs/operations-manuals/manuals/bcp/COK-BCP-03-01.md,documentation,3569,aa5ac8428820336e5df9e86fd64965ebce99a7caa8b4918e990475b3f8a826d9
docs/operations-manuals/manuals/bcp/COK-BCP-03-02.md,documentation,3569,6b51b4583f38068b42d8f48d1b87abe7d59e1a82fe1ecc84201f7c51c95ea87f
docs/operations-manuals/manuals/bcp/COK-BCP-03-03.md,documentation,3587,052ea6303601a4ace72e5d0bdf22f8a7ad2049f5c608c8bc1bcb2ae7bf5e9f20
docs/operations-manuals/manuals/bcp/COK-BCP-03-04.md,documentation,3569,fcfa2aa63b5060dceb14020e3ecbceb8dff4a06d3eaaec1bf4f99af5c07ac36a
docs/operations-manuals/manuals/bcp/COK-BCP-03-05.md,documentation,3569,4f6fba46fd8ab47deb465962dd54ea46a2c21aab689cc82927839e6bbd2117a9
docs/operations-manuals/manuals/bcp/COK-BCP-03-06.md,documentation,3569,3e4e185bd1fad22ebb26cfd9f32828c94b48bef5c2363f1f943fb3c5efb6bfcc
docs/operations-manuals/manuals/bcp/COK-BCP-03-07.md,documentation,3569,ca4549cf98748425c2d607a557f4d710df773833232a5d61fe3efa8f853e5da5
docs/operations-manuals/manuals/bcp/COK-BCP-03-08.md,documentation,3617,d34e83ff699d3873284e38f3292d1bbac8695431714dcbc22d3408065fe48d1e
docs/operations-manuals/manuals/bcp/COK-BCP-03-09.md,documentation,3578,da94af08df5dec5dcb0d30ae9b53d7db7c7540236c4b98ad8d7eb280d5bbc33c
docs/operations-manuals/manuals/bcp/COK-BCP-03-10.md,documentation,3569,c44822d43efc6e2030a6da9815479a2ef06d0d18b3482403601f1f3a036cf29d
docs/operations-manuals/manuals/bcp/COK-BCP-04-01.md,documentation,3557,7f464c5ad3dbdb22b51e297d309abb5bc98cf74afd9d852c4d25176244785d30
docs/operations-manuals/manuals/bcp/COK-BCP-04-02.md,documentation,3557,6b4b06167407cdbdf0ece5f0b443e3006fe352575589df15a99bd3aa4184c40f
docs/operations-manuals/manuals/bcp/COK-BCP-04-03.md,documentation,3575,0efcf0f44cfd7afde02e7315a982cd9c4cf50cdfe6f65c92d4aa871677dafdfb
docs/operations-manuals/manuals/bcp/COK-BCP-04-04.md,documentation,3557,7f3ba4dedf485c1001356ed260a64cdc2c3a365d3e4cb1612af338f884cf8c25
docs/operations-manuals/manuals/bcp/COK-BCP-04-05.md,documentation,3557,224248bafc16ba4b16a4c48e6478646e02e682384e4df3f0cb118c190079238c
docs/operations-manuals/manuals/bcp/COK-BCP-04-06.md,documentation,3557,c7999ddefcdf5b9e826a4318ddd66a55299f620407ead5a49247bcdaf3ac9fe6
docs/operations-manuals/manuals/bcp/COK-BCP-04-07.md,documentation,3557,abf79b77f96fe0d0fafaab2c37911e199f52a282992d8a0a27d2a1624d944f86
docs/operations-manuals/manuals/bcp/COK-BCP-04-08.md,documentation,3605,eb24909fa06bbc30e58e63f677705e260155a59d30335394071757ac125bfd3a
docs/operations-manuals/manuals/bcp/COK-BCP-04-09.md,documentation,3566,c67704340e68ea2624320703f6a9c88c534e1d83254191c19704f844204b25b0
docs/operations-manuals/manuals/bcp/COK-BCP-04-10.md,documentation,3557,92e846d93417c61996a16dde12fca578159af32ef83b3a67372927c6a4f8c5eb
docs/operations-manuals/manuals/bcp/COK-BCP-05-01.md,documentation,3566,aa066276f9660e9c40d81b98247cb4bbcee39b0510d81050c405790b79297a4d
docs/operations-manuals/manuals/bcp/COK-BCP-05-02.md,documentation,3566,47b97051048cea73ef87a619a22fc5fea52f3faeffd7c50e87772d0dcfa2de44
docs/operations-manuals/manuals/bcp/COK-BCP-05-03.md,documentation,3584,ca9a5a0ea5f162692b411f9415dec4497ff377a94769e000418ebf9990528d52
docs/operations-manuals/manuals/bcp/COK-BCP-05-04.md,documentation,3566,c51ed6828e4e525b9051d386e9b0aba8022161eabd521b1e6e501a7e33161ea0
docs/operations-manuals/manuals/bcp/COK-BCP-05-05.md,documentation,3566,bbd0733685114c42d43689293f40979a5e3f734558b99bdf9c37235302d6af3b
docs/operations-manuals/manuals/bcp/COK-BCP-05-06.md,documentation,3566,281a29e5f25887b72482d8c9c71f74004e00772e315e218835da27d77e33975c
docs/operations-manuals/manuals/bcp/COK-BCP-05-07.md,documentation,3566,1cb7ef36bb9167951736144914beac33a14c17a9c46dcd91c7bd2a332fa19d45
docs/operations-manuals/manuals/bcp/COK-BCP-05-08.md,documentation,3614,ee655974735d813acb8c71d0d1ae058bb3d689a34734922975011729386c3359
docs/operations-manuals/manuals/bcp/COK-BCP-05-09.md,documentation,3575,17c32d2ea29b48e589a854ffd94ee96a69939e29737699a2be8c2b5263a7182c
docs/operations-manuals/manuals/bcp/COK-BCP-05-10.md,documentation,3566,d1a98165ec4fc09dff66b0d1272ceaba347511f6ea2e7ed91d4e8e071cd27e9e
docs/operations-manuals/manuals/bcp/COK-BCP-06-01.md,documentation,3548,03d9c266a25ad1ca8ee47db1f8e9a93a5bb23dfbfbe3be76d63cc3eebdfa4a4e
docs/operations-manuals/manuals/bcp/COK-BCP-06-02.md,documentation,3548,d38eb92d6855f5ead67e56c891573bb784f7633e44fead7d76cc3fb75838d39e
docs/operations-manuals/manuals/bcp/COK-BCP-06-03.md,documentation,3566,5e8e4b1b38bec3c66d490347d2f45b8bafb63a8c9c1054c34d5c1d0f107d9996
docs/operations-manuals/manuals/bcp/COK-BCP-06-04.md,documentation,3548,693ae26442551265aa652b63269bdc10376987fecc7f59b2517e39a83bf8b501
docs/operations-manuals/manuals/bcp/COK-BCP-06-05.md,documentation,3548,40c12aec097f2db70efdfa9c3bf0145ebddc403ac8837aacdc997af49e601639
docs/operations-manuals/manuals/bcp/COK-BCP-06-06.md,documentation,3548,697440841b3c9d2f61feeb013189489db7d05923e0d7592b52e5a8fb688c3841
docs/operations-manuals/manuals/bcp/COK-BCP-06-07.md,documentation,3548,340582282ccad6d3776d521c62bfd89b63d0bb004d00e2b4cfe8b69abf4d7a77
docs/operations-manuals/manuals/bcp/COK-BCP-06-08.md,documentation,3596,e59d32c2ca53cba7b8d695ca65584d79f43ad4a41c8bb8fe229d3a64226ebc7b
docs/operations-manuals/manuals/bcp/COK-BCP-06-09.md,documentation,3557,c60beb52615ff31a5209837febb686414952f490cfb32935442a36189d4a519b
docs/operations-manuals/manuals/bcp/COK-BCP-06-10.md,documentation,3548,516903aa353cc9c938fe9c97dda86ab5c65046409259edaf1514541e47417a19
docs/operations-manuals/manuals/bcp/COK-BCP-07-01.md,documentation,3569,fbf52ecf5635db8fad9b2347c40b88c0422f28bc277e4e741ac7fdff1f4833b0
docs/operations-manuals/manuals/bcp/COK-BCP-07-02.md,documentation,3569,c227ad92d0284f19c755747d457873a4d0a75e3a51c88c8b63c2165cbc3f5848
docs/operations-manuals/manuals/bcp/COK-BCP-07-03.md,documentation,3587,815aeb5ecf29da3894e6c6ca0a237f5e9865889b56a16e1a648645e1af5242a9
docs/operations-manuals/manuals/bcp/COK-BCP-07-04.md,documentation,3569,dc3b1f34890c14b66367c4afcd0accf9bcb6f960708e5bf2ce6d871a928f46e8
docs/operations-manuals/manuals/bcp/COK-BCP-07-05.md,documentation,3569,81dd0b35f3b635be2069d17dedf5f5051ffe83532fbbd348b9c1de10eca27962
docs/operations-manuals/manuals/bcp/COK-BCP-07-06.md,documentation,3569,f90f21068275053e9833bda7c27baf6c5dfc220b6c6fc59c3d8ced2354f3869c
docs/operations-manuals/manuals/bcp/COK-BCP-07-07.md,documentation,3569,1313d6d85f0646eb744739e6efeaed61f0b5ebdd5ad594699df9976432623912
docs/operations-manuals/manuals/bcp/COK-BCP-07-08.md,documentation,3617,7f05542ef192ef0c95e83e44e15fe0e34e4337fa3730cb0c5f33a0bbd570d0ce
docs/operations-manuals/manuals/bcp/COK-BCP-07-09.md,documentation,3578,4d078a90e22665369dc4f0c5285e657abec45e48a5aad810e3b098ed3edf0d3c
docs/operations-manuals/manuals/bcp/COK-BCP-07-10.md,documentation,3569,12389f002d8e519c75b35343846e4db7c3b5d1cfec4e49d9e1659a2c1ca3a957
docs/operations-manuals/manuals/bcp/COK-BCP-08-01.md,documentation,3599,25b365451689be3e42f0d9bf7584d8eb95d4f77a0d8ab6b1a7a005816dfcc392
docs/operations-manuals/manuals/bcp/COK-BCP-08-02.md,documentation,3599,66a4b96a0ee4161d57617cc2ccbcb1e7e0dccc37a820ab772adefcd8242e1059
docs/operations-manuals/manuals/bcp/COK-BCP-08-03.md,documentation,3617,a90ccec04ec2ea3c882105a2303acf9144fb40d9ed06aca906715fa76ae3ec39
docs/operations-manuals/manuals/bcp/COK-BCP-08-04.md,documentation,3599,d87496cb4664f7d2f01caae5fabd8865f15eb929caf287122a4148af79c37b97
docs/operations-manuals/manuals/bcp/COK-BCP-08-05.md,documentation,3599,eca0bf732ae632b6aee3633035e70da84bc74ec26b603990d5bc2bf2c83697dd
docs/operations-manuals/manuals/bcp/COK-BCP-08-06.md,documentation,3599,9ac6e8173a3eb4fea022f8ca0f5e8dba61937e2e7c08b1350949dc234e638319
docs/operations-manuals/manuals/bcp/COK-BCP-08-07.md,documentation,3599,a440101c70bfc71ca9037ce840b8874a937241f065949e2dc417b0a8b35c645b
docs/operations-manuals/manuals/bcp/COK-BCP-08-08.md,documentation,3647,07b20ec2f81da58a163625c47d2782b48c12028da0a1d161f4d2b734c700e9dc
docs/operations-manuals/manuals/bcp/COK-BCP-08-09.md,documentation,3608,8557b60444c61d0254df31112aa805cf95841d6ca0010e677b85bcadc54d912d
docs/operations-manuals/manuals/bcp/COK-BCP-08-10.md,documentation,3599,f334480de76270b6b0e36e4c5d5a641d9cf1029843988b5b95befcb528d922c9
docs/operations-manuals/manuals/bcp/COK-BCP-09-01.md,documentation,3578,5593fa1a5a3715d40c4f2563feec5b8c1f0b28cf6188197d5e6c4c4b98f4e9bf
docs/operations-manuals/manuals/bcp/COK-BCP-09-02.md,documentation,3578,66c7b68e641d223f3a8d7d648b126fbae188ecf9b30cc64f9ff124a79b69a225
docs/operations-manuals/manuals/bcp/COK-BCP-09-03.md,documentation,3596,540eb60f8773d83aec5a05292df90f737d8c53b9bd92ee4ab200c101efaffbda
docs/operations-manuals/manuals/bcp/COK-BCP-09-04.md,documentation,3578,8219cb3513b0fbc71545cf73ddd2738fdf8c6f25a27eaeaba31e348d27aed7a0
docs/operations-manuals/manuals/bcp/COK-BCP-09-05.md,documentation,3578,9996642aacb78d58884cd2c7c4bd111763081947e7e4eed1e992be84f7ac22b9
docs/operations-manuals/manuals/bcp/COK-BCP-09-06.md,documentation,3578,b65bab166e333d7a2a614a40b8e0b7a72a7aa1f31bccdd91e178faf3e1eac21b
docs/operations-manuals/manuals/bcp/COK-BCP-09-07.md,documentation,3578,72de076a8583f3de69948871df63f409a14a5279531c6c9028db27fc6f763231
docs/operations-manuals/manuals/bcp/COK-BCP-09-08.md,documentation,3626,b35cc2a5a033aa7b03403aae659e585623b69a737ae9427844a8a2d4356a185f
docs/operations-manuals/manuals/bcp/COK-BCP-09-09.md,documentation,3587,3d17e1a79b4d735f59cdb3a3d8211f92fdcf1ea14e96ec577d34a4328c6b55b5
docs/operations-manuals/manuals/bcp/COK-BCP-09-10.md,documentation,3578,748feb33c4687507be6b1277a3be15f4683654444803388a91e6ff077c457389
docs/operations-manuals/manuals/bcp/COK-BCP-10-01.md,documentation,3548,cf86aba4ec60eaebc41fc71e267c70ac5b77d996cf5475ef5775139026c21997
docs/operations-manuals/manuals/bcp/COK-BCP-10-02.md,documentation,3548,e94223be28d701e61b132f397c5655c5486e19c17c673225617579cd6b68ffe1
docs/operations-manuals/manuals/bcp/COK-BCP-10-03.md,documentation,3566,5b46ceb6a5dd17c8980490fc34dac6d46fa74705293b2100323491844e412f19
docs/operations-manuals/manuals/bcp/COK-BCP-10-04.md,documentation,3548,401c40ab45209a009f0ad3a86598d5f9a446804590d7ac28e747f7d2eb060da4
docs/operations-manuals/manuals/bcp/COK-BCP-10-05.md,documentation,3548,4893eb6d0ba1226754c180d8ee1906334c0de4d9d2f2840c02edc7a458f01dab
docs/operations-manuals/manuals/bcp/COK-BCP-10-06.md,documentation,3548,a497f2eda727b6d2a5138b7b2df3b9abc599cebcbf087247e59eeb85b23dd4a3
docs/operations-manuals/manuals/bcp/COK-BCP-10-07.md,documentation,3548,00f556497d7723f070a35b59631d28f1870cf04108484462c4ad10ae111a30b4
docs/operations-manuals/manuals/bcp/COK-BCP-10-08.md,documentation,3596,44e10e69533aa87df455776d7079f08fd1f881e969595555fb772a7fb8d6a1b8
docs/operations-manuals/manuals/bcp/COK-BCP-10-09.md,documentation,3557,7d043c90279339d3d3b0dfa7fde58b57302a4f473a52153a060547266cc38044
docs/operations-manuals/manuals/bcp/COK-BCP-10-10.md,documentation,3548,f4e2bc015dd629fab65fa68dbf667471e6d739e2e0994bef11910553429f2707
docs/operations-manuals/manuals/ben/COK-BEN-01-01.md,documentation,3513,8d748279b5cb5e3053eb7d34b5788072211381584f2eb1de6e8a725602ecb923
docs/operations-manuals/manuals/ben/COK-BEN-01-02.md,documentation,3513,7fd320d1ac926a48a35ba42acb3420f97d564d824db9164b559a35edf39360ff
docs/operations-manuals/manuals/ben/COK-BEN-01-03.md,documentation,3531,b95127592c953c20eea7ebbf00871e150abeed88cf419a3b010ee7b8fa6ae131
docs/operations-manuals/manuals/ben/COK-BEN-01-04.md,documentation,3513,58756aa2150387a4dbf7a8f37ea2b55a19196e93a4de793d1fdaa5c73484d536
docs/operations-manuals/manuals/ben/COK-BEN-01-05.md,documentation,3513,130c2ac2b35f0584f309baa97b78847fb09ba57e0f6e53274a7519a267f79998
docs/operations-manuals/manuals/ben/COK-BEN-01-06.md,documentation,3513,97fea06cbf99784895e2cf3b67e5685f1e47eff81e7f8b02a59abf051a10bb51
docs/operations-manuals/manuals/ben/COK-BEN-01-07.md,documentation,3513,f2e621a5a0e7b6186f4ab28d039c9893f6c74099d886f8c5cb639e9a9f25c950
docs/operations-manuals/manuals/ben/COK-BEN-01-08.md,documentation,3561,681ee973a537ec669280f14f3d9bc53f2a4912eac7b33a94760fb241632dc25d
docs/operations-manuals/manuals/ben/COK-BEN-01-09.md,documentation,3522,a14dac364cfa67b78e14716c813da1e017449e1d8ede04166f5e3fe7a089fcd6
docs/operations-manuals/manuals/ben/COK-BEN-01-10.md,documentation,3513,a634fb676ba29cac4c3d3b1ff02a8152aedaf6ed280c81b03ba3f5c06355cd87
docs/operations-manuals/manuals/ben/COK-BEN-02-01.md,documentation,3516,13b043927404b6a47593e5abdb2595199a6a0d57b8275abf138d190d3827b238
docs/operations-manuals/manuals/ben/COK-BEN-02-02.md,documentation,3516,52f7bf48a838e5d77bbdbe0310f3fe5de7f34d55e74ae2dca4b25b1f64684d97
docs/operations-manuals/manuals/ben/COK-BEN-02-03.md,documentation,3534,aa1f6a3ec5e7fdbe3ab8583169f267965b35058012aa5e8f9004af5f0e21c7a8
docs/operations-manuals/manuals/ben/COK-BEN-02-04.md,documentation,3516,5274e16c5f23097ccf902bfdc3821ae3020fab0419422c380980fe33503089f3
docs/operations-manuals/manuals/ben/COK-BEN-02-05.md,documentation,3516,18428df8bb7b511b89988f374f82471b1d970fbef5d3ac7daab90ef93161e7a3
docs/operations-manuals/manuals/ben/COK-BEN-02-06.md,documentation,3516,9e85afb72c0b56dc1cb8d9cccfe5469864b925307220c12406173b440e57dbac
docs/operations-manuals/manuals/ben/COK-BEN-02-07.md,documentation,3516,b49a8e0599135c30aafdc35eee185e1e04694d76e4e10210fe2f1ab1b53616f7
docs/operations-manuals/manuals/ben/COK-BEN-02-08.md,documentation,3564,8e9dfaf14f71964c559f0694c57588829b1a1eed9787c784bd392ef3a6835a60
docs/operations-manuals/manuals/ben/COK-BEN-02-09.md,documentation,3525,ecb62e4f300641ab0bf20c0c908ce3875a88d75b1bf303137c01a077b0505ce0
docs/operations-manuals/manuals/ben/COK-BEN-02-10.md,documentation,3516,8fa8f853314e5d60d70e48f7e022a5bac7a7bd038b2c0cd9a3583cc9894894ba
docs/operations-manuals/manuals/ben/COK-BEN-03-01.md,documentation,3495,2c754eabe66636d468ea9d5f555ba36d0975ca41a3e423f279c1fdd8ab0cd4ab
docs/operations-manuals/manuals/ben/COK-BEN-03-02.md,documentation,3495,e1d2d1397d18b9c42c0722280227513822a07be60e4f942fe03d820dd5c86075
docs/operations-manuals/manuals/ben/COK-BEN-03-03.md,documentation,3513,5687c2f09a80e0f9bfce16c1a7e79df7589ce601786414ff671f13f3a162abf9
docs/operations-manuals/manuals/ben/COK-BEN-03-04.md,documentation,3495,ad2d8e9225584c0c0c0b7f472708b4a9e5b27f04ec7a51bbb99b597a6000f3eb
docs/operations-manuals/manuals/ben/COK-BEN-03-05.md,documentation,3495,184170f26cafaaed49cb8e54b71bacd34dcb4a6f278933e917cb4e11892d6e99
docs/operations-manuals/manuals/ben/COK-BEN-03-06.md,documentation,3495,386b44ec650d783deef12d4cb3df5ca1ecf669b1cec2101de254ea516ea38598
docs/operations-manuals/manuals/ben/COK-BEN-03-07.md,documentation,3495,f9654945f8012deae96d5fceee90ef8051676ac76b9b38b605c3d07060736b28
docs/operations-manuals/manuals/ben/COK-BEN-03-08.md,documentation,3543,46e62ce0530345634f5f27b13c88baf06515c2cd357a2831b19fe278bb41314a
docs/operations-manuals/manuals/ben/COK-BEN-03-09.md,documentation,3504,ff17b338b69b97118d04fac1310c475f1964f50b1d7f6a875f5f6fc207558f4c
docs/operations-manuals/manuals/ben/COK-BEN-03-10.md,documentation,3495,7e2d90772f58a413f8d5ee14d787db7497c27c6cc19d5c694e0597d6f1231e48
docs/operations-manuals/manuals/ben/COK-BEN-04-01.md,documentation,3525,351b971f1d2caf8927fbf4fed064a773dc9108dca11282bdd2cda4a2cf78b155
docs/operations-manuals/manuals/ben/COK-BEN-04-02.md,documentation,3525,8fc9a12de8ab370941abd0ff394817d96bb031d5361fd49b55f9e6870c0e75c2
docs/operations-manuals/manuals/ben/COK-BEN-04-03.md,documentation,3543,56b5239cfc3a77b3f4d57d13e09c47a5f5ae40218500634be6a34f6df93f1fc9
docs/operations-manuals/manuals/ben/COK-BEN-04-04.md,documentation,3525,9ceba2e28c0d97a4ffe2ecff4d683c8ac1bb3ca8a844e3ef196f9b3768b66ba9
docs/operations-manuals/manuals/ben/COK-BEN-04-05.md,documentation,3525,9e9a111153620850d4d59445d25b480944a9573b938b5b45934eeff4e000e459
docs/operations-manuals/manuals/ben/COK-BEN-04-06.md,documentation,3525,47515c01ae646e173785eb4423351dd9453ff8d7b84ac88c5840dfca3a660b7d
docs/operations-manuals/manuals/ben/COK-BEN-04-07.md,documentation,3525,aaa89e442aa1ff6ff688d92c4a22726e9bc7be68d68502023729df1cdd4e23b2
docs/operations-manuals/manuals/ben/COK-BEN-04-08.md,documentation,3573,ce488d3cf8c7f67f5423b89665f43762ffcdf5fd77fc53a57537fbe568bd1d43
docs/operations-manuals/manuals/ben/COK-BEN-04-09.md,documentation,3534,d988be782f0052fa32c5585ff6aafbac0172e3a7b0e6229c77cb4ccaf7730b68
docs/operations-manuals/manuals/ben/COK-BEN-04-10.md,documentation,3525,a458ac273890d773343afa9c89bf0dcd57a1612f6652a41f0a4e7c96db17dc7d
docs/operations-manuals/manuals/ben/COK-BEN-05-01.md,documentation,3540,acf31324efe31799ec34bbf850a2f4cb3489251d7d11a64ae8d42e09b03be33d
docs/operations-manuals/manuals/ben/COK-BEN-05-02.md,documentation,3540,e03afc563d57798176cef4bdf4ec13dbb882f28dbe3b58391720dc7992df3c22
docs/operations-manuals/manuals/ben/COK-BEN-05-03.md,documentation,3558,8ddf16a102a0795393295e729b378c3a033b01f2a7a9a41114ddce7765f126cc
docs/operations-manuals/manuals/ben/COK-BEN-05-04.md,documentation,3540,0e430ffcdd63f91b04d60c35320637acc00d035aeb96c39689d9eeb74c684997
docs/operations-manuals/manuals/ben/COK-BEN-05-05.md,documentation,3540,de8b74369f704206c9713f928eacdab54051a21ddff11c1a2ca5c8b5fe956161
docs/operations-manuals/manuals/ben/COK-BEN-05-06.md,documentation,3540,4cecde7ac3118e31eb22c5519a85296cee4117aa1157e1f19d10dbb710bdac6a
docs/operations-manuals/manuals/ben/COK-BEN-05-07.md,documentation,3540,557d6f6f9cf3561473d8faafd1cd48ce57e1f7b200d5e66e75c55a463525cdf3
docs/operations-manuals/manuals/ben/COK-BEN-05-08.md,documentation,3588,60dc1147887144d34685684c9e587fe024bebce652f41fcbaffcd4a49a31ed43
docs/operations-manuals/manuals/ben/COK-BEN-05-09.md,documentation,3549,2d403184aecb09802e173f43925cd0ed3e9573376569da7e66bfd1f2650d557c
docs/operations-manuals/manuals/ben/COK-BEN-05-10.md,documentation,3540,020ecd96fdd4016587c994300e0f47b8416ae8096707bdae2839436ecd9dd389
docs/operations-manuals/manuals/ben/COK-BEN-06-01.md,documentation,3534,e3e253adc642e76eec7f3e8569fe25a7a97eb364827d7f52757e2a316ae4b7dd
docs/operations-manuals/manuals/ben/COK-BEN-06-02.md,documentation,3534,2a8e6ed2c8c941d604220fb0a1e55e7b7b76638feb86acdb2c3be1772d26eb91
docs/operations-manuals/manuals/ben/COK-BEN-06-03.md,documentation,3552,c5ac19e50ae71acfd81143562c5e8ff9cd4d6e3ccbe3b813ad39793e68a7bf8a
docs/operations-manuals/manuals/ben/COK-BEN-06-04.md,documentation,3534,f9b0b2f832b15b070abad6194dd0532c52eeb8a219358d67a989cb332f962756
docs/operations-manuals/manuals/ben/COK-BEN-06-05.md,documentation,3534,11461e90ba5b12717cad9c22534033d6103930d20d23157fa87c4041cfbf7251
docs/operations-manuals/manuals/ben/COK-BEN-06-06.md,documentation,3534,2474d2aa125f9b942933b65f3add3cb7a34498b17de51a5ae40359f1bbbc80cd
docs/operations-manuals/manuals/ben/COK-BEN-06-07.md,documentation,3534,e562a5972b6fad90370d8eede9eae9c7c97308996099c88e07ac765f22abc7da
docs/operations-manuals/manuals/ben/COK-BEN-06-08.md,documentation,3582,936efdfea6b1ea557a2eb46974e1473e2c0700f8979c11b84b1f25dfdbfe05ab
docs/operations-manuals/manuals/ben/COK-BEN-06-09.md,documentation,3543,e97672ecc599cfb53c76df387d59d39b721d8459535833bea786fddaff153e48
docs/operations-manuals/manuals/ben/COK-BEN-06-10.md,documentation,3534,939a46df6e0ca0b709ff7b727bb2737b739ecaf31a5c113c92975d0f97b33241
docs/operations-manuals/manuals/ben/COK-BEN-07-01.md,documentation,3534,3e86c1324a7f8dd5c47dc516649b3d12e79ee2f203248c10e89ebe52527ba536
docs/operations-manuals/manuals/ben/COK-BEN-07-02.md,documentation,3534,54a62f5cbf5a64ff16c8a4480a7415ff0d1bd63ab55deb88ada81107c9c70815
docs/operations-manuals/manuals/ben/COK-BEN-07-03.md,documentation,3552,8b40de3938c03a3cd56034e4a70be4b75905b7fd877307d56a306492486a7c9f
docs/operations-manuals/manuals/ben/COK-BEN-07-04.md,documentation,3534,7fcdbe781a3115dd27a0cc4117d0de8de5397f0f7e559ea3c1a205841a1c0314
docs/operations-manuals/manuals/ben/COK-BEN-07-05.md,documentation,3534,a3f8e155b6b120fef5a03b03ed05de46cbc2a6c0ff937d4437a4e5dca695c197
docs/operations-manuals/manuals/ben/COK-BEN-07-06.md,documentation,3534,55979b47ed3759cf74749162b4a2f068776614ee89e49019a84ac6c3812046aa
docs/operations-manuals/manuals/ben/COK-BEN-07-07.md,documentation,3534,e0e0eec518b86bd6481a3f0f5f6fe756e9c9fedf05acd62e43f82968effcc96e
docs/operations-manuals/manuals/ben/COK-BEN-07-08.md,documentation,3582,15790300a9c438d31f77d1a715ea49d7768d2c6613e5e7b85e5dd1c04ea9aae7
docs/operations-manuals/manuals/ben/COK-BEN-07-09.md,documentation,3543,d970bf07d7d0b8d26067bee24c05a772366bad66cb630420bc2a5ffe659d5557
docs/operations-manuals/manuals/ben/COK-BEN-07-10.md,documentation,3534,a7dd94a995ab82eb901aaa34c116c40853a5810cf5a8bd328d81d1e19b7edd81
docs/operations-manuals/manuals/ben/COK-BEN-08-01.md,documentation,3534,3e55c7b63d4098a0525a164445b1db95a271eb117bb0c03e1faf42b968da4ad9
docs/operations-manuals/manuals/ben/COK-BEN-08-02.md,documentation,3534,f01e7f29fd1d998157b640eae31793bd11954c822b23ffcbbb9e5a8b31886b4f
docs/operations-manuals/manuals/ben/COK-BEN-08-03.md,documentation,3552,395b52954ca075c60d4c25f5db98e7fcfb0fc860e542209cee74e9d6d80f4855
docs/operations-manuals/manuals/ben/COK-BEN-08-04.md,documentation,3534,23c3ae853f93716c81a71c2a73b95f8b9e0a77ef2782a3d02d127eebeb8b4c55
docs/operations-manuals/manuals/ben/COK-BEN-08-05.md,documentation,3534,7013c7b14a4d03e038c511c91a36a75c9c9cbd2c470bcbc6aec26806ef51d93e
docs/operations-manuals/manuals/ben/COK-BEN-08-06.md,documentation,3534,025d89c590a0bdb393c95e75e3ddddede6e27cbdd108193d0a7e9d465a29ec0e
docs/operations-manuals/manuals/ben/COK-BEN-08-07.md,documentation,3534,c3f346c8528e0251f06b360551cae77b432e80c268505ca7c896091be139bc4d
docs/operations-manuals/manuals/ben/COK-BEN-08-08.md,documentation,3582,0ee49ecdf245ab5f9d5b7ae374be30f3f058e368325114d9f73010ea9870f1d5
docs/operations-manuals/manuals/ben/COK-BEN-08-09.md,documentation,3543,180957603e2318e72358ee146f1ab70e324791536855b1ce8fc169f8af6c2368
docs/operations-manuals/manuals/ben/COK-BEN-08-10.md,documentation,3534,9f2888f886a70466c3982dd1738d4c9310cdb749e88b94e31af8219888b1faa2
docs/operations-manuals/manuals/ben/COK-BEN-09-01.md,documentation,3525,dcf80e24634dd6e884f4273682876d02fc2a9ce633ff90a1f27f1605c362eb96
docs/operations-manuals/manuals/ben/COK-BEN-09-02.md,documentation,3525,1f0bf563e7e8384096c70a571ff5a4345ce7f7fb02a1de45b09c02688481c797
docs/operations-manuals/manuals/ben/COK-BEN-09-03.md,documentation,3543,ea1b42dfce061e4d3c80323af8ad6419576aa494c16243b56463c862fb18536b
docs/operations-manuals/manuals/ben/COK-BEN-09-04.md,documentation,3525,0b024fb59cbc9a08ba4ff37f9536964e220c60ba1742cdc19052c4976dbd6498
docs/operations-manuals/manuals/ben/COK-BEN-09-05.md,documentation,3525,f317d85e39e2cbbe94eed3f2ca3e31232cc70d45229be92bb025116f4ed7ce81
docs/operations-manuals/manuals/ben/COK-BEN-09-06.md,documentation,3525,bc7b7274164c4757538d35c639597dbc664d1f6c46ae082ca9801675e550ff13
docs/operations-manuals/manuals/ben/COK-BEN-09-07.md,documentation,3525,758bda1b17f16273700dbae174c92852110a2cc7801e10ec8e6b806387d13636
docs/operations-manuals/manuals/ben/COK-BEN-09-08.md,documentation,3573,332be2e013604ff7e9aa54735351e16d81b2b79b2ade98bf9bb9258e37d390aa
docs/operations-manuals/manuals/ben/COK-BEN-09-09.md,documentation,3534,d773c8e60027f380f6e1e4f9f61db5bb2fa17a7edc5b970fdfea587e46cb3e6d
docs/operations-manuals/manuals/ben/COK-BEN-09-10.md,documentation,3525,bc5c612177eb3e6ed8c23014b8b7d58168f79a507e48b45b3d074c0c1ad73420
docs/operations-manuals/manuals/ben/COK-BEN-10-01.md,documentation,3525,5484bcfee853dcf1ed7e61e179f6b4c94d6ca734f555d2f422a7dc502b40b312
docs/operations-manuals/manuals/ben/COK-BEN-10-02.md,documentation,3525,1d2e278ec5547e5fe170c0090dc1c0dd32e24ea281ab7076ff188417753f7344
docs/operations-manuals/manuals/ben/COK-BEN-10-03.md,documentation,3543,067e159ad93ecaa7cefe8ada748e48ef31f457b3a7c42ddff41d1ca5bc2f1386
docs/operations-manuals/manuals/ben/COK-BEN-10-04.md,documentation,3525,88f64039d13f3e2607d5c4435cca071b6c7da2941cf54489021cab96f47fdf6c
docs/operations-manuals/manuals/ben/COK-BEN-10-05.md,documentation,3525,6a01cc720905318993d0d91fdceecc752cafaf4da9e7b2cf8f6955ccab29b65b
docs/operations-manuals/manuals/ben/COK-BEN-10-06.md,documentation,3525,3058b40a0f28da83d3e6a207b05c9e258e2e0e16b40dc03b4c3f24593d9d6a64
docs/operations-manuals/manuals/ben/COK-BEN-10-07.md,documentation,3525,e0d7977b408a67eae3c814cd2caa417eba3133a2d15a93e97644757753ad7377
docs/operations-manuals/manuals/ben/COK-BEN-10-08.md,documentation,3573,57e42bb1fb1c8d181596c1c727ab7e27780eac3d19b02151e8cf51b8f1f1ada5
docs/operations-manuals/manuals/ben/COK-BEN-10-09.md,documentation,3534,ad431a78877e3b9b0add185723e9e4ec2798c9391f7247c6c724bbc4d5e9a843
docs/operations-manuals/manuals/ben/COK-BEN-10-10.md,documentation,3525,5bdc85611cc893bc45cbbfb129d1638deda39c96bb28da3ee51383d3949d6311
docs/operations-manuals/manuals/com/COK-COM-01-01.md,documentation,3547,04d91e4f4d64c3dbbd3da300f4d69c0ff9a9f08c480f8fd5a5c8700efb71ebd4
docs/operations-manuals/manuals/com/COK-COM-01-02.md,documentation,3547,e424824c5c47eeb62f98df7f61b4d087a7968b0733c8e2e812192d646ff4de12
docs/operations-manuals/manuals/com/COK-COM-01-03.md,documentation,3565,36600f2da8a74655dc33e342711426cb9ccec7fbc86059012b71e2cd05251331
docs/operations-manuals/manuals/com/COK-COM-01-04.md,documentation,3547,9f68c7d17c94a6f6484c1247fe1b0f1b313619dfaadf2652d2681e4c9f179c82
docs/operations-manuals/manuals/com/COK-COM-01-05.md,documentation,3547,663c71ae5951c019ca49889166ccfe333989c0d58f421bc7229cbc8117887721
docs/operations-manuals/manuals/com/COK-COM-01-06.md,documentation,3547,13a8a4a25850904a09e658a652aa890439f14b4e5a37f73c81047076fabe104a
docs/operations-manuals/manuals/com/COK-COM-01-07.md,documentation,3547,71740773581e2d70ff4b99f6091d253874225dda6b6fb00afda5adda6a45ae96
docs/operations-manuals/manuals/com/COK-COM-01-08.md,documentation,3595,6e5790b13ccde847c6652edf985bbbf195a44aafa36461064f7ca1f89a7d4440
docs/operations-manuals/manuals/com/COK-COM-01-09.md,documentation,3556,31b1094527944c136e321299bb4868e62e2d5331d0460a07a2b9ebdb1e05ecb4
docs/operations-manuals/manuals/com/COK-COM-01-10.md,documentation,3547,0e122241bebb83b87d81a573927ccb2a54763d2be36af761ba2f99bb7f0cd3d8
docs/operations-manuals/manuals/com/COK-COM-02-01.md,documentation,3550,18c0d4663535e9d08879b0474d046ac6cb1a8a2089655e332d36b3735f1a3c96
docs/operations-manuals/manuals/com/COK-COM-02-02.md,documentation,3550,c988e4d62da7bc72bd264aa9315bdce0bf84ff5fecb85020f6d2be248e908e51
docs/operations-manuals/manuals/com/COK-COM-02-03.md,documentation,3568,b2971050d157ab1349919a3715901f7a315d6d78f90caba2e0fbd1eb2780d4c6
docs/operations-manuals/manuals/com/COK-COM-02-04.md,documentation,3550,2eb9b2d2f1d0d6abbdefcd367dcb99300a47acb11f8055eece5c2c221f347cb3
docs/operations-manuals/manuals/com/COK-COM-02-05.md,documentation,3550,ad6ba04be7176a713f0847e7bf9b2957ed32f67794944ea49d91e5e9a673be84
docs/operations-manuals/manuals/com/COK-COM-02-06.md,documentation,3550,32a603d482b657d583addda8416edf2fd08c0eef980d5e6684d4c285aff7e850
docs/operations-manuals/manuals/com/COK-COM-02-07.md,documentation,3550,367535179d4eb0d603bfe4edfee8cfff8b24c58f2bda8f2613612d2f10edbcfe
docs/operations-manuals/manuals/com/COK-COM-02-08.md,documentation,3598,7dc969ee45860f451ffa5702bda33a1cf94163f3d49e2512f5360f0bdea06b0c
docs/operations-manuals/manuals/com/COK-COM-02-09.md,documentation,3559,ef9407b58ee99d5a61ac6dc5830108d3775fea9a37d97466f86e6d9ce3066db9
docs/operations-manuals/manuals/com/COK-COM-02-10.md,documentation,3550,768d5dded3477a4486a615957f125858bd56cfc26e5087d3ece62fd38e024343
docs/operations-manuals/manuals/com/COK-COM-03-01.md,documentation,3541,8ac12aaf8586b3e7263f3b59fa9297ffb4295bc0d16411112477260795635bf7
docs/operations-manuals/manuals/com/COK-COM-03-02.md,documentation,3541,2ed32fac62f0bd017a9936fdffa56dfe52092ebe4a479941297792a411eddcf2
docs/operations-manuals/manuals/com/COK-COM-03-03.md,documentation,3559,40e430c366253913e4bb5b35f616e1b9bbbcad917c9322d39acf934927c60f54
docs/operations-manuals/manuals/com/COK-COM-03-04.md,documentation,3541,d22d45dfc786f77231742b85c5dff92187879af74fc8aa251ed46f3a211ae5fc
docs/operations-manuals/manuals/com/COK-COM-03-05.md,documentation,3541,d176a827110e0dfdbaf41c551ec3ddbe55382fc6253dfa8876ad6e0bf8a5e334
docs/operations-manuals/manuals/com/COK-COM-03-06.md,documentation,3541,8c0b69803fb4b82abf264335a63c841fdab63e5b06180b719e4892e91b519015
docs/operations-manuals/manuals/com/COK-COM-03-07.md,documentation,3541,facb645b458ed9f228ba2ed3320705fe0030e986f49da704dce80fdeaae08b13
docs/operations-manuals/manuals/com/COK-COM-03-08.md,documentation,3589,ad0256a453db155519a06c18dc063a080f9d969ae2cd8702ce8e1f7f8600a71a
docs/operations-manuals/manuals/com/COK-COM-03-09.md,documentation,3550,b4b83696ffdf5a617491724830f9db38d7a17d2a9b0505e1d752f1d7531dec52
docs/operations-manuals/manuals/com/COK-COM-03-10.md,documentation,3541,d37b96ac6a48e6c8367ea06fe0582e7401803d72bb968ba9ff1398a58780da72
docs/operations-manuals/manuals/com/COK-COM-04-01.md,documentation,3538,73a93d068bf6314a7aa81653f94a3e6dce80acbc7e977549a23da5f057cbab6e
docs/operations-manuals/manuals/com/COK-COM-04-02.md,documentation,3538,c1d95a58e65c45e62d047159df4d16990fead1ff8e0c42748287a550487d1688
docs/operations-manuals/manuals/com/COK-COM-04-03.md,documentation,3556,a51fb20772f151b1b3d368572b76196d6d55ba7e6748d819f31e46248967251a
docs/operations-manuals/manuals/com/COK-COM-04-04.md,documentation,3538,23310c1afc6b6a8c0f4e881b0d4d7989f3e600e1b921972855863e6dba3bc56c
docs/operations-manuals/manuals/com/COK-COM-04-05.md,documentation,3538,7feac09075ec1f64988b5cdb983f4ddfd63bfdd9ea064dc62ed762540ab3c207
docs/operations-manuals/manuals/com/COK-COM-04-06.md,documentation,3538,7b7c65bea65ce1c0f22a1c9e723d9c052327f5a3c719259f42c06f15f3b8733e
docs/operations-manuals/manuals/com/COK-COM-04-07.md,documentation,3538,bf103c45ffbdc086d2b0a4f6611567ec27224d348fba3f74a82797c02fffd1fc
docs/operations-manuals/manuals/com/COK-COM-04-08.md,documentation,3586,09895df66119d0c61b9b2ac34d491b64c3bc2ebd97cf010d97e2360d03040514
docs/operations-manuals/manuals/com/COK-COM-04-09.md,documentation,3547,0e6547baa38383598a1ec9cc86e455ba737f6413a560b0a17e345da26e4c16bf
docs/operations-manuals/manuals/com/COK-COM-04-10.md,documentation,3538,10a332237bffe9170dc33e2cf7ed8dc98c9a15060182e8780c037635714059a8
docs/operations-manuals/manuals/com/COK-COM-05-01.md,documentation,3538,21aa4f2e862f67cf532db4a1021de819f8ed38e5dd071ee0292f751d56151eac
docs/operations-manuals/manuals/com/COK-COM-05-02.md,documentation,3538,644d5bdb651cb84c3dd5474527fdec63e9163d407d4712e353793b0efa350ee1
docs/operations-manuals/manuals/com/COK-COM-05-03.md,documentation,3556,8a74b6221778ba54b8d26f681e95e00d5e6e6d6d85754529c0f8c310d9e58800
docs/operations-manuals/manuals/com/COK-COM-05-04.md,documentation,3538,f1966a1cc3b14b4481ee9c577860f33cc14dd64983cde4932688983d68e11a52
docs/operations-manuals/manuals/com/COK-COM-05-05.md,documentation,3538,73ed474bb1a6467140241d8806e685aeb957abf86f2e596fa32c96b74327540b
docs/operations-manuals/manuals/com/COK-COM-05-06.md,documentation,3538,f82af6aa42cd51117faf1362a8b4fd0b8fbdd57e1ddcd1f3d945f985e7471edf
docs/operations-manuals/manuals/com/COK-COM-05-07.md,documentation,3538,23731b57e2cec91041162b1bbe296d324b4a309b5b84b4bc07372d9ba73ad149
docs/operations-manuals/manuals/com/COK-COM-05-08.md,documentation,3586,64a77c39b315b86adb56863ccb70e6896272e5e405ae7af5b8b8f02b6f762cc6
docs/operations-manuals/manuals/com/COK-COM-05-09.md,documentation,3547,c493337a5f7829a8566116faf8895aa4f90c3d9b583f5afbc43ea7c4d273056c
docs/operations-manuals/manuals/com/COK-COM-05-10.md,documentation,3538,fee36268b5d031b7094787d6817e7f95894445506d10622d2bee36c7dbed5e18
docs/operations-manuals/manuals/com/COK-COM-06-01.md,documentation,3538,264159231b413ab5969a65f7121637b2107b43752ee4eedf81274f24060039cb
docs/operations-manuals/manuals/com/COK-COM-06-02.md,documentation,3538,48a1a7faf73cfe79f43f6f72911ef0b930ccfd53ba2c682c99f1607ac6651fee
docs/operations-manuals/manuals/com/COK-COM-06-03.md,documentation,3556,ce4060cb6d07f6768b712f6f688de5a9d8061369e157df2318fd62844edba4a4
docs/operations-manuals/manuals/com/COK-COM-06-04.md,documentation,3538,529abecd9376467c043a5db2421c19c263ee537d8c7ea58d659b6bab544f9d80
docs/operations-manuals/manuals/com/COK-COM-06-05.md,documentation,3538,42dd195ce78945431686a91d533f3d983519a92f2302b1f882c800b56f2cb5d0
docs/operations-manuals/manuals/com/COK-COM-06-06.md,documentation,3538,dcfa5e7ada2bfb68794d417599221466b1f76b3fe1c35ed75373769a1b83ed75
docs/operations-manuals/manuals/com/COK-COM-06-07.md,documentation,3538,085a84ad0ad52d5ef0cb969287bb3c13c87e281fad7943dc07d685691757c2ff
docs/operations-manuals/manuals/com/COK-COM-06-08.md,documentation,3586,e70924d531c1f86144b965016f9996b5fb2418613f4e6fc879bc634c9e26e56f
docs/operations-manuals/manuals/com/COK-COM-06-09.md,documentation,3547,62b05a1ab8a2302cd962af2d132e2d5231c1badc09107e903b2a820c280d2991
docs/operations-manuals/manuals/com/COK-COM-06-10.md,documentation,3538,ac40854a3464b10eae4286ce075f218024deb921f9fb6d331ea74e0ffb6017c9
docs/operations-manuals/manuals/com/COK-COM-07-01.md,documentation,3547,5786508a8bb74cd7d86e785b710231c39fb0b0b8f36e78dcb56b5b4076024b9f
docs/operations-manuals/manuals/com/COK-COM-07-02.md,documentation,3547,50b3a6522693be271b8968496d496cf705acc14d8aecbfa1fb8389e844159597
docs/operations-manuals/manuals/com/COK-COM-07-03.md,documentation,3565,34b20238dad4ab58ee3d10dfe34c7ec34d5c353550670e61216051bb23138c33
docs/operations-manuals/manuals/com/COK-COM-07-04.md,documentation,3547,5f4e6e2cca96eb9908514e6fd51e3536475bef685a2e5cd8c19705f8a7ba953a
docs/operations-manuals/manuals/com/COK-COM-07-05.md,documentation,3547,31a5729de93915396e6160fa21d4a1ac7b20445c7e31583e771118256daba117
docs/operations-manuals/manuals/com/COK-COM-07-06.md,documentation,3547,4f89779a4e7b562dbc12c2a890f6e912f83221d59e7d5af32254173e7f951ccf
docs/operations-manuals/manuals/com/COK-COM-07-07.md,documentation,3547,9cbfe94b522618a63d3c2c737e0f6861d0ae17bca64988eb691279fb9ff00748
docs/operations-manuals/manuals/com/COK-COM-07-08.md,documentation,3595,071222a1897b83f3ecb21400cd06c1e74956dbff0268a1386c88291ae64bd2ac
docs/operations-manuals/manuals/com/COK-COM-07-09.md,documentation,3556,eb6f64707f1b938c8aab13eebc042d1450df20b93fe22d1375ad4d34302744d6
docs/operations-manuals/manuals/com/COK-COM-07-10.md,documentation,3547,0b73315411ff4fb2e51c4e9b16d919fdbc576a27a42263b6ae6af3d4515ad128
docs/operations-manuals/manuals/com/COK-COM-08-01.md,documentation,3529,a33a185aa5cbd14fd25849bc506e8ef5cf334fc399e395864ac2292e0e655fdd
docs/operations-manuals/manuals/com/COK-COM-08-02.md,documentation,3529,c1cb3e883328cadf18ec88dfb4f58efd8350bd01f5323e89ff79af75151cea45
docs/operations-manuals/manuals/com/COK-COM-08-03.md,documentation,3547,a4eba29e919ec6421ef423293957bbc2bc0e0a6a686184b59f759f04e2f00295
docs/operations-manuals/manuals/com/COK-COM-08-04.md,documentation,3529,40b7e0c70370847323811b2e7263afc3b880736a10d37fa98320bd7fde864c84
docs/operations-manuals/manuals/com/COK-COM-08-05.md,documentation,3529,724605de13a62eb8d9816c3f5203e31cc9b10200617986d9774b5893661c87dc
docs/operations-manuals/manuals/com/COK-COM-08-06.md,documentation,3529,4e31416b8a477939a9eda1fdb1e52dd4bacad5529baa84e7ebb0008061c18fbd
docs/operations-manuals/manuals/com/COK-COM-08-07.md,documentation,3529,d8acbb39beffec1c475f3680ad5efb51525b9523ae346985cce510a9f4e1aa3b
docs/operations-manuals/manuals/com/COK-COM-08-08.md,documentation,3577,6e77963c086a67f24aacc414eea58111e74ef7e0a8f21ab680fb895fff8a5b6e
docs/operations-manuals/manuals/com/COK-COM-08-09.md,documentation,3538,6af9b88fa621853905b9a117decbe41dfac906001598701f9a81f40971e5d73c
docs/operations-manuals/manuals/com/COK-COM-08-10.md,documentation,3529,5feacabeb0884bb5b785becbe5a1dcdd46fb940d4c1c6d49e25b8fb47955b217
docs/operations-manuals/manuals/com/COK-COM-09-01.md,documentation,3529,22addb42e09b0449cba16dd3205e089449c091d9041f16f737aa81c572f09c8e
docs/operations-manuals/manuals/com/COK-COM-09-02.md,documentation,3529,d836387a6b2f2ff3e536ad23138e8315bf1ccffa6048ff6c9db2874cc31f0f14
docs/operations-manuals/manuals/com/COK-COM-09-03.md,documentation,3547,94638e6fba2472013ac856dd5e401ab3f4b639a9a305fe5feb6be39b72046cf9
docs/operations-manuals/manuals/com/COK-COM-09-04.md,documentation,3529,46c9e3d7b522a7a6dfaca9b97e399b5a5f5c77fd9ed5143527cbd0ad92f9968d
docs/operations-manuals/manuals/com/COK-COM-09-05.md,documentation,3529,327ef99ec0eba7655a0f12fa3007cfcd740026bcf655e137f72000bc337be359
docs/operations-manuals/manuals/com/COK-COM-09-06.md,documentation,3529,38120393d7790797b0f5bfbf0c62fa812af0de030a8767f097e9bc38e444592a
docs/operations-manuals/manuals/com/COK-COM-09-07.md,documentation,3529,aecdcb7fdae18809dadcbeae843a81f6ed0bdf5517a849ce672631585ba4fb8d
docs/operations-manuals/manuals/com/COK-COM-09-08.md,documentation,3577,03e2c95c026bcf2569e7d183ed7b0ca1779829342fae172f39c5ee49328e82cd
docs/operations-manuals/manuals/com/COK-COM-09-09.md,documentation,3538,9f07794cce08df85c2da67491559c6b7f44358405a67d188a70440e4a5f99fc6
docs/operations-manuals/manuals/com/COK-COM-09-10.md,documentation,3529,712589f4c523435174b5e41d40956c6767a8c97e6ddc0e1c2d8979025296363e
docs/operations-manuals/manuals/com/COK-COM-10-01.md,documentation,3559,a0b239572cf1c41c1f14c56c0a04b9c867b379cf64716e6e846e9860300d03cb
docs/operations-manuals/manuals/com/COK-COM-10-02.md,documentation,3559,33dc26b57de2b419783e6d9ceb1c2fe286cf4f79fdb5087f78c7eca2fda39734
docs/operations-manuals/manuals/com/COK-COM-10-03.md,documentation,3577,dba5484713ad3120595d35ded4166c40148aef99d31dc74b359ab3ab60256561
docs/operations-manuals/manuals/com/COK-COM-10-04.md,documentation,3559,1db63628c4d8b4e035a28e8dd7e83d91cf57755a1d79dd5209caee06a16b55b2
docs/operations-manuals/manuals/com/COK-COM-10-05.md,documentation,3559,7476a6cd94a380875eaddb84624508236bde4f01e619cab27e150f99a3f6883d
docs/operations-manuals/manuals/com/COK-COM-10-06.md,documentation,3559,9a5650e3a83dffcc7716cb5a7e5ec6760ea1bf6c90e2bd732032bef296e0e35f
docs/operations-manuals/manuals/com/COK-COM-10-07.md,documentation,3559,d0c542ebdab95cf1c337a3a378b5a03b0ce327fdb9f8e3639aebc0581815e1c0
docs/operations-manuals/manuals/com/COK-COM-10-08.md,documentation,3607,89173df10ca4a2833b03367c302a5821b16e140ec37ed165e49d3581830797a5
docs/operations-manuals/manuals/com/COK-COM-10-09.md,documentation,3568,f3684ad126c6201548f82198fd3bd0bb95b0005fef910d2134b53aa2574c7780
docs/operations-manuals/manuals/com/COK-COM-10-10.md,documentation,3559,b785f03fedb60c63080900900f07940c4afdc0838fdeb528aa2a3b107396092b
docs/operations-manuals/manuals/dat/COK-DAT-01-01.md,documentation,3578,e44c9a272615815344a56b429f187750aafc1c0c4bef7d3c812655da791f9aab
docs/operations-manuals/manuals/dat/COK-DAT-01-02.md,documentation,3578,7567f6fae154a79188e18a1e4adfab54a3d3864f6f6f0db4b0412b702f81df3d
docs/operations-manuals/manuals/dat/COK-DAT-01-03.md,documentation,3596,03ef134280a31a7ce00bf39a31f515d0be13059100b66f8a777dad108e3b647c
docs/operations-manuals/manuals/dat/COK-DAT-01-04.md,documentation,3578,be5517f49519a7cdb8695bdb48d70dd35156d1d622012fb09ca02615f538dc4f
docs/operations-manuals/manuals/dat/COK-DAT-01-05.md,documentation,3578,f4a37a534225dc5ad78e980e3bcbf3a630e8951f5591b6852a1def8bd2dafea7
docs/operations-manuals/manuals/dat/COK-DAT-01-06.md,documentation,3578,82395d1152efbd026a0f83ee26c50c971c61b454846672cc859a8dca51eb3729
docs/operations-manuals/manuals/dat/COK-DAT-01-07.md,documentation,3578,9411970395c0807dbad88bec578edefaff20d974671ff71019b0ceb0772c66a9
docs/operations-manuals/manuals/dat/COK-DAT-01-08.md,documentation,3626,9fd1d003ec0ecc0503976ece2d91992b6dec96253d238d47e09eb3db5a9955af
docs/operations-manuals/manuals/dat/COK-DAT-01-09.md,documentation,3587,287b28d6b595045fa6ee87c1be9af72e0e37ef5c412ed0446b89b679c91980aa
docs/operations-manuals/manuals/dat/COK-DAT-01-10.md,documentation,3578,17f610dd5c3ad524cb6505f2b0e39ef941384f800aa289e3875891ffd4ec2617
docs/operations-manuals/manuals/dat/COK-DAT-02-01.md,documentation,3557,ff7b79fb292c24374c7fa7ecdedebf2906d22814b6d09a12abaf736057d9efba
docs/operations-manuals/manuals/dat/COK-DAT-02-02.md,documentation,3557,4cf667fa87b33fe91335ac0c30e3094f17d672dca28ac166e996a86183111979
docs/operations-manuals/manuals/dat/COK-DAT-02-03.md,documentation,3575,aaa3a3b3c7ad6645194bd35cd84b3cda061f191ed8cacb0dabf0844cf648032e
docs/operations-manuals/manuals/dat/COK-DAT-02-04.md,documentation,3557,5f1247d76c2c991aa546f5458c81cad556a4ec3fa1b910084826a0c8fa281401
docs/operations-manuals/manuals/dat/COK-DAT-02-05.md,documentation,3557,e17e1897ad4cb3d272b966c2f6445fe8b179027c68d2b6d4062e3debc932490c
docs/operations-manuals/manuals/dat/COK-DAT-02-06.md,documentation,3557,7014161fd7ea6d7b88d48416f141472e8d89b5f7b7e4af7628b1cddc8a297111
docs/operations-manuals/manuals/dat/COK-DAT-02-07.md,documentation,3557,ae32ef6b6068afaee6c755d51072501f66c0995a5111464e7eccdf48636b2122
docs/operations-manuals/manuals/dat/COK-DAT-02-08.md,documentation,3605,234afb77346f856475912e1c37c025eb90a262887d86f1614f4fbca4be41a23b
docs/operations-manuals/manuals/dat/COK-DAT-02-09.md,documentation,3566,cad7628a5960f0174bcd10444a0bcec68da94676dead542117c0d8683bfabb00
docs/operations-manuals/manuals/dat/COK-DAT-02-10.md,documentation,3557,6c17cf9aa21efe5796c99d9a8c64c5744388958a3555770471baa1edb31d1563
docs/operations-manuals/manuals/dat/COK-DAT-03-01.md,documentation,3566,78337e42892962e4590b0d59ca4e393d02f56012eca1b656600aaf85f6fe45ff
docs/operations-manuals/manuals/dat/COK-DAT-03-02.md,documentation,3566,5e298148eaaf636c4d406caced69eb3e81a5c1f26f2791bed2fab446c157e08c
docs/operations-manuals/manuals/dat/COK-DAT-03-03.md,documentation,3584,02349992fe9ea7bf53bb0ed1a3fe9a9ddac52f038cceb99df2999294bec25fdf
docs/operations-manuals/manuals/dat/COK-DAT-03-04.md,documentation,3566,8aedb58b97d0458de8c30fc0af6f962228efa35d1e0216679de7c7cac3af4fc5
docs/operations-manuals/manuals/dat/COK-DAT-03-05.md,documentation,3566,3d9ed0ea08ecdfc0970a943b5cc81b5805d87f8e5d54dc97bc22b6797533b626
docs/operations-manuals/manuals/dat/COK-DAT-03-06.md,documentation,3566,1a0de7296a0a9c7472ba140273e189e698676cf6be70b31d496601db6fb5bbbf
docs/operations-manuals/manuals/dat/COK-DAT-03-07.md,documentation,3566,ee1641b5231e922c87d1bb61a79326bfbc4c041c3846539d415b34f3c39416f2
docs/operations-manuals/manuals/dat/COK-DAT-03-08.md,documentation,3614,6f94bcb8a539c72ad13a0917b41598bc125643e3acba4c16b0a37ef459737a41
docs/operations-manuals/manuals/dat/COK-DAT-03-09.md,documentation,3575,e75a1200d462e891b1ef36220edcb277bbe611414784ae6036fd6878b3ef304e
docs/operations-manuals/manuals/dat/COK-DAT-03-10.md,documentation,3566,047ec00d66d8cc77c08ae3f26200f0cd6c9cbddb86f6f67f502b8cab2e1c13ec
docs/operations-manuals/manuals/dat/COK-DAT-04-01.md,documentation,3557,952a40efa5f980f312fc68845df41c874cf116a2c86df92a831be6a941ee74a0
docs/operations-manuals/manuals/dat/COK-DAT-04-02.md,documentation,3557,72e852ff6d689ebd05421058259673390e4b104b4a283a8d7d9d13dd1bbe71da
docs/operations-manuals/manuals/dat/COK-DAT-04-03.md,documentation,3575,de0a498bed0b3cc5900399a7094cd474d5a78adb931e51591e3e7b2888342b49
docs/operations-manuals/manuals/dat/COK-DAT-04-04.md,documentation,3557,3731bca603559e92d439fc090f8a25fb38bacacbcea6f593b27425848a100a71
docs/operations-manuals/manuals/dat/COK-DAT-04-05.md,documentation,3557,3861b49530ff7d93f065a90f34fbef8ec2bacdb65f6421aa4eee9853ab220a60
docs/operations-manuals/manuals/dat/COK-DAT-04-06.md,documentation,3557,f0b8d6e7e4460dc47e66ce144dfdfecf5ce5806c805c901953418bae7d54bde8
docs/operations-manuals/manuals/dat/COK-DAT-04-07.md,documentation,3557,bf4e7d07b1bc2513ef1dee06184481b7510ffea703f4c99fa01be68abf5eb17c
docs/operations-manuals/manuals/dat/COK-DAT-04-08.md,documentation,3605,3bcbd51007f52da4f727019136e500ba93c66d42645c05217786d77c9009d84d
docs/operations-manuals/manuals/dat/COK-DAT-04-09.md,documentation,3566,1bfb81d3752b2d6fbb752f64702e3fb04f255f2120dc744aa0223c5671c27f5b
docs/operations-manuals/manuals/dat/COK-DAT-04-10.md,documentation,3557,fdc77fab1c20cb29c8bc4927ea263bb1e472aba1616455c6e8882099d2aee9ba
docs/operations-manuals/manuals/dat/COK-DAT-05-01.md,documentation,3554,44b428c9b17cbfc638baf35285638a675dc6c293dfb292e9afe86fb5f9a0c9e3
docs/operations-manuals/manuals/dat/COK-DAT-05-02.md,documentation,3554,9a0f7768bbdf43a13d6d70b75246d565e2e03b6cc408cf93b97e4c4f3d9fe5d3
docs/operations-manuals/manuals/dat/COK-DAT-05-03.md,documentation,3572,b1b543959c4d889163e69743c2f05ac1e374f02f4e0bb8a2c7e2bb30cab9286f
docs/operations-manuals/manuals/dat/COK-DAT-05-04.md,documentation,3554,083d004c96ff69ec549e87b0c41a2d3f8e70996af3c0a2fe1df2c1849d61d7da
docs/operations-manuals/manuals/dat/COK-DAT-05-05.md,documentation,3554,73a457c63ff365d6a237030fd42e4fd1f8a7124f94b965d88385cb5ee0545435
docs/operations-manuals/manuals/dat/COK-DAT-05-06.md,documentation,3554,e85ebb7edcb0c8a03d02c8a17ec6195db5108f224630cc789706345f639bba12
docs/operations-manuals/manuals/dat/COK-DAT-05-07.md,documentation,3554,2e4aad0225df0e971d4f70853b7d7dc75308043ed9d8580e2a72a4ec28914261
docs/operations-manuals/manuals/dat/COK-DAT-05-08.md,documentation,3602,6c0871d30d931ca6db8c9e95223aa8fcd3a969aea6180d5a9a1a86e9c521ce29
docs/operations-manuals/manuals/dat/COK-DAT-05-09.md,documentation,3563,494d0f5ce6cfcd21b765b0e75910e956bbe437542a0bd3415e708d5010587c57
docs/operations-manuals/manuals/dat/COK-DAT-05-10.md,documentation,3554,0856e4c0e854c6ea1305d44199e967a153c5b397ed512a350a5d648b1f139132
docs/operations-manuals/manuals/dat/COK-DAT-06-01.md,documentation,3557,ae31cc2bc124f5ad6f04092041277acce0b271e642c8d2594175b0bfdb0fdf6e
docs/operations-manuals/manuals/dat/COK-DAT-06-02.md,documentation,3557,3dd630ffcef6a247dc7c456a8bd1ce06c0f8af876523ed8d4e7f2960c48e3f51
docs/operations-manuals/manuals/dat/COK-DAT-06-03.md,documentation,3575,75d4e2f7ccf0bda220b631992f3df521f2e72363b11dc19d2512268cb066a06b
docs/operations-manuals/manuals/dat/COK-DAT-06-04.md,documentation,3557,f78233d1bb66bcce314ef160780e1237e3c5487541eceb265f1785777b09e7db
docs/operations-manuals/manuals/dat/COK-DAT-06-05.md,documentation,3557,f32425e04d0c4bdce19d72fd9ed3e342575512f003de1ae7b1bf49bd37aa840b
docs/operations-manuals/manuals/dat/COK-DAT-06-06.md,documentation,3557,9291b32291cd2f33ed90cd6673ed8b630b70156355ea33697f0385bd81050f18
docs/operations-manuals/manuals/dat/COK-DAT-06-07.md,documentation,3557,88d11a6ef5b0773259faa2d18b471d6007bffa221ca80fc5e96046f172b109a1
docs/operations-manuals/manuals/dat/COK-DAT-06-08.md,documentation,3605,bcab25fee91cd8ce7f41d2ceb88b8ab6934c6cfcc3250eaeaa66312184b73963
docs/operations-manuals/manuals/dat/COK-DAT-06-09.md,documentation,3566,74f932560376721ec11b6b5b86ecf51ef33d063cf8c304f6b2c3a83316c7a32d
docs/operations-manuals/manuals/dat/COK-DAT-06-10.md,documentation,3557,d8c446a00286bb54513159a98b3bc038d81ede63c92c7f456f238cdca5dfe4a5
docs/operations-manuals/manuals/dat/COK-DAT-07-01.md,documentation,3575,978eb537c68876d7e1c52b3bc7c674291c323ac941811f5b164a99b7eaa988b8
docs/operations-manuals/manuals/dat/COK-DAT-07-02.md,documentation,3575,6f79b5f4f776e27b6365c5c52d2fd04dcc9cc81a5809868236258bd9bd4bb206
docs/operations-manuals/manuals/dat/COK-DAT-07-03.md,documentation,3593,cdeed4961478ea3755e7968df1311bf2df76a37a42c78a9e1c5f38740acaab25
docs/operations-manuals/manuals/dat/COK-DAT-07-04.md,documentation,3575,2cd57a16b058787f11c87ac1ae441e646ec0a2165b0fff7e074763de0f02cb8e
docs/operations-manuals/manuals/dat/COK-DAT-07-05.md,documentation,3575,7ea57b0fb8202328fb4773f1f53b1eb77aff4293bc465ebc4887ee88052fd322
docs/operations-manuals/manuals/dat/COK-DAT-07-06.md,documentation,3575,c0e8d3fafa2de43c22db732930d8a4f4723345aee3aa32edc5aafa2102a7363d
docs/operations-manuals/manuals/dat/COK-DAT-07-07.md,documentation,3575,71685c38c8d3966bbb2c35b3d25a7d5682e902e9cc969ca8a0b7727fab80f872
docs/operations-manuals/manuals/dat/COK-DAT-07-08.md,documentation,3623,c422d1b35a6e7a7f6fe6c68126dccde660e7ea53ef27ebb476debc9c83445d75
docs/operations-manuals/manuals/dat/COK-DAT-07-09.md,documentation,3584,507c90d12aec2340fac6717ba143b0cd04d2aabe054d28d470684ad00647a1a3
docs/operations-manuals/manuals/dat/COK-DAT-07-10.md,documentation,3575,0ad49bc13e360007bf0ebf6cda762f9973460b4fbd778af83eceddbd55556d48
docs/operations-manuals/manuals/dat/COK-DAT-08-01.md,documentation,3557,6b501185180b9b7854aef3c692677f552a38eee337a01a233dd4bb5ab760bf7a
docs/operations-manuals/manuals/dat/COK-DAT-08-02.md,documentation,3557,7122c113eeb074038038dc0fdcfdb11fe9fc0fc7b589c79a38d17c18a53dd197
docs/operations-manuals/manuals/dat/COK-DAT-08-03.md,documentation,3575,36a9828a8eb562e843872de7068a3ae384bac7abd06f4a821564651a56fa178a
docs/operations-manuals/manuals/dat/COK-DAT-08-04.md,documentation,3557,21a3683b88f01e150e7b9c64763f2e8041bd9d76374f9fd19655a874e8b9e5ed
docs/operations-manuals/manuals/dat/COK-DAT-08-05.md,documentation,3557,c8edce0914de0104f1cc47e79eb89d798c235ae06d815ea6fac5ff1061373e58
docs/operations-manuals/manuals/dat/COK-DAT-08-06.md,documentation,3557,b29feebfa9b19e51b45ba478815c750ed710887a4acf523f069f712885e34668
docs/operations-manuals/manuals/dat/COK-DAT-08-07.md,documentation,3557,457fc6c6fc9e0616b9e44de8e20d095255215c67b13cdf8898dee55cc807d668
docs/operations-manuals/manuals/dat/COK-DAT-08-08.md,documentation,3605,22b1f647b538bc9b41391d86db013814174857edfc6a930c4600307f09106368
docs/operations-manuals/manuals/dat/COK-DAT-08-09.md,documentation,3566,7179b1392f7075b4559889b174e7d69430a3555af94800c58829bf262c2d3dd2
docs/operations-manuals/manuals/dat/COK-DAT-08-10.md,documentation,3557,61eeb5dab23b2c0c98c3aca47beb507eeef11b420831cfc60375e980911062e2
docs/operations-manuals/manuals/dat/COK-DAT-09-01.md,documentation,3557,eb1707695975e172e59dd385accc9916bdcff1f914361ef54e10f064d46eec8a
docs/operations-manuals/manuals/dat/COK-DAT-09-02.md,documentation,3557,a372cf13d908a4a1569105841a501ad1b3cf0b2485d8646c5a7eaddb38185d1c
docs/operations-manuals/manuals/dat/COK-DAT-09-03.md,documentation,3575,05625711249ed2f7b1e4b4ba5953cefcd52720ca1446b4439141a138bc20aff9
docs/operations-manuals/manuals/dat/COK-DAT-09-04.md,documentation,3557,c980d6442c6ff6f69610140d69706de2d84b359bddec271307104da60a621c25
docs/operations-manuals/manuals/dat/COK-DAT-09-05.md,documentation,3557,a4af119fc46ae59f3222bf3c6779663073ec248500081508c75e2ce23580bd7a
docs/operations-manuals/manuals/dat/COK-DAT-09-06.md,documentation,3557,41da9cf2d665ed8f68fda5a24e6b565aa53c87cf9c76671d1ec0772a04eb7a86
docs/operations-manuals/manuals/dat/COK-DAT-09-07.md,documentation,3557,b8938a6e8def63720f6281c8f9fbfe44cb6134a13e7c29ff52c9492c70f0a1e2
docs/operations-manuals/manuals/dat/COK-DAT-09-08.md,documentation,3605,b9e127305c0d4f876e334448fcebf7bb5e9590f40702478832f964a9148134eb
docs/operations-manuals/manuals/dat/COK-DAT-09-09.md,documentation,3566,c0fba8153f0940500eefcb734a0d1b8a77d8921550e6553fa0a2a6425119eb15
docs/operations-manuals/manuals/dat/COK-DAT-09-10.md,documentation,3557,d2fa86c6ce874aef2ce4360f74492527b438bf2f92671c9c2c70cc52e298082f
docs/operations-manuals/manuals/dat/COK-DAT-10-01.md,documentation,3566,fd3a028dd781c37daaac5f0270f0c51eb5b75e31266d7bb2ec07e287eb5f09c4
docs/operations-manuals/manuals/dat/COK-DAT-10-02.md,documentation,3566,bbbc9e190d9cf63675760e0a44c1590fedcfd0b2ebb5b0bc47627bc239e98e35
docs/operations-manuals/manuals/dat/COK-DAT-10-03.md,documentation,3584,0e1f235a442fd89e863f13ebe4ac0d8f127e179e1afb8ba47a6b6c05b0466588
docs/operations-manuals/manuals/dat/COK-DAT-10-04.md,documentation,3566,d537620b7823c1123e800ad243aafd5fc37b008e6df6b44bf34a46db4a756d68
docs/operations-manuals/manuals/dat/COK-DAT-10-05.md,documentation,3566,7c4e26cc14a1cc76c9632d58cef4cfe684162d244c991720e285bd2ddc729be0
docs/operations-manuals/manuals/dat/COK-DAT-10-06.md,documentation,3566,cde8909252a42d29ef5b77ba844e5d8fbd37fa1f3758a71b82170427c1eae18b
docs/operations-manuals/manuals/dat/COK-DAT-10-07.md,documentation,3566,46496a5e9b29c286c8229e5c8712970b7b4a4bbb4515a55a2838d8f35eb8f337
docs/operations-manuals/manuals/dat/COK-DAT-10-08.md,documentation,3614,2faadaf1ad699000dcd37d0c9fede825591459aa87371121dda4e81a3253a155
docs/operations-manuals/manuals/dat/COK-DAT-10-09.md,documentation,3575,d7d5e3384b4c2ca6a8cc57a29e4b4afca479920647117313040ba711b67ac5af
docs/operations-manuals/manuals/dat/COK-DAT-10-10.md,documentation,3566,ee3933d5640ac8d33255da22d9ffb93ff9a768d7b6371d2fc41967349a94df96
docs/operations-manuals/manuals/fen/COK-FEN-01-01.md,documentation,3530,4c502c84a9d7d060d1900a5096a09a331514874b954ca5844370e3593c8758c5
docs/operations-manuals/manuals/fen/COK-FEN-01-02.md,documentation,3530,74ddc73ecee732743e51a9a35d0d84f3dc1964844fc5249a365991b61fa5c442
docs/operations-manuals/manuals/fen/COK-FEN-01-03.md,documentation,3548,37555f82ed097feed500ed62e6d2e2820127ec3e0f703ad92c0feb55444d2514
docs/operations-manuals/manuals/fen/COK-FEN-01-04.md,documentation,3530,b4c8a32a5343c61d2696a7197091d6864c198a0a860ee566c11fcd3eeaf89ada
docs/operations-manuals/manuals/fen/COK-FEN-01-05.md,documentation,3530,fca700ba5ec2f27add88a708fc2c54f1a4b8fadfe64ec427d6fedefab2536b6d
docs/operations-manuals/manuals/fen/COK-FEN-01-06.md,documentation,3530,fb790df4bdc2991538d39bb9a367a9721adad9ccefb53d547da8a36b57499c8a
docs/operations-manuals/manuals/fen/COK-FEN-01-07.md,documentation,3530,d32761189dc9375031a93423a54129695becfcba7cc466283f134489f8b6abc9
docs/operations-manuals/manuals/fen/COK-FEN-01-08.md,documentation,3578,1a436c1be6c55687d0e6defc661ada7263fcb9f4c80a0be5a3f84682b5ce0497
docs/operations-manuals/manuals/fen/COK-FEN-01-09.md,documentation,3539,f1c1204eb090c7261c2c7eb594be77c3962866603fc808be07e23c81404ebb76
docs/operations-manuals/manuals/fen/COK-FEN-01-10.md,documentation,3530,360ff780f2f571dcd6ac7337a7ea0332e2f09eb1dcba0920a001d480a0affc64
docs/operations-manuals/manuals/fen/COK-FEN-02-01.md,documentation,3527,476e9109a647059bc7690de6229fb932e8c9cf76c04e2d7cfe2d84aa84b9454f
docs/operations-manuals/manuals/fen/COK-FEN-02-02.md,documentation,3527,039d247068f30d30c641c6b4d79c747ff9f8e462ee9f198e2d0895a6aa7bae1f
docs/operations-manuals/manuals/fen/COK-FEN-02-03.md,documentation,3545,eecf2780604e7940ec88abcafe5ed56d1bf6f560f5c895b4970f9ab2988dc645
docs/operations-manuals/manuals/fen/COK-FEN-02-04.md,documentation,3527,e03758a2a600134e8141a525c57e467a234793dada31273140c2a964a67a54ec
docs/operations-manuals/manuals/fen/COK-FEN-02-05.md,documentation,3527,a8ca252cab6d02da448bfced046719e209b8a0787c57cf7e78595f0c1147dac3
docs/operations-manuals/manuals/fen/COK-FEN-02-06.md,documentation,3527,09fc65716e8f6c018f35629a7c49a5df1baccabad1379c3a5dcc025063082a25
docs/operations-manuals/manuals/fen/COK-FEN-02-07.md,documentation,3527,f9b48d6b5b80178ed9d38cae44daa1ae4714f3a3ed89cdd31bb09a1d1471f9c6
docs/operations-manuals/manuals/fen/COK-FEN-02-08.md,documentation,3575,3189202adfb2ac686ef6719211ec5a79f13864630685bb60be63c55f0ea45f55
docs/operations-manuals/manuals/fen/COK-FEN-02-09.md,documentation,3536,d67afc4e763b176d5aef444d0e94e17384038bebe31cf986416f5229423b71eb
docs/operations-manuals/manuals/fen/COK-FEN-02-10.md,documentation,3527,8b57cd58dbc2768446f63133ab74257fab78491cf772c809acb9a0936ffd659a
docs/operations-manuals/manuals/fen/COK-FEN-03-01.md,documentation,3509,ceda50d2f82bb7e0b7a30845a514b1a7adc97234c9d6eef80c4ea7c2a5a64962
docs/operations-manuals/manuals/fen/COK-FEN-03-02.md,documentation,3509,89cc0779dcc181f9b777a7525b07b1990632ed103d750302e41795ed8544e2fe
docs/operations-manuals/manuals/fen/COK-FEN-03-03.md,documentation,3527,97b6e71b666f81d7d407c3a881ce165227322d1873c9d8baabd146d0d4ce7dee
docs/operations-manuals/manuals/fen/COK-FEN-03-04.md,documentation,3509,3a32c6f726b298ed50a7c6a112b53323f82409eea313801999223dfd27fa4937
docs/operations-manuals/manuals/fen/COK-FEN-03-05.md,documentation,3509,3b56d1e4b39c4326e252c01686c5fcb429d91d05a4c170679e0b0f1d9857f283
docs/operations-manuals/manuals/fen/COK-FEN-03-06.md,documentation,3509,b43834c2f3c9067bd471340d5293541f331fb395beccae7e0abc459a75013050
docs/operations-manuals/manuals/fen/COK-FEN-03-07.md,documentation,3509,6663055bd7b1b15c21698117ec94dce6e8f1335e92b4c06aa633f1e7910ea1d3
docs/operations-manuals/manuals/fen/COK-FEN-03-08.md,documentation,3557,caee37281d6e23b7d753ca1f99e87d555d9a192055e6a5269c33faf0f8f7ca74
docs/operations-manuals/manuals/fen/COK-FEN-03-09.md,documentation,3518,e5f24ab68e3b2a7b87a1a1ad754809a0f0f46168df16361cf5d483660f23a5d1
docs/operations-manuals/manuals/fen/COK-FEN-03-10.md,documentation,3509,00a29e6035487ac131fa30cb8464c75a308c6f50454bd46e5780e45db88ed5c6
docs/operations-manuals/manuals/fen/COK-FEN-04-01.md,documentation,3518,9bb9e0e5166f9f70146a462a225c6b85ca51f5f9cbafd0dbb93fe13976e663c7
docs/operations-manuals/manuals/fen/COK-FEN-04-02.md,documentation,3518,c0ba14a50c861c091f88573c2e55a4b1d3a978a8c97fb72f8181ac7aeb1c9f60
docs/operations-manuals/manuals/fen/COK-FEN-04-03.md,documentation,3536,af03361215eb70ba3a2c8e8cad71314f579a0862d41b247982d3f2290e55b251
docs/operations-manuals/manuals/fen/COK-FEN-04-04.md,documentation,3518,b51c82800b382bee6c46d8bbbac94d37c1c3de0e3f3f62d1aaef1e3db378cc17
docs/operations-manuals/manuals/fen/COK-FEN-04-05.md,documentation,3518,57202fc2e51c53fdb27b624d3704c7a316cd8cba71b1699b875f8c59600cc9a8
docs/operations-manuals/manuals/fen/COK-FEN-04-06.md,documentation,3518,8c240fbe221a0e7daebd22ce4c7a95d4897bade093049796e29b8f7c57d50b09
docs/operations-manuals/manuals/fen/COK-FEN-04-07.md,documentation,3518,77df6570cc2aedf46bd35ede01c39e7e282f90850c4973058cf2f68807bf631e
docs/operations-manuals/manuals/fen/COK-FEN-04-08.md,documentation,3566,b55f4075dd89be49448bef6bf4bc24631a7d55e630fd12d922c389650e76762c
docs/operations-manuals/manuals/fen/COK-FEN-04-09.md,documentation,3527,0597ea0afef36d2b8417cf3cc69706d3aced1dd3ad823846cfca23f533bd4577
docs/operations-manuals/manuals/fen/COK-FEN-04-10.md,documentation,3518,b3a8c68f40940cdd642af0e3254a954abe0dd863abc3fe97c1e48faeaf9c3c42
docs/operations-manuals/manuals/fen/COK-FEN-05-01.md,documentation,3521,8c9eb7ae0f6c430328e1227e04ba3ba685cb9fba1d79d47bf739242764691207
docs/operations-manuals/manuals/fen/COK-FEN-05-02.md,documentation,3521,410e8d81578d88252bf77e5e4e76f3b3f7473f812079ff83e8efc5d995001367
docs/operations-manuals/manuals/fen/COK-FEN-05-03.md,documentation,3539,1403e64ba6a42fa6a0f2cd4880383f675c56f7c893a1ac40367ee386a43ec543
docs/operations-manuals/manuals/fen/COK-FEN-05-04.md,documentation,3521,691b541fe8fd818cc74941d50ef0e38463e577d0f5419d7afc1d26e990566c87
docs/operations-manuals/manuals/fen/COK-FEN-05-05.md,documentation,3521,fba8bcbe94fd4d071754f4c7fd7b80595db12458c3bddbc9e6c15d5606336eea
docs/operations-manuals/manuals/fen/COK-FEN-05-06.md,documentation,3521,5cd3a18b487913c670c1c2bddfb05d04b60153ce47d44039c5fdfbf3bd920242
docs/operations-manuals/manuals/fen/COK-FEN-05-07.md,documentation,3521,33c3fe19668292e366cb11673146b322bfe974d9ae1f26d439a1876685494b9a
docs/operations-manuals/manuals/fen/COK-FEN-05-08.md,documentation,3569,1f2c8d201f63b3a2f8d59f8376564b39b8a9b679cf5794546f6351b3a3bb63b1
docs/operations-manuals/manuals/fen/COK-FEN-05-09.md,documentation,3530,3361a027872e1d8c1856814f23752190c79f114a23649392ea5acaad2826f3fd
docs/operations-manuals/manuals/fen/COK-FEN-05-10.md,documentation,3521,516a472b608b7ea4e0ca624216ac3d9261045069fc7717bcdc8b97fc8837fbc2
docs/operations-manuals/manuals/fen/COK-FEN-06-01.md,documentation,3539,d76a13bece428fc33f752ded0e3423712f2ae5eb21fe488ff0c4cac13bb280e4
docs/operations-manuals/manuals/fen/COK-FEN-06-02.md,documentation,3539,4edc1261f31f226d658127c1260939cf5964badef5b4ac3cb612e6768f74cd89
docs/operations-manuals/manuals/fen/COK-FEN-06-03.md,documentation,3557,da7083b50b62174183c9f10e644148912f8a1bed29abc098ec08e442c505e8dc
docs/operations-manuals/manuals/fen/COK-FEN-06-04.md,documentation,3539,4179c7cbdbbbfec27509b8d354d61bacbc31197f384af90cf75eae221e20c3f8
docs/operations-manuals/manuals/fen/COK-FEN-06-05.md,documentation,3539,05c2e08d719512a9fee7e98b3514e0a24d21db378ea64bb2924864e2187d4d8c
docs/operations-manuals/manuals/fen/COK-FEN-06-06.md,documentation,3539,b601cb5a8789838631fc315e933cca7c29dd36021208e9335fe60da780782b88
docs/operations-manuals/manuals/fen/COK-FEN-06-07.md,documentation,3539,49689d54cca90f4fc803ec4ad33298279348e1954cfcd31c8c96389b680a39dd
docs/operations-manuals/manuals/fen/COK-FEN-06-08.md,documentation,3587,020fe1cfefe1e4695b7c7f219effb576dec7fadefb513df681ec9add01350a72
docs/operations-manuals/manuals/fen/COK-FEN-06-09.md,documentation,3548,81802beb92c2cec410157ca9f5d94783244137938e740416147b336da976faaf
docs/operations-manuals/manuals/fen/COK-FEN-06-10.md,documentation,3539,6e95f7a507e0b651d56ef3e76920a67d56b12b5121abf459c210b6b5c019b0ca
docs/operations-manuals/manuals/fen/COK-FEN-07-01.md,documentation,3530,3858bcf15e98621786774da22cf0e4e5315bcdcdc8e614327a02d06afaa11444
docs/operations-manuals/manuals/fen/COK-FEN-07-02.md,documentation,3530,59c1805975785c64ef86130566800a8679d89b2d9cb10ff37c7adab73fbb5f4b
docs/operations-manuals/manuals/fen/COK-FEN-07-03.md,documentation,3548,ce806692f016f4648ddd59fb19db140641d63b589d8a5d708957ae21eb0af910
docs/operations-manuals/manuals/fen/COK-FEN-07-04.md,documentation,3530,0415ea87031f31dccc033327947baac5d6df65fb4bac48484378c0afaef61643
docs/operations-manuals/manuals/fen/COK-FEN-07-05.md,documentation,3530,f91436ae267913886ebb7aef8ca01769d936ee125fcfab22379406b181000072
docs/operations-manuals/manuals/fen/COK-FEN-07-06.md,documentation,3530,a6141a9ae6223547bf2623df2b44f024baedd95f3397aecd7aff6c9eb7935365
docs/operations-manuals/manuals/fen/COK-FEN-07-07.md,documentation,3530,3249e2d14daa53de5821a3585b427515d023ea190c00a17e85498c9923b44598
docs/operations-manuals/manuals/fen/COK-FEN-07-08.md,documentation,3578,952cb7064d6738720ebfb0cc200b8c8a4536be026afff3ccf38b523a39920b66
docs/operations-manuals/manuals/fen/COK-FEN-07-09.md,documentation,3539,5d633dfbd4d2f129a7de8da4773df1f1bb5e8acdc6b4376eee3d768c8ff65fd9
docs/operations-manuals/manuals/fen/COK-FEN-07-10.md,documentation,3530,751b834bbfc79d73e6378477407a5d62f1a84da803fcd62192539f2537a37377
docs/operations-manuals/manuals/fen/COK-FEN-08-01.md,documentation,3539,bc85f76b6a6d8e758f5d63246130c19312baf48935d00c03e474fa0657700694
docs/operations-manuals/manuals/fen/COK-FEN-08-02.md,documentation,3539,df449ca26987a1cd6c70a0c1db2d2ce2ef858b6e1e8009549964f1209df1976d
docs/operations-manuals/manuals/fen/COK-FEN-08-03.md,documentation,3557,5fcc8c25bb8dfd43590be7550dd6aa8cfc45018f62a62f05b8b5e307b606b320
docs/operations-manuals/manuals/fen/COK-FEN-08-04.md,documentation,3539,841cc01b43d0594008587b5243dc333d6bb1408d8eb9a1a89f22921627a79d77
docs/operations-manuals/manuals/fen/COK-FEN-08-05.md,documentation,3539,c4e967a4beff070fa7e14c179b71a0ac038226ce06fe1bb9d004403800d32c45
docs/operations-manuals/manuals/fen/COK-FEN-08-06.md,documentation,3539,cd163ee8b78c71454e22bef90d87d538e7dbe415ecd0f72acf26f2e6af98372d
docs/operations-manuals/manuals/fen/COK-FEN-08-07.md,documentation,3539,154eda57070e78ef94f606b49ae0440d845d79eda2efb15a936c44212f099c3a
docs/operations-manuals/manuals/fen/COK-FEN-08-08.md,documentation,3587,0348693c2da30b33da9423914cf01b237d51142d243e609b6dac3f77d575f5d6
docs/operations-manuals/manuals/fen/COK-FEN-08-09.md,documentation,3548,ab05728227e55d59340eaefbd8e0ad48b626f1adf24e782b3e70af04abd746be
docs/operations-manuals/manuals/fen/COK-FEN-08-10.md,documentation,3539,f2b7a82c8b9037fdf1e02b94a17c08009af13a87b0ba6a40eefc646fa7102801
docs/operations-manuals/manuals/fen/COK-FEN-09-01.md,documentation,3509,2d7bf175a6d3ff388a0dab8bc4fd3d542f347598d05c027cd6790672ca7c96fd
docs/operations-manuals/manuals/fen/COK-FEN-09-02.md,documentation,3509,723e6b987f92673bd226da391730808779df9ffb122b19fd3af0059aa71e00d5
docs/operations-manuals/manuals/fen/COK-FEN-09-03.md,documentation,3527,5ca006da66232d91a180f04c8132b264650437aa64918f8a11a5ec2bfc8145c8
docs/operations-manuals/manuals/fen/COK-FEN-09-04.md,documentation,3509,3df42a388c64d5ee32e7e4b7d74f2a5762d237e74dd666de39683ce0afd9ab0c
docs/operations-manuals/manuals/fen/COK-FEN-09-05.md,documentation,3509,47db1e7b5631c5adda73d06f4c2344138e2622c42cf8b8a773e1c8f9f9713ee0
docs/operations-manuals/manuals/fen/COK-FEN-09-06.md,documentation,3509,308045ff7b4ca0d2145a9d3909e3a9bc3790feabfd16a3e512eb3b72eb32d59e
docs/operations-manuals/manuals/fen/COK-FEN-09-07.md,documentation,3509,28c5563937985b787f9388bc72a229d5528db1301e9a160dac6610171a3a34cc
docs/operations-manuals/manuals/fen/COK-FEN-09-08.md,documentation,3557,1db15da498bd98e5856c0bf125bf75fc8db663d14d4be588c897b01f374444ab
docs/operations-manuals/manuals/fen/COK-FEN-09-09.md,documentation,3518,36c231e480f65b0533b58b9651d8935382256888c8e560f1adf533c4fbd14ce4
docs/operations-manuals/manuals/fen/COK-FEN-09-10.md,documentation,3509,df3846c8b8807a915c03fa1f4edd9c59e7c2a04ca6f4f5cf2a6168f3e8e3911a
docs/operations-manuals/manuals/fen/COK-FEN-10-01.md,documentation,3539,89197d7d61187da35c8da238186e702ca4656794372c2db372314df28c23d274
docs/operations-manuals/manuals/fen/COK-FEN-10-02.md,documentation,3539,ef83ca7220edadac8e3c98a5dbc170f77620872d047195e83bba696c6da1deda
docs/operations-manuals/manuals/fen/COK-FEN-10-03.md,documentation,3557,59851aae9f319173a8aa1b883d9eb48b564c962395136874510b24e11248271b
docs/operations-manuals/manuals/fen/COK-FEN-10-04.md,documentation,3539,d14adab80c1be164a2fa58500462c161e2e00a91a5a8ec6888c5be15033d0b87
docs/operations-manuals/manuals/fen/COK-FEN-10-05.md,documentation,3539,a3566af81d45ddfcd7c1c93e039ee711a7dc4631b9cc186abe096f2c8de1f741
docs/operations-manuals/manuals/fen/COK-FEN-10-06.md,documentation,3539,743564d7a39bc350a0708d5403b38027c215d9e3337780e9fbe01e73b9651e86
docs/operations-manuals/manuals/fen/COK-FEN-10-07.md,documentation,3539,e63428895f76721e465112135d3c7aeec85e9650b47bf1744c7764a27c52738e
docs/operations-manuals/manuals/fen/COK-FEN-10-08.md,documentation,3587,ffb83bd382a3e2e31c9a257bc3957022a644ddfd27aa8c6ef7db2059c698da12
docs/operations-manuals/manuals/fen/COK-FEN-10-09.md,documentation,3548,1366a900c20f59b539e29f01558665cfcdb33f5c7cb836af168d936405daab1a
docs/operations-manuals/manuals/fen/COK-FEN-10-10.md,documentation,3539,90c4796dab91348a0e8cbd15dfa617ded3fd9a90372c321d9d7ed2e752a813e1
docs/operations-manuals/manuals/fin/COK-FIN-01-01.md,documentation,3530,edf5f3453eb7d632329a2083090f65f3ab42ffb4052454ec87030c52c0e9c256
docs/operations-manuals/manuals/fin/COK-FIN-01-02.md,documentation,3530,2fd623c631a3067a5c84c61fd2b0cb6c227953d4690213285f69a9fd1dec8ef8
docs/operations-manuals/manuals/fin/COK-FIN-01-03.md,documentation,3548,80211bd1e00cc9c0d09465ada540bcbd6a1e8e4137ca0d5b61b00d7764246d8c
docs/operations-manuals/manuals/fin/COK-FIN-01-04.md,documentation,3530,d94c820713dcb5df58a5ae10030821c4c7e92424100313fc6895594b32bd90fc
docs/operations-manuals/manuals/fin/COK-FIN-01-05.md,documentation,3530,c69aff083beddcef592e71060cfef891d8ab531b5aac9b6353afaf4b5c5b3e0a
docs/operations-manuals/manuals/fin/COK-FIN-01-06.md,documentation,3530,8b5590f61f48a0d82319a88455b4dd73191e34e200ed9b46718d94a2388e0d95
docs/operations-manuals/manuals/fin/COK-FIN-01-07.md,documentation,3530,e564e3cc04f2c9bbfb2bd2d9a542e0292625d7bc0b2c74cee2ce30bfcf6847b6
docs/operations-manuals/manuals/fin/COK-FIN-01-08.md,documentation,3578,647951f9aee3e81ff7554e1a8a75ce60120eb7a0589b066778833a2f2adf82c1
docs/operations-manuals/manuals/fin/COK-FIN-01-09.md,documentation,3539,fff585b6ffad73bd3a1433fc642944cd3441ae54bfe381d55870bb64cc8f53c8
docs/operations-manuals/manuals/fin/COK-FIN-01-10.md,documentation,3530,3375af6ea3371d70669e95feba6064910b479445655020a37c4ba40201e617d5
docs/operations-manuals/manuals/fin/COK-FIN-02-01.md,documentation,3530,a0f583f20d16a59d73dff97fba4954d039ccfb873b1ad94bc98ecb50d0bedd82
docs/operations-manuals/manuals/fin/COK-FIN-02-02.md,documentation,3530,d6180ea73fedb47e50e2421b5bd0ca203d4cac9854815ea9de4282a389fbf9ce
docs/operations-manuals/manuals/fin/COK-FIN-02-03.md,documentation,3548,327dcdd50971b1f31ecfa7e61ff7c7acd16e3bf1bdabaa60e712bdf50ef09854
docs/operations-manuals/manuals/fin/COK-FIN-02-04.md,documentation,3530,6d8dbdd0b43130bbfa6c13426815592f5a4badd5de612f005f1df0a1c4a11f74
docs/operations-manuals/manuals/fin/COK-FIN-02-05.md,documentation,3530,1479ab33811679acb28cfc4970ec56c9adf94e91644d2bc72879cf5483b85ad0
docs/operations-manuals/manuals/fin/COK-FIN-02-06.md,documentation,3530,4572f374584ec17af6f2fde3d0aeaa6463c653e3acaa7cad730361fc7a77da94
docs/operations-manuals/manuals/fin/COK-FIN-02-07.md,documentation,3530,679425c07fb1702c558359c8a6601067a7335ce012b85c1a18c8e15ded0b238d
docs/operations-manuals/manuals/fin/COK-FIN-02-08.md,documentation,3578,9fc6ba77db2907d9c954f4a5b62ef8cd3701559b4b46b2e304ebce32db632725
docs/operations-manuals/manuals/fin/COK-FIN-02-09.md,documentation,3539,e28f35de91c747b9aa3aa4ecb7c8b2cde189d6d122c0d54d39048af2e9bfc2e7
docs/operations-manuals/manuals/fin/COK-FIN-02-10.md,documentation,3530,ec43c960a87a480556c7ad5e6f105340291081d2f7f7acbf9a1b012e0ccf0a63
docs/operations-manuals/manuals/fin/COK-FIN-03-01.md,documentation,3530,50b28d54dc5b552f1a1d63faa2c86fe23992405ec19bc77cfa1018e78f50f6bc
docs/operations-manuals/manuals/fin/COK-FIN-03-02.md,documentation,3530,ec6f91dce423a45d6d1d5b6b6f84efd7f6dfce8f43945675ef7bab242dc213cc
docs/operations-manuals/manuals/fin/COK-FIN-03-03.md,documentation,3548,25986794500f1790249bd4e045a58a43056722570114c3a8fc536fc7f1f00fba
docs/operations-manuals/manuals/fin/COK-FIN-03-04.md,documentation,3530,256be0374ec1654fcdf8297ef9969c3072daceb72af04dc45867986c912fba39
docs/operations-manuals/manuals/fin/COK-FIN-03-05.md,documentation,3530,475910b7218cd2cdd89559466913ebe2546f5e094cbbaaee960486fed25ec28f
docs/operations-manuals/manuals/fin/COK-FIN-03-06.md,documentation,3530,7de2cd3a8c36e5f9bd18fdee6d8847d712e83bf9560a0832162f8addf5ac5ff4
docs/operations-manuals/manuals/fin/COK-FIN-03-07.md,documentation,3530,84597c04d4176e139084c4c3f0238cd01670a29bc399dff10da3534ea358787a
docs/operations-manuals/manuals/fin/COK-FIN-03-08.md,documentation,3578,77f3184e6aa4c1046cbfdf31cfa461e26c4bfbd16c240e1d41581e2343364348
docs/operations-manuals/manuals/fin/COK-FIN-03-09.md,documentation,3539,a593037b725f89079a2df22df3659f43b6de507a57c77a160860eb14b0a31d4d
docs/operations-manuals/manuals/fin/COK-FIN-03-10.md,documentation,3530,f27b9324c0cb01b94c53843aa9df6ac696f6cda85091ca518918ec577b1ccbdd
docs/operations-manuals/manuals/fin/COK-FIN-04-01.md,documentation,3539,5803e0dc513be296670207ae9aaf6c55e81a2abf3dca3775150e3911e439d612
docs/operations-manuals/manuals/fin/COK-FIN-04-02.md,documentation,3539,e88c690e58354500f0241ad84cd18754a4fcf46df165be7f137ae4111a64bfd2
docs/operations-manuals/manuals/fin/COK-FIN-04-03.md,documentation,3557,e1897414723795d71d5ec2e40cb5a2a4138b06670b99e367c0a6a10189c38e26
docs/operations-manuals/manuals/fin/COK-FIN-04-04.md,documentation,3539,f4a5e5c5112eec01397094242487e67cda5c3b5ff5d592cb194d5702bc338c96
docs/operations-manuals/manuals/fin/COK-FIN-04-05.md,documentation,3539,38d9209150fb4d9f88939aa4b7abc0986a95e0287d23d3e3549157c848cdfadb
docs/operations-manuals/manuals/fin/COK-FIN-04-06.md,documentation,3539,f0098aa8b46b780a700331d61d9f7b2e6fd4a1b13f463be33f1b94ca3b88f503
docs/operations-manuals/manuals/fin/COK-FIN-04-07.md,documentation,3539,50258485c12e1880df4deff5944b0c6782ce38b3f3fd2af040b024334665b8bb
docs/operations-manuals/manuals/fin/COK-FIN-04-08.md,documentation,3587,159ed261d5cacc19a01d9b373b5c7fdd810ee706fdc075c3e6d236072cfeee91
docs/operations-manuals/manuals/fin/COK-FIN-04-09.md,documentation,3548,78c85d29d8af56c096dfcbef003d206a34379cbe6927eb8cad9059a3009176d8
docs/operations-manuals/manuals/fin/COK-FIN-04-10.md,documentation,3539,8fc532f14f6fffd3bf4a7478188a7561dd4713c7e136085f34c914b7d546e90b
docs/operations-manuals/manuals/fin/COK-FIN-05-01.md,documentation,3521,d3ceabb68f7eb4dfdee67655b7b89bb0f7452e7a085fd96b3de1e597fce3ab21
docs/operations-manuals/manuals/fin/COK-FIN-05-02.md,documentation,3521,1ed0e06f1f36b4732539dd80e95336865dbac9d0924afd412f85c4be025027d4
docs/operations-manuals/manuals/fin/COK-FIN-05-03.md,documentation,3539,fd03f4d8495f5b866b62fcd2d7932c06164db7498864fc0a0be494afec08654e
docs/operations-manuals/manuals/fin/COK-FIN-05-04.md,documentation,3521,bd5a9c3525b0298a24154dbb28d6cf3bdade61b3b4a3334174468e566b155718
docs/operations-manuals/manuals/fin/COK-FIN-05-05.md,documentation,3521,380818a15354ea0d61b010fd1222552ef05c45983f18f7e54a146d7ddc5830b5
docs/operations-manuals/manuals/fin/COK-FIN-05-06.md,documentation,3521,97820dd334e9298ae12b95eba3ced52960462e111c5c7699a8799005080e2716
docs/operations-manuals/manuals/fin/COK-FIN-05-07.md,documentation,3521,ff595b58e48dad6762ea52bf329538d70d81bae466189c63eccb22c48cbdca24
docs/operations-manuals/manuals/fin/COK-FIN-05-08.md,documentation,3569,65f053c7320f3ea94d481e7303a21b8114487a80e66301e31ce49f2e5f18b5e8
docs/operations-manuals/manuals/fin/COK-FIN-05-09.md,documentation,3530,029929f26fdb45e0facce99eaa94ea0e8286a1da9bf768a208ea38f9f6cdb88f
docs/operations-manuals/manuals/fin/COK-FIN-05-10.md,documentation,3521,eaf8852c9bffe8351b74fe5f1f6b34fb6bf5404edfbe45f2dbeee16eb6b04064
docs/operations-manuals/manuals/fin/COK-FIN-06-01.md,documentation,3530,a79561e318162a1d628911de025b4e0477f2551e78a6fb276e8394705f185c8e
docs/operations-manuals/manuals/fin/COK-FIN-06-02.md,documentation,3530,11ecf0ded41fc7e8bff2dbc396e6017697f0b6c4085f6e2b00ffcc246bb913ff
docs/operations-manuals/manuals/fin/COK-FIN-06-03.md,documentation,3548,1163ed231077df0bd913eb0299d84c17360c55198ae24203ad3ff8c74eb47a83
docs/operations-manuals/manuals/fin/COK-FIN-06-04.md,documentation,3530,4f75e23b48bd76eacfa0f202c54e072fb1523216331ce74e8a44255949d69df6
docs/operations-manuals/manuals/fin/COK-FIN-06-05.md,documentation,3530,61188d4b0843710f14389b8ad94c1f5ac84e3f2cd2ad57d849a3b29954822b73
docs/operations-manuals/manuals/fin/COK-FIN-06-06.md,documentation,3530,3a48c3c52c2d82a57b743206ac82e045f4cb1d7c38cb7c034b1b8d2b7b11333e
docs/operations-manuals/manuals/fin/COK-FIN-06-07.md,documentation,3530,a7769bde04341f7520067fb4c6b0f98445e9c6f5641480a6240b155d0da3e88e
docs/operations-manuals/manuals/fin/COK-FIN-06-08.md,documentation,3578,9a1823790b26202b0fa715c49aa672ec73bcc407f98e33a0abed05d99b52e7fd
docs/operations-manuals/manuals/fin/COK-FIN-06-09.md,documentation,3539,f5da6c116922eff490e7593129941cab0c0f9b396fdd5b84c87e835b7ba440e3
docs/operations-manuals/manuals/fin/COK-FIN-06-10.md,documentation,3530,19563cb93645a21fbb7022e60734d17456d7fcf68a23dc50a9c07f8d094ac5f2
docs/operations-manuals/manuals/fin/COK-FIN-07-01.md,documentation,3530,6a2357d57432d710b19f9c316c3e52c3589208b57f0d3d76331b252ade7fe912
docs/operations-manuals/manuals/fin/COK-FIN-07-02.md,documentation,3530,e1bbdd3f7fde0a853f4def0bd2d18df5320fad0e1da39f0247ffb651447c085e
docs/operations-manuals/manuals/fin/COK-FIN-07-03.md,documentation,3548,2c87a5f98389b6a09a6b9cb91f4dc9a66848fe1bec09ced985ed844dbc0c8cd1
docs/operations-manuals/manuals/fin/COK-FIN-07-04.md,documentation,3530,598bad022e4dc9c85ab349d4adc723be59fdc895f37bb932700e5712fa79f02d
docs/operations-manuals/manuals/fin/COK-FIN-07-05.md,documentation,3530,0c345c8f4c4baebb9d558eea80ef42aeedc77cc91bff1de57e4027ee7e59a486
docs/operations-manuals/manuals/fin/COK-FIN-07-06.md,documentation,3530,343236f2736fb0c8094831033a7c9ee61b6f12654482f768895593a0c78ac40e
docs/operations-manuals/manuals/fin/COK-FIN-07-07.md,documentation,3530,adbd8a4ed80e87f470663abb1fcd83cee5038de5be242ab7c0409eefa65ba9b8
docs/operations-manuals/manuals/fin/COK-FIN-07-08.md,documentation,3578,ed7ab712a4a83ac432c503e2cfff4e06798ba1dd81c8a52ef3e5a7c9a73a0a5f
docs/operations-manuals/manuals/fin/COK-FIN-07-09.md,documentation,3539,9c10b18cd0ba10e8cd31d0cdd20fb3692470a98fc30584f7524da5c80b5674c1
docs/operations-manuals/manuals/fin/COK-FIN-07-10.md,documentation,3530,e862135d3b941af928132d18d0befc05c0db36037e3b96de9d8cff8159596296
docs/operations-manuals/manuals/fin/COK-FIN-08-01.md,documentation,3530,c893ad18372271ae88637afe7700762677b191b6898cb4a49678e22d08a0c137
docs/operations-manuals/manuals/fin/COK-FIN-08-02.md,documentation,3530,1ad8646f177400cf04bf7137c62dcb6aa57e3786128f71cf012f1c0aec4567ca
docs/operations-manuals/manuals/fin/COK-FIN-08-03.md,documentation,3548,7c3a1981e3ab0eea59c3b4434cf48daf71edb110f2f244c9f0c2fff829ca07cc
docs/operations-manuals/manuals/fin/COK-FIN-08-04.md,documentation,3530,e7e6a8c9b2fa8b40e150db0512102f32248578853ffd83ea4ec7f22282e29a2c
docs/operations-manuals/manuals/fin/COK-FIN-08-05.md,documentation,3530,f5860e3daef7b06394bdd66d8febc6c70e931f559fca52c761daf9cfd087c4e5
docs/operations-manuals/manuals/fin/COK-FIN-08-06.md,documentation,3530,e434b92ba143b7a449b92e902b749dc6a82665cd9c429452ee3c24f84a2abcb5
docs/operations-manuals/manuals/fin/COK-FIN-08-07.md,documentation,3530,383eb826b842c475c08a9d563a3ec1db30604ab729eae79bebd73b5058d3282f
docs/operations-manuals/manuals/fin/COK-FIN-08-08.md,documentation,3578,c379a32c84f39b88fa5b4344c2fd71b6893099fb46084f4d70de3f9e60a58b17
docs/operations-manuals/manuals/fin/COK-FIN-08-09.md,documentation,3539,ff7dcbb3785be3417bee12bfdd4465184d95abe0ae23535be0476f33f9b40215
docs/operations-manuals/manuals/fin/COK-FIN-08-10.md,documentation,3530,46cb2450239d25f1a7ed2c2c5bd2ffe2218c58751ecb4c74fdbf5bd12802582e
docs/operations-manuals/manuals/fin/COK-FIN-09-01.md,documentation,3509,b3de41558c1f7eda590b705a2999bc8a2fdd203d41f9e6f8a667a6a8e9843dd2
docs/operations-manuals/manuals/fin/COK-FIN-09-02.md,documentation,3509,7a2a5952a78ec2c8a18026eecd6af22d1ff14da6741b1af3d98e5101034ebc5d
docs/operations-manuals/manuals/fin/COK-FIN-09-03.md,documentation,3527,63fae6fa321569e6bc8a1becb4ced521a14c741d6042eae37c9dcf51581f93cf
docs/operations-manuals/manuals/fin/COK-FIN-09-04.md,documentation,3509,29d92b011587af4ec96523fa675a2959c6e2ade356cd5c1abab3cd2710f5b253
docs/operations-manuals/manuals/fin/COK-FIN-09-05.md,documentation,3509,ee7631a3a99a51cc6d023952d4970a19bc707e857a3cbad041b08924f551a4d2
docs/operations-manuals/manuals/fin/COK-FIN-09-06.md,documentation,3509,4ee0ba80b6dc922567b258555e9818ca5b33a3c75ecf202af34723af4dada37a
docs/operations-manuals/manuals/fin/COK-FIN-09-07.md,documentation,3509,029d9d12581e26ab51e5cf52fdb2f014641e2c452e79805da441d673bea8f6c4
docs/operations-manuals/manuals/fin/COK-FIN-09-08.md,documentation,3557,a61e869a95027ddcbcda6d3f37378a2c8bef3c206eb3d992d9f7206fc42e42e1
docs/operations-manuals/manuals/fin/COK-FIN-09-09.md,documentation,3518,8da7e5051e9a3a49ca02d0cbf0e98a93737cb448c3cbb4324b5019304f9e1984
docs/operations-manuals/manuals/fin/COK-FIN-09-10.md,documentation,3509,8b4f1d11c5d6e8e36ce4a2986ef86bf78f858791bf186968163b4586afcb632c
docs/operations-manuals/manuals/fin/COK-FIN-10-01.md,documentation,3530,9430086595dcb8a501b1e6ff75274a8d10acb6e7a0edd0271cc1c38b799350d9
docs/operations-manuals/manuals/fin/COK-FIN-10-02.md,documentation,3530,888cd01710dde63fc38cf8dec2cef982910c84da7bf3f02fb2ca835ee803dc28
docs/operations-manuals/manuals/fin/COK-FIN-10-03.md,documentation,3548,6cd67ef43aa70cd40949ecc5bed13e7eb484d0a4a68544f7ed789d0afa2765b3
docs/operations-manuals/manuals/fin/COK-FIN-10-04.md,documentation,3530,5a2ee75c63b8c09191d137f7c97160fd2f96b567b501ad2e3413552bdae1c1a2
docs/operations-manuals/manuals/fin/COK-FIN-10-05.md,documentation,3530,c2e336fdba4d9dbecd255a1c54ab756007280b3c04caa88c092eadb38b8514d7
docs/operations-manuals/manuals/fin/COK-FIN-10-06.md,documentation,3530,48c27e3a6ebf7c38c49f7413c4e75aa462aacac39bb48594c440789c0be032ab
docs/operations-manuals/manuals/fin/COK-FIN-10-07.md,documentation,3530,06945420a13de06be512707714a34189161ef57cbee7d6793220ab2b01f04f43
docs/operations-manuals/manuals/fin/COK-FIN-10-08.md,documentation,3578,85332c1109de663450d4121c76776a81db5fc7a09775b1046294b844b9ea947c
docs/operations-manuals/manuals/fin/COK-FIN-10-09.md,documentation,3539,b85685e4a36ec1e962f9317e607903fe775d21664a19d029a7373a5f862d457b
docs/operations-manuals/manuals/fin/COK-FIN-10-10.md,documentation,3530,5d11da1c68540fa1d41f8913f3a29ac47ce8787a35e761eb11e7e8e4681f4e21
docs/operations-manuals/manuals/gov/COK-GOV-01-01.md,documentation,3506,ef0a21a9e9cd3f867218148bf8f8922639851e1de95d50e03f69d7f6b46100b5
docs/operations-manuals/manuals/gov/COK-GOV-01-02.md,documentation,3506,e7a4410e84a3a55cf38ad09079e92682cfbb01be2ba5224281e3f88caf7b24d4
docs/operations-manuals/manuals/gov/COK-GOV-01-03.md,documentation,3524,c86b8351e04abdfb998dd088a80e4f0c0607999f6bc941d48971fb9382454f0c
docs/operations-manuals/manuals/gov/COK-GOV-01-04.md,documentation,3506,676a645aa388efdeecd2c3047a08f2ee64ff086a4d5cd396f0a85f2b01c9ffb0
docs/operations-manuals/manuals/gov/COK-GOV-01-05.md,documentation,3506,739266c27e439a188274a5a0ef12f2282d324e65ff83884f4009a5f95633827c
docs/operations-manuals/manuals/gov/COK-GOV-01-06.md,documentation,3506,2a656decd5bd39177a0388c46eeaa6af7cb6556e4493aa996dbd78cc6c344d9c
docs/operations-manuals/manuals/gov/COK-GOV-01-07.md,documentation,3506,add51b07c5412b7fc9809243ba77e263690c27258f3a635aa243cc83b9221167
docs/operations-manuals/manuals/gov/COK-GOV-01-08.md,documentation,3554,8bb49c4f105d57845fd7811831472c34e9826ba486d0e36725c4c692d4b45a10
docs/operations-manuals/manuals/gov/COK-GOV-01-09.md,documentation,3515,99af37a4df5f4d119bbe142f4c779cd3c10dca7d4bac46070e6bc948b7721bbf
docs/operations-manuals/manuals/gov/COK-GOV-01-10.md,documentation,3506,694fc4800363442c992fad30029d692cb660e331391eac2ddeafb2d70ee1d7d6
docs/operations-manuals/manuals/gov/COK-GOV-02-01.md,documentation,3506,3c548634f69e7f5568df9b535d11f18a1321b269e71f76b14ea9795ffef58c05
docs/operations-manuals/manuals/gov/COK-GOV-02-02.md,documentation,3506,a4027f3d9c374accb4e31467f71ca99e396ab220ea9e059cca77c1cfc3111f0a
docs/operations-manuals/manuals/gov/COK-GOV-02-03.md,documentation,3524,5c7a2bae791b9925718d0d95c8868e16b90008f74ccc51cc51ac6f90666fbdfa
docs/operations-manuals/manuals/gov/COK-GOV-02-04.md,documentation,3506,f5a62e2149de4ffe89e64683a0a3626e7083fd88f9bffa89ac7b4856f423039a
docs/operations-manuals/manuals/gov/COK-GOV-02-05.md,documentation,3506,ae90eec3ba50d036405620d41ed23bdf91b5f44e1a213f8bc65fbec65ea9a89d
docs/operations-manuals/manuals/gov/COK-GOV-02-06.md,documentation,3506,0fa5088b9e3d240f24486b8231446cc4117ba988d7f8df9be867844872dba07a
docs/operations-manuals/manuals/gov/COK-GOV-02-07.md,documentation,3506,00abb6254723fb358d8191a377947cc236474d1fa5abf7aa002e5f10ea7c4ffe
docs/operations-manuals/manuals/gov/COK-GOV-02-08.md,documentation,3554,9a65cd9591b25a80aa72f17e3432cd70b5b4a9e4d3b830a16d3cd2871f3f5e86
docs/operations-manuals/manuals/gov/COK-GOV-02-09.md,documentation,3515,7df5c4587eb8d7fd7f59cadf4d769476306264c7044bb59469885d7156b9dc51
docs/operations-manuals/manuals/gov/COK-GOV-02-10.md,documentation,3506,1142b966f82e45bb927c60991b9200c8d5a9250db071df142a393dcf3ded4f0b
docs/operations-manuals/manuals/gov/COK-GOV-03-01.md,documentation,3506,6851e5c58006e76fe6db2166d2ff9133dc110b9036062abdda0c50054ba9a3ee
docs/operations-manuals/manuals/gov/COK-GOV-03-02.md,documentation,3506,38522959c6f23dff7b0e93f419076d5a7be31236aed2b3c1db077251b4fc6ab3
docs/operations-manuals/manuals/gov/COK-GOV-03-03.md,documentation,3524,b6917b2f54437293530d09b0ab6e312cc8c588df41f7a886e7c8aa8948c551fb
docs/operations-manuals/manuals/gov/COK-GOV-03-04.md,documentation,3506,656da9ae00cbe04e49a41fb3ce8293b33efa35120ca6b3b88df626e54e90ab4c
docs/operations-manuals/manuals/gov/COK-GOV-03-05.md,documentation,3506,d64bc322b025f2c93fda47cbfd0b2aba79005160025162435a24deecdebfc4e2
docs/operations-manuals/manuals/gov/COK-GOV-03-06.md,documentation,3506,7912f69b28b380379e3291738f710d174f11886ca4de4ce4e64c2fbd3a5647f5
docs/operations-manuals/manuals/gov/COK-GOV-03-07.md,documentation,3506,0aa25bb7584194c92563f9381dbe85fe4eee9beebedbe47fff5bba64da6e101a
docs/operations-manuals/manuals/gov/COK-GOV-03-08.md,documentation,3554,3ce26db143c1e6c7f32a52b58308c4976556979e5c8df6f719278554a177f92c
docs/operations-manuals/manuals/gov/COK-GOV-03-09.md,documentation,3515,532bd25587d497b6a02aaf20207d1efd5a212099f7351034c09ee7e3c9cba2d0
docs/operations-manuals/manuals/gov/COK-GOV-03-10.md,documentation,3506,94cb5cf72725bf6c185cea47582180c88fc1663aa21fcf11e0dfa2386d8fd070
docs/operations-manuals/manuals/gov/COK-GOV-04-01.md,documentation,3506,2c7720588e48911cd7e46dec060181da6ddf87247882f48b50a707fcd5201963
docs/operations-manuals/manuals/gov/COK-GOV-04-02.md,documentation,3506,f9b4386ac5a9ed562882982d97585d45c32272e90376d792684f94fb64cbf95d
docs/operations-manuals/manuals/gov/COK-GOV-04-03.md,documentation,3524,f1b0f3a84fc837ff44376fd798d9b239cff1eb3eb8bda8385583533303491151
docs/operations-manuals/manuals/gov/COK-GOV-04-04.md,documentation,3506,c5d33601b821d8614fa58ea1741356909cf433c2bb35e69584d412be5ea99ae2
docs/operations-manuals/manuals/gov/COK-GOV-04-05.md,documentation,3506,07e30a9b76f5da8438ddfceab6a69a3a96cf4de7d7de72349cf6d46b167b810a
docs/operations-manuals/manuals/gov/COK-GOV-04-06.md,documentation,3506,7b48ddf1ac4e30341e2299c6ff4aaeccf0b16a95f9360eb95f74f120a96b3f1b
docs/operations-manuals/manuals/gov/COK-GOV-04-07.md,documentation,3506,899b89f72ca1626142d72224652b30c7882bac0794c98a040bc32bf3b783e70f
docs/operations-manuals/manuals/gov/COK-GOV-04-08.md,documentation,3554,e34452a5a0fcbf6fd479f3062d7775dd3fe527845f009ab041678ed98942beb8
docs/operations-manuals/manuals/gov/COK-GOV-04-09.md,documentation,3515,3d76560e68878881a3ea5cd1bccc55ba4594349b006347f945055e64101941d5
docs/operations-manuals/manuals/gov/COK-GOV-04-10.md,documentation,3506,39d476c1ae6baa1478ca8660c32a5f2d123147628d6f0cc7ef800c82760b5348
docs/operations-manuals/manuals/gov/COK-GOV-05-01.md,documentation,3503,ea8f5e315169d6c07ce2f3152b06fc59c85dad3f8cac91ccd93dbbdc51159121
docs/operations-manuals/manuals/gov/COK-GOV-05-02.md,documentation,3503,b30c1290b02ffcc2a81fb4b69fb4b6d0fcc94675b444691a859e1ddf051b6dba
docs/operations-manuals/manuals/gov/COK-GOV-05-03.md,documentation,3521,98fdf6b83e6b6a0885b139b268d0780d523d2d5795d7362b8b52c2520d702cd4
docs/operations-manuals/manuals/gov/COK-GOV-05-04.md,documentation,3503,8eda316df3f07aa7ad35a44479f6677a94fbad71a1dc1d446f5db1cc0783aa87
docs/operations-manuals/manuals/gov/COK-GOV-05-05.md,documentation,3503,3db75d96b0bbbd9611600d8c1b0d957c7db777f33e36938198bf79a02bd5d1cc
docs/operations-manuals/manuals/gov/COK-GOV-05-06.md,documentation,3503,58da32451c03881ac43c306c42400e259e9d7e312bcde4b4395f516f14b7abd3
docs/operations-manuals/manuals/gov/COK-GOV-05-07.md,documentation,3503,4f2f0f4e6e8f4dc93ef1eae7e632854a775fd927036ad18890b670725feea520
docs/operations-manuals/manuals/gov/COK-GOV-05-08.md,documentation,3551,def1aa5a3f6758172d8b07f477d4b480ddf1d545b86fce11a27d6823882876d1
docs/operations-manuals/manuals/gov/COK-GOV-05-09.md,documentation,3512,12452e66a5789a4aa5509f7e413fb79f0462db76e576ae2644ffcd6165cfe89d
docs/operations-manuals/manuals/gov/COK-GOV-05-10.md,documentation,3503,91946e8d33e3799fee69459e650d79ed195248a6cf527fd59b83252d7eb17b6a
docs/operations-manuals/manuals/gov/COK-GOV-06-01.md,documentation,3512,fb8b2cd899b68f26a0d266f0460428e80db84348c0c8c57613a3a65427b5726d
docs/operations-manuals/manuals/gov/COK-GOV-06-02.md,documentation,3512,8f870c7f7882822069f1b78671a9985fc5f404972208d27b22b1a4deb88b6f5f
docs/operations-manuals/manuals/gov/COK-GOV-06-03.md,documentation,3530,a3b53bf51063bf3844e4c5fcaf1e1296769a67984a56c784d7823b8861dba63a
docs/operations-manuals/manuals/gov/COK-GOV-06-04.md,documentation,3512,5c386855cead8dc817c23b263b519321b658d15dbf0fce1550d22a7e5a12bc8a
docs/operations-manuals/manuals/gov/COK-GOV-06-05.md,documentation,3512,f8d1b401b56961f0249612ecc0e02575d13b9dd96ad763dc3a2d7584c293a375
docs/operations-manuals/manuals/gov/COK-GOV-06-06.md,documentation,3512,308695ab532bac862cbc4698ae95dc16cc11274bf0abeaeb7d088d94e0494a5c
docs/operations-manuals/manuals/gov/COK-GOV-06-07.md,documentation,3512,efca45a11ac84d9045fbd82468f157a34eef329d429502f325a32631a3359a96
docs/operations-manuals/manuals/gov/COK-GOV-06-08.md,documentation,3560,c22a686f3163de8a9a0cdca8613c4790bb66f799cbb39e5ca7d622ee0f4f4105
docs/operations-manuals/manuals/gov/COK-GOV-06-09.md,documentation,3521,f3f091f0467d98baec1791e5198adc8fc4af44ce582fe1e4b810132e48447a0d
docs/operations-manuals/manuals/gov/COK-GOV-06-10.md,documentation,3512,e94133fe34cdebf917f6bc3f8dd354528d28722cd48a517b19f3cc8c823a12d3
docs/operations-manuals/manuals/gov/COK-GOV-07-01.md,documentation,3494,6b562030168d7f3559a420d9b590864d3d0ba07234e821a8dd461c821f0872c2
docs/operations-manuals/manuals/gov/COK-GOV-07-02.md,documentation,3494,452bfad56e89d3c8a6658fb614d3db7f06ee63d41b6d375c267f762063a8d0ae
docs/operations-manuals/manuals/gov/COK-GOV-07-03.md,documentation,3512,7145b663f1534613ee252a88eb72a2b5e7629336d895b1646454d07ae4a1b3d9
docs/operations-manuals/manuals/gov/COK-GOV-07-04.md,documentation,3494,0d60f33d597c9dcb314a5229aefd3766e6bd965af6282b17a766be49ba05f174
docs/operations-manuals/manuals/gov/COK-GOV-07-05.md,documentation,3494,e60ea895b21630c1e99da7b18b24edb9eefc6012d13b8d98ca7c8604e3eaab5d
docs/operations-manuals/manuals/gov/COK-GOV-07-06.md,documentation,3494,80db7e7e0d3fda4e24fa3c51edd9db5f356f240365acf499f3e53231b138103b
docs/operations-manuals/manuals/gov/COK-GOV-07-07.md,documentation,3494,866facae427f15764b5c6260e1e40e2e3c031da446dd776f7883d4da101c507c
docs/operations-manuals/manuals/gov/COK-GOV-07-08.md,documentation,3542,5f224a1e0341e0cd7e55925e1ce808e12ca6b82ef42eac323ea3733740652020
docs/operations-manuals/manuals/gov/COK-GOV-07-09.md,documentation,3503,cfa5d37db2f9da6dc68c6b6f592fa64108746d51788313ef404d86262b36eabd
docs/operations-manuals/manuals/gov/COK-GOV-07-10.md,documentation,3494,9567d72731859ccf9867aa58301ac4bb8f269bb5904d27fd174b6b1e48fc9bb5
docs/operations-manuals/manuals/gov/COK-GOV-08-01.md,documentation,3494,4e17a45ad9ae5f902eb75aae02927b27837474248bca031dfd3b0ba1e7b160b3
docs/operations-manuals/manuals/gov/COK-GOV-08-02.md,documentation,3494,de3990bba83306c2b7039f7dfd0e8cd29ee51fffd8c9b73b01ca88b074f98029
docs/operations-manuals/manuals/gov/COK-GOV-08-03.md,documentation,3512,53380bff06d9b1dff4c2346e17b370ebdf3e9142cff1fa6b78f85add1f1a0554
docs/operations-manuals/manuals/gov/COK-GOV-08-04.md,documentation,3494,7ee7b2dd4a380d74d4cd0f893fb2caea3571f05ffa756a81fbb78655af23493a
docs/operations-manuals/manuals/gov/COK-GOV-08-05.md,documentation,3494,35578ea5b5692830c729816f925fedeafeb66ab317dd7845358b13206941dfe2
docs/operations-manuals/manuals/gov/COK-GOV-08-06.md,documentation,3494,d43f555c9b84b5ac89f60814a1b56a07de9c13f4756dc2304b66d65eba4ce277
docs/operations-manuals/manuals/gov/COK-GOV-08-07.md,documentation,3494,0a2cf82c23d678e04c6a33dd9a11aeefe826406a6cf8d0a90316e5820e0f0856
docs/operations-manuals/manuals/gov/COK-GOV-08-08.md,documentation,3542,890bc0f844f0ca4ca6b637d473b5db85da6943f7bd653f4c8261ceff267c0585
docs/operations-manuals/manuals/gov/COK-GOV-08-09.md,documentation,3503,39d6bec892de25e3a4295a0849bc24324d77ceb3d90271e0975d1b418ab746d9
docs/operations-manuals/manuals/gov/COK-GOV-08-10.md,documentation,3494,f4ce723491dbb0fcefa9e557d3842f332db0ce821fb0208d7dc8d46822557d46
docs/operations-manuals/manuals/gov/COK-GOV-09-01.md,documentation,3506,1a60902a08232e27d4bf6a0e1c21d3c8539f9b881336fa20f0b0f9cfc28e6097
docs/operations-manuals/manuals/gov/COK-GOV-09-02.md,documentation,3506,90f0f6e38c3590a24203b1410dfd19df80231d0412450e29f47039d35269cc08
docs/operations-manuals/manuals/gov/COK-GOV-09-03.md,documentation,3524,719c1e9e81c637a499eece132032640d22885671a7c4a5a260526c9914d81487
docs/operations-manuals/manuals/gov/COK-GOV-09-04.md,documentation,3506,e206729a55b5c2e35c2c193c7ae712278b52546fb80529dec9cb72d6435abdaa
docs/operations-manuals/manuals/gov/COK-GOV-09-05.md,documentation,3506,45082a044342d945ba3987f3f0d68aa07fe6ff3eb5b313b3b0474629bd1b7655
docs/operations-manuals/manuals/gov/COK-GOV-09-06.md,documentation,3506,4c44665418d936d1e1044033270eca76d323522c0e86b197bdfd60d8025cdd7d
docs/operations-manuals/manuals/gov/COK-GOV-09-07.md,documentation,3506,d09b429042a6394dcb4e4441f3b98600d35639d2b99fd3bbed76776cc3e43e7c
docs/operations-manuals/manuals/gov/COK-GOV-09-08.md,documentation,3554,e8794d715be064d1b29287aa78c5f10601a058311a2650160c3af933d7852ae2
docs/operations-manuals/manuals/gov/COK-GOV-09-09.md,documentation,3515,c4c809da4515cfd46938d964d3921061b27029ffdb98aa5930fb53e29fa92929
docs/operations-manuals/manuals/gov/COK-GOV-09-10.md,documentation,3506,71cc31f7b1e6156d49b407e54cd2a4679a5dd06e9faf8d4073af7ceb46e55f11
docs/operations-manuals/manuals/gov/COK-GOV-10-01.md,documentation,3506,0b98089929abfa28917b9f8288dcc8cd09ecc7acbd833083fca543a5193efb85
docs/operations-manuals/manuals/gov/COK-GOV-10-02.md,documentation,3506,87e004d92b36df87df4cfdddfc5a1da61b263a4080a8cf0042e884329ca40b3a
docs/operations-manuals/manuals/gov/COK-GOV-10-03.md,documentation,3524,c7e6cea0fd13eb47a5b1dcbcd817fe07b8c344640320140166aaebce8a9c47ce
docs/operations-manuals/manuals/gov/COK-GOV-10-04.md,documentation,3506,94dbecddac64d7839dbc0790920c579e23f23775d4b38ea99596816b0714c548
docs/operations-manuals/manuals/gov/COK-GOV-10-05.md,documentation,3506,8613dda11b6fa868e327dc9ec42480dc98fa91040cc49a744b062536a5dd2f5e
docs/operations-manuals/manuals/gov/COK-GOV-10-06.md,documentation,3506,e5b31c6d61484a7365c075320dce95877c17449e5a6bcc8d67bcf855994ec01c
docs/operations-manuals/manuals/gov/COK-GOV-10-07.md,documentation,3506,7f89734c3b85683a9ec35eec1f7bfd131a310cb5d7437666f7eb9379e5543b71
docs/operations-manuals/manuals/gov/COK-GOV-10-08.md,documentation,3554,6afd8abba25cd9be684b45cfb9e7a35ed848e9aa5969de7d9e29c8a7086da698
docs/operations-manuals/manuals/gov/COK-GOV-10-09.md,documentation,3515,49212344b403945745aa66560e74113961d4ddc04fc5fb7e93954674ab7a9b80
docs/operations-manuals/manuals/gov/COK-GOV-10-10.md,documentation,3506,20f4dec95f47e2ba5c7effd73dfa1641aa39a9043105b9dcf14268801c246092
docs/operations-manuals/manuals/grw/COK-GRW-01-01.md,documentation,3512,f89281ec6b675f22f5ec506043b1042a0aeb25583d424f73d3665cba2ca37037
docs/operations-manuals/manuals/grw/COK-GRW-01-02.md,documentation,3512,da0294466aaa14a92f4904ef29e0b15dc7a48aab65e5590e87783d070f685498
docs/operations-manuals/manuals/grw/COK-GRW-01-03.md,documentation,3530,7e21a103bf51b8cf5fc80ae81e5ffe8a1a33364b3063b96ab303d393b8c2162a
docs/operations-manuals/manuals/grw/COK-GRW-01-04.md,documentation,3512,d177ddd7549adfadaf56964d1c386f83e8f3c537493731577a8f785475ff0dc9
docs/operations-manuals/manuals/grw/COK-GRW-01-05.md,documentation,3512,b04b2987e12fcceec678125c1c3331b9ea606622d4fff5f13f1bd51554ff84a3
docs/operations-manuals/manuals/grw/COK-GRW-01-06.md,documentation,3512,ea89c955c51c2ebd6312361b925c164d220b1fb0495f7144c5b94af30c25d939
docs/operations-manuals/manuals/grw/COK-GRW-01-07.md,documentation,3512,5b9f130d60f07e212f7cbe3ebdc66e0827a7051735b7665cd1d5e1b1558a35a0
docs/operations-manuals/manuals/grw/COK-GRW-01-08.md,documentation,3560,e9526ee0adf759217d5336efe40c8583a3730101af00fd2e301323992fec53eb
docs/operations-manuals/manuals/grw/COK-GRW-01-09.md,documentation,3521,a1ac7801d1bf9d55dd13465973dbe533f960e18e1a2e9fce2d62fadc8737e389
docs/operations-manuals/manuals/grw/COK-GRW-01-10.md,documentation,3512,890b6f8d3c1f687f0dc14ff3843bd0ba900fa6c53e8e90b8716033d12d60a2b0
docs/operations-manuals/manuals/grw/COK-GRW-02-01.md,documentation,3542,b5af5ee02e3e1ef7b683efd702da62b3b67c429fb52fe2b3f273da1cdbf73abc
docs/operations-manuals/manuals/grw/COK-GRW-02-02.md,documentation,3542,3965d6a70b4d88354bd056082968b9e50c312fecb1e3e8324871b3474fff29a3
docs/operations-manuals/manuals/grw/COK-GRW-02-03.md,documentation,3560,bb65c1d8412049944265dcd2f9c2ee5729369350746e9e976e1c0224aa588414
docs/operations-manuals/manuals/grw/COK-GRW-02-04.md,documentation,3542,288560a5b34803910cb6d5767a61db3443291796bd19488313a5a1130ea16ea5
docs/operations-manuals/manuals/grw/COK-GRW-02-05.md,documentation,3542,2e0b858aad90a5ad63ca41bbff28944c2dd584e2261ec47da700ab623339248a
docs/operations-manuals/manuals/grw/COK-GRW-02-06.md,documentation,3542,fed2aae110ff2fb2395267b33a5a2cad1fbfc5404bfe2d6e41afc93535035787
docs/operations-manuals/manuals/grw/COK-GRW-02-07.md,documentation,3542,8f7dfbb967927b39d69ebfd19f22cfe9cc2bcebfccdaaabd51a5a5665c05b574
docs/operations-manuals/manuals/grw/COK-GRW-02-08.md,documentation,3590,19ca242065fcc7c3d698e9de5a5a2e78077c7803636693ac0facd89ea41363cd
docs/operations-manuals/manuals/grw/COK-GRW-02-09.md,documentation,3551,3bb39eaba2f594c2464d25e2ec04c9b3756d6ffa2ee0fe0f845d064ae8fdd586
docs/operations-manuals/manuals/grw/COK-GRW-02-10.md,documentation,3542,7e2cc566cdabb2e6c9e5d253c5da09933681999ddc9081ec194c410643a61625
docs/operations-manuals/manuals/grw/COK-GRW-03-01.md,documentation,3515,97ecffffd2bb2eda0eb005cdde9000332798b6ddf64f5d84fe710d85bc4256ad
docs/operations-manuals/manuals/grw/COK-GRW-03-02.md,documentation,3515,348604548627608d3227eb1a3bf5c1934f178aaa1c50b8fa9aae2aa2ba55a17a
docs/operations-manuals/manuals/grw/COK-GRW-03-03.md,documentation,3533,58e9d3a9d8c16ebd6df4b6675427bc1e91cc5655d14ac7b3013ab797d6ea615a
docs/operations-manuals/manuals/grw/COK-GRW-03-04.md,documentation,3515,17848915b980babd0c628435d9c76df189b447ae97c72098df85728ba6f131f4
docs/operations-manuals/manuals/grw/COK-GRW-03-05.md,documentation,3515,03577e96f65fccdebfb117d07a709c52ae1688f3d5fbd88cd39ce0e81199e493
docs/operations-manuals/manuals/grw/COK-GRW-03-06.md,documentation,3515,d26ed47edf265d2a038d0e4139c6dff7390ee3b6e5269a7cd33b4e6487ef8215
docs/operations-manuals/manuals/grw/COK-GRW-03-07.md,documentation,3515,8cb02e945f319be4b5d7ec9e5b295cdc4467bae5daf99e4593775c82b52fe0aa
docs/operations-manuals/manuals/grw/COK-GRW-03-08.md,documentation,3563,1a8a1168a543f03dc9d83667bacd98bc173f4e2a95f76c2f1ce888620b0a7da6
docs/operations-manuals/manuals/grw/COK-GRW-03-09.md,documentation,3524,059316763e6446652131a435c6f34187152c516c6639e666641b2b72d38749f9
docs/operations-manuals/manuals/grw/COK-GRW-03-10.md,documentation,3515,99d23a0b3e80dd56f93b15a0dfd1bbc52605a42c4ba9a84a1209bc79a2e45704
docs/operations-manuals/manuals/grw/COK-GRW-04-01.md,documentation,3503,4631a13920011dde270356c866ddc0406f626ba99e8b41224b04c85aefb6dc0e
docs/operations-manuals/manuals/grw/COK-GRW-04-02.md,documentation,3503,eb6b402c0fed9a6c242f0e3da9dcca80e67b766d5be8c3936af59e3a2f454fcc
docs/operations-manuals/manuals/grw/COK-GRW-04-03.md,documentation,3521,db11ae70b4f1c1ed06f2d0a8933613976a897740f82763480c72bcc10b921e33
docs/operations-manuals/manuals/grw/COK-GRW-04-04.md,documentation,3503,157f8e93e21bf9a34732577fa68c2f19392053aacc77c509782d025051f0e4de
docs/operations-manuals/manuals/grw/COK-GRW-04-05.md,documentation,3503,47ff3ecae9fcce9e848fca140f1c2f02165c3e2014bd77b50d5c520e63288dd0
docs/operations-manuals/manuals/grw/COK-GRW-04-06.md,documentation,3503,92eadfea91f32293fa90a8df0c8363f31c8bbb2041fae36172a154d07502f541
docs/operations-manuals/manuals/grw/COK-GRW-04-07.md,documentation,3503,18ac64308e3c4a3c239608227a07a7d431c04856bad866c173b172827ea67cf1
docs/operations-manuals/manuals/grw/COK-GRW-04-08.md,documentation,3551,1a3dc90c63eeee6eb1b6e4d1e7e462ff9b4995baa8394346e293231b2991e62e
docs/operations-manuals/manuals/grw/COK-GRW-04-09.md,documentation,3512,73934676de753fb726cf1c916198843e6b31b6172b73b29ac89c23c11dec2586
docs/operations-manuals/manuals/grw/COK-GRW-04-10.md,documentation,3503,e5195d0ad1ef6ec266f5606a558489d380ec6af6881287a52c4f747a988adb8a
docs/operations-manuals/manuals/grw/COK-GRW-05-01.md,documentation,3512,79ccb661008ccdb02cf58674c2fb102992bf88ce842e668e60a07079460ba72d
docs/operations-manuals/manuals/grw/COK-GRW-05-02.md,documentation,3512,7e51ce275955c5278096fab0ae5bd32cc2c949c9f3e25011eed9502dc7d835c5
docs/operations-manuals/manuals/grw/COK-GRW-05-03.md,documentation,3530,9dcca0c615970405c453b81187a068c7b30f5eba0afc9022742c88838978ec90
docs/operations-manuals/manuals/grw/COK-GRW-05-04.md,documentation,3512,ec4ab99dc17981340428133f4c7722b6406e4bb6d67b746932111f3e479f1ae4
docs/operations-manuals/manuals/grw/COK-GRW-05-05.md,documentation,3512,d9d3cd79b3bdc14591f0d251374ea1970d8fce098d0bd8c5f6cc4174c02e3cda
docs/operations-manuals/manuals/grw/COK-GRW-05-06.md,documentation,3512,73be8eb85a8b65c15bca8e656ec45c42738cad56a0c7dabecdcc4acb6223ca06
docs/operations-manuals/manuals/grw/COK-GRW-05-07.md,documentation,3512,9af6fa7dcf635c9dcde4f73b26b4f4b7a26a18cd9ac2bb22c44bd5c4a3885ca5
docs/operations-manuals/manuals/grw/COK-GRW-05-08.md,documentation,3560,196ebd9b54694ca44bf0eaecb106384e7305d40cda729dd3071630c14c3e87b9
docs/operations-manuals/manuals/grw/COK-GRW-05-09.md,documentation,3521,f806d19c766d427e14ba19d171a558ea8b66b60b90998aa8dbb79d62cf84befe
docs/operations-manuals/manuals/grw/COK-GRW-05-10.md,documentation,3512,df33b9cc93b3ec62c98d4afac4d9f3c9ba468919dc993052696d38740062dc79
docs/operations-manuals/manuals/grw/COK-GRW-06-01.md,documentation,3512,2c7287f72608a9566a72c2ca9209e56a63bae69c52d915c5c61550d613312cb5
docs/operations-manuals/manuals/grw/COK-GRW-06-02.md,documentation,3512,ac9de500e0ffe567c6b1802758c4f631d7c508b575313587cd93fcc14af894f3
docs/operations-manuals/manuals/grw/COK-GRW-06-03.md,documentation,3530,333230b89c1b826e6d308b3064ea6ca27c669d12e99da7e253a3ca36479d148f
docs/operations-manuals/manuals/grw/COK-GRW-06-04.md,documentation,3512,ec8eb8c747af84e9407969ae1bb8babd3921e2fe102ff21152d22a7001cb66ac
docs/operations-manuals/manuals/grw/COK-GRW-06-05.md,documentation,3512,19bff8adc97db9edb016be9b9a240b12ada4ce544e56b06f388cb7c75258056a
docs/operations-manuals/manuals/grw/COK-GRW-06-06.md,documentation,3512,ebe5a0632e382bb12906ee06f1ff410e57fc7f380b11ae19f35704cbd4dbdf99
docs/operations-manuals/manuals/grw/COK-GRW-06-07.md,documentation,3512,68f3a464c43709d98e05acd33009ed39b051bd76c03e30cb1090bbdf6f0b4d34
docs/operations-manuals/manuals/grw/COK-GRW-06-08.md,documentation,3560,59739bdcec1916b053bca7b5c679f8891e3bc0bc0546519d9c6c6026a06d4f7a
docs/operations-manuals/manuals/grw/COK-GRW-06-09.md,documentation,3521,72996d1c3169b1a6dce7fa7ee87ac82a33d4dcd122733a41df72f1708d87cc9f
docs/operations-manuals/manuals/grw/COK-GRW-06-10.md,documentation,3512,9feaf6197b771eb27009685ab19fc30725d04bcd11cf5626b9426f37b90c7868
docs/operations-manuals/manuals/grw/COK-GRW-07-01.md,documentation,3524,4958c62857fc74805c5eb1d164e85ead3a313f456b47637dda3398b42a207cb3
docs/operations-manuals/manuals/grw/COK-GRW-07-02.md,documentation,3524,164478ce24e0efc2fbd8816bb0529f31c7a1d691630a654194e5f902cbe63681
docs/operations-manuals/manuals/grw/COK-GRW-07-03.md,documentation,3542,ce663e5cec80653148c8c24e43d3db82765646610d848a9feda04138d3c9d6f4
docs/operations-manuals/manuals/grw/COK-GRW-07-04.md,documentation,3524,91ac36b70d468048c6430ff1a82065c7a942d01cdcc3ce4f009dd9273eb63139
docs/operations-manuals/manuals/grw/COK-GRW-07-05.md,documentation,3524,f5d5ccc43fe13d329a8abcca1973727bca95d7ae78d300f1046734f9eb78587c
docs/operations-manuals/manuals/grw/COK-GRW-07-06.md,documentation,3524,ea3e16b9ae34c67bc0ea2881a806c76029fddb97a8ce2c16f0a9970c170314b2
docs/operations-manuals/manuals/grw/COK-GRW-07-07.md,documentation,3524,62545492c9e215b37e3c8801568d084204e317bc09a34724b410b12fbc3d32fb
docs/operations-manuals/manuals/grw/COK-GRW-07-08.md,documentation,3572,6337a7b8765841fe512e7c44a4ab44f9df5325c82926a6167a5f3300c7468bb5
docs/operations-manuals/manuals/grw/COK-GRW-07-09.md,documentation,3533,c934ada58111d10df31375d2d5a8458c6aab4d48b5aa8410f1b3a817ebefad0d
docs/operations-manuals/manuals/grw/COK-GRW-07-10.md,documentation,3524,bec7ffce78156aaa2ee2127a58b1aab7da896b16e9e63cecd4a45fc59cc1399f
docs/operations-manuals/manuals/grw/COK-GRW-08-01.md,documentation,3503,5b9e3ba09a930f9303c2f4c36986812d4059a9343e9cd8fafa225002b79a86d4
docs/operations-manuals/manuals/grw/COK-GRW-08-02.md,documentation,3503,c996d769e26f7e2863f9fbec5e6029bc8c9cc64b8a9de08f808b64cf231cecb8
docs/operations-manuals/manuals/grw/COK-GRW-08-03.md,documentation,3521,76df4b6540acbee4b3cca538c762875a7cd3c0a6f1b5bf878e16a20c55ff420f
docs/operations-manuals/manuals/grw/COK-GRW-08-04.md,documentation,3503,59b583be2eaa7692e05489c47e2c6aaa6848577fd53bb1e21ba70f0d8e75318d
docs/operations-manuals/manuals/grw/COK-GRW-08-05.md,documentation,3503,f786855615de0f6dbe31eded2957748883e7713d666e730f22b67c3a8d853f30
docs/operations-manuals/manuals/grw/COK-GRW-08-06.md,documentation,3503,4e1125d9877a39492fbd7bf9c04832cb998f1e553641809bd1792922de7832e6
docs/operations-manuals/manuals/grw/COK-GRW-08-07.md,documentation,3503,9db120a867cdc1272f40075da686a2be0cb59a9d3326865fa71e9c8dadfd6488
docs/operations-manuals/manuals/grw/COK-GRW-08-08.md,documentation,3551,cac973d15bafa2a6540132412736c296316ea848e9f8b17b8cfc0fc26a166135
docs/operations-manuals/manuals/grw/COK-GRW-08-09.md,documentation,3512,17b0fdcee45a1491811d8b637476607dfed2829eb877e0078b433dcf944408e1
docs/operations-manuals/manuals/grw/COK-GRW-08-10.md,documentation,3503,5a82a9db3ce71047d0616281a736fc666e825ad73b2b11895ad36c4bfa88a79b
docs/operations-manuals/manuals/grw/COK-GRW-09-01.md,documentation,3503,94f3b35f393a42dc5d7c93abd3421104380b7831b0cbf9889928c967634c7a9d
docs/operations-manuals/manuals/grw/COK-GRW-09-02.md,documentation,3503,d5de85d97285d65a975a4a0ea8f48d8ba48c531df3ce66e85f0885d98a7a6ce2
docs/operations-manuals/manuals/grw/COK-GRW-09-03.md,documentation,3521,f9c12f3dab9cb5ad51102fa802072dc1aad629f6997a497a22860f7e761c1ce9
docs/operations-manuals/manuals/grw/COK-GRW-09-04.md,documentation,3503,64bd98e4264ccf84a3412942c081f55525bc7097498b054aa616e516c9208418
docs/operations-manuals/manuals/grw/COK-GRW-09-05.md,documentation,3503,02fb21b5a5e709aeeb1e509d353564daa2860d15d64b072a06743faedf6040b1
docs/operations-manuals/manuals/grw/COK-GRW-09-06.md,documentation,3503,46eb5d4fe293da952995460edc6a02f8b148f7d14ee809a7ae92f1e31e032718
docs/operations-manuals/manuals/grw/COK-GRW-09-07.md,documentation,3503,f29be4243a466309c74ea4d66117b4ce1c3946ebaeab7f882ba1fcb2f531aedb
docs/operations-manuals/manuals/grw/COK-GRW-09-08.md,documentation,3551,9ab9880172f97ad1839118ffd4ea83aaeb891185affd6ec071fb4c1877e50db6
docs/operations-manuals/manuals/grw/COK-GRW-09-09.md,documentation,3512,b88ec7586df3758075cc1e8ef4dde920eaa74989fecd83332d6c9a9fff1c607d
docs/operations-manuals/manuals/grw/COK-GRW-09-10.md,documentation,3503,34a69eb62819c873ab01c839f03a245bd81632e1623c7fc0e04de279957a331d
docs/operations-manuals/manuals/grw/COK-GRW-10-01.md,documentation,3524,5c273998cc5fd86972050f181b0b8748fac28e2075b867f2ad5b4710c8b3c553
docs/operations-manuals/manuals/grw/COK-GRW-10-02.md,documentation,3524,72d2e7755e19bf618a4df5fa70fb38b08dee2458b52f2ab3c3dae362cf501eec
docs/operations-manuals/manuals/grw/COK-GRW-10-03.md,documentation,3542,a4316c4b5d6400f55e8b775b378b7eee94ea9d1351a9e478271d0f49d7f275fb
docs/operations-manuals/manuals/grw/COK-GRW-10-04.md,documentation,3524,833e89849a3180c349a64ef48238c148a2afa124f91d66efc8393fcd54086ef1
docs/operations-manuals/manuals/grw/COK-GRW-10-05.md,documentation,3524,7951c7f790cfdc685297340d79a9bd12f371116b7c3c3a612c94b71942bb2315
docs/operations-manuals/manuals/grw/COK-GRW-10-06.md,documentation,3524,c08bedb00564e8f743433ad8f638ed5efe2e7e10f839d254da9a3467dc074274
docs/operations-manuals/manuals/grw/COK-GRW-10-07.md,documentation,3524,f8ec4eef17cd910bae945aa09a0c8d57af0da995ae5cb5e47eaba5f01ceb4f6c
docs/operations-manuals/manuals/grw/COK-GRW-10-08.md,documentation,3572,43bc96f2ef75a86d4ffbddda68642c938908dcd802cd1f6d3d7a037862169810
docs/operations-manuals/manuals/grw/COK-GRW-10-09.md,documentation,3533,3d86f10c0864bff47c87bafdd18a8a922b7cdc23b20583f8c83bbb3c028623e6
docs/operations-manuals/manuals/grw/COK-GRW-10-10.md,documentation,3524,dae9b0fc478773cdc531841e457a64c97ea86f73d363f57cd460baadec74e194
docs/operations-manuals/manuals/leg/COK-LEG-01-01.md,documentation,3590,7c1a5c3df02257e024d7d44b7636575cb1e2abf81ed72a2e426d8ae2191f4f9a
docs/operations-manuals/manuals/leg/COK-LEG-01-02.md,documentation,3590,35b0527ee4dd1d5d3afbf56c3c688dc70f5dc356831753eb049ddf37b233ae9e
docs/operations-manuals/manuals/leg/COK-LEG-01-03.md,documentation,3608,3baff4400b92380d5fd19c94ae4ca8952b132eedd187da4d82f08a2e07ed4e4c
docs/operations-manuals/manuals/leg/COK-LEG-01-04.md,documentation,3590,909e4055500d898f242e975a3684f9f3bb01c809f228f446a89b6d7c4c52bfce
docs/operations-manuals/manuals/leg/COK-LEG-01-05.md,documentation,3590,92c218c7e2eb9c49ae31fe645d1a7407d049d2d109adeb1b4082773543f705d1
docs/operations-manuals/manuals/leg/COK-LEG-01-06.md,documentation,3590,2733c5c76f6295998159ebf31a62a50ec5aa90075723efdde9ba475a153be950
docs/operations-manuals/manuals/leg/COK-LEG-01-07.md,documentation,3590,f234d9597052dd52c7d6544aa95d6011b24af8a3e7f69e0c2713428ab58c6901
docs/operations-manuals/manuals/leg/COK-LEG-01-08.md,documentation,3638,1af8e48c5164ca356e54e7c3919af1b8d6ea19f9c7d853ee8a0e80896730856c
docs/operations-manuals/manuals/leg/COK-LEG-01-09.md,documentation,3599,1bc4131bc28a5ae295d647c7d42a7f85f3e4cab63594c227970faaa71fe6cac0
docs/operations-manuals/manuals/leg/COK-LEG-01-10.md,documentation,3590,baf81f1f30ebac8c0960e08ba222df6116dd6e01c285783a603dbe4cddec2f2d
docs/operations-manuals/manuals/leg/COK-LEG-02-01.md,documentation,3608,cffa3be1f7dba132f328e78573f808ad6bb1aca9850f81313eebd7b01477de80
docs/operations-manuals/manuals/leg/COK-LEG-02-02.md,documentation,3608,17ed4561c3f21136e5308cc1a1af5a7e0012a55af5a1182a17bb5fa9cc9943a0
docs/operations-manuals/manuals/leg/COK-LEG-02-03.md,documentation,3626,185c5d48f874afe9db63f4e1150c38ed2819b8e8c156551183c557e2ef7e775c
docs/operations-manuals/manuals/leg/COK-LEG-02-04.md,documentation,3608,3a96c1e2df4d5079cf0ed002669f74afabc00b430f226e2da2ecf53d76a1bdcc
docs/operations-manuals/manuals/leg/COK-LEG-02-05.md,documentation,3608,3c6ca7502ceab0e525ba272bc7531df590e84407ad26ecd3ca6ea6a0b0087565
docs/operations-manuals/manuals/leg/COK-LEG-02-06.md,documentation,3608,ae80517aeacd0087c0d9f141a051b0d579b1c85d0c3a124c0e935fd4db461e41
docs/operations-manuals/manuals/leg/COK-LEG-02-07.md,documentation,3608,7a26cc0379319891da552a13baa885ec3727fe9349a4d5103943bf8bf931d4ad
docs/operations-manuals/manuals/leg/COK-LEG-02-08.md,documentation,3656,62906727f5098eb7f9439d7b3e64004ebbdf95cc0f1d2025d3338a71bc51327e
docs/operations-manuals/manuals/leg/COK-LEG-02-09.md,documentation,3617,f005e375f967ec125b229c5a69ac952fa702767ae86e2745840ff56770730097
docs/operations-manuals/manuals/leg/COK-LEG-02-10.md,documentation,3608,fddc3adb937ae49c711d9b7cb21e94393e4785ede7b0711d60f12530f42cbcb8
docs/operations-manuals/manuals/leg/COK-LEG-03-01.md,documentation,3590,ebd4e4e9c3c3ca118865a55f91fa683570be9b9e51e88b68dd189e375f780075
docs/operations-manuals/manuals/leg/COK-LEG-03-02.md,documentation,3590,fc2a2a9e39a885400a0333282939bd5ef41c17c332ce67dd078f12182f801ba8
docs/operations-manuals/manuals/leg/COK-LEG-03-03.md,documentation,3608,854b5bb5d198865080e585c166b6f44a221de4f9987f43636ee108383f49ae29
docs/operations-manuals/manuals/leg/COK-LEG-03-04.md,documentation,3590,7cdc5e924a0394c2f3ce86cfb364472939845bfc800c97f27252d4b843d61656
docs/operations-manuals/manuals/leg/COK-LEG-03-05.md,documentation,3590,058a7bcd14e04b907dc5615fe36baa9d260d596cbaea7114ab69907315bec48d
docs/operations-manuals/manuals/leg/COK-LEG-03-06.md,documentation,3590,da8da15d4b0a236cd655f0aa4dc520d6efacbbec72654fde93a1d09e7d3bf1e3
docs/operations-manuals/manuals/leg/COK-LEG-03-07.md,documentation,3590,5bea81dac179991dcc4ffa62e0e9b2e189a81cb08f4462350a170944e0b38d64
docs/operations-manuals/manuals/leg/COK-LEG-03-08.md,documentation,3638,5fa96fde84ecbb3a6f4b27a32270779da3147c7c88b44e4d0b2b99850e3e667d
docs/operations-manuals/manuals/leg/COK-LEG-03-09.md,documentation,3599,e5da2d2937d47f5366da868b240fccb134c1a1c7529434e92275a8ff835ccc1d
docs/operations-manuals/manuals/leg/COK-LEG-03-10.md,documentation,3590,0d1cc5c51dc0213d233dba0a5641dfdb77d3d479b097d0f4121b7970c20b2f2d
docs/operations-manuals/manuals/leg/COK-LEG-04-01.md,documentation,3590,c598f1cdebf3f35baba25a54e0f8ee8d8e8ce217cc385ad79d559fd8b8452345
docs/operations-manuals/manuals/leg/COK-LEG-04-02.md,documentation,3590,7e9d7d18c821d256b927e09943fe2ed482a5b42be1c1f7e158ba433d023d1ca8
docs/operations-manuals/manuals/leg/COK-LEG-04-03.md,documentation,3608,65e44a9ac6c9be6088aa1b799a626560865b17bf5f8368abc50b208c6256d679
docs/operations-manuals/manuals/leg/COK-LEG-04-04.md,documentation,3590,ea186dbdcc440e1e6743158b6011ecfcedf21aa8b0cd31ddbd75661ec878a88c
docs/operations-manuals/manuals/leg/COK-LEG-04-05.md,documentation,3590,e2eb52a134cf6ba1b48079975cb5e6aa14515f5487aafed0ecb57039abc7a394
docs/operations-manuals/manuals/leg/COK-LEG-04-06.md,documentation,3590,17df0b8e7956a20c65ea093571e52926e7ac3a47ad9f7c1d082e1df9792cbc62
docs/operations-manuals/manuals/leg/COK-LEG-04-07.md,documentation,3590,7fe485ea35546cd79f92c90d6546e6e07f57d5dfc1bb38694813f4f79b2ac5f5
docs/operations-manuals/manuals/leg/COK-LEG-04-08.md,documentation,3638,ceda459eaadd77d5f37762afb564880eeeef7f9d50e376c8e7dc9e55ae1f6d32
docs/operations-manuals/manuals/leg/COK-LEG-04-09.md,documentation,3599,6974d01eeec90281b2bcd2f7971ed2d050f8067d21b174977d4c6cbe7c5a91a5
docs/operations-manuals/manuals/leg/COK-LEG-04-10.md,documentation,3590,31acf8ab17022a03289ec8b7c41bb18fac939684e117aac651538f88fb8e5b62
docs/operations-manuals/manuals/leg/COK-LEG-05-01.md,documentation,3590,2e79abc64347586eb7672b5c5cfc046f0790b7588f97e110eeee132b9daa0211
docs/operations-manuals/manuals/leg/COK-LEG-05-02.md,documentation,3590,2ad6c346fee5158f87c0c920891ad26ae2c5776b1381423440f6936696a3c4a7
docs/operations-manuals/manuals/leg/COK-LEG-05-03.md,documentation,3608,0107948fc3cf704c2d61a11ec6d145b44ac8dd35c91b7f7480834b5d0377deef
docs/operations-manuals/manuals/leg/COK-LEG-05-04.md,documentation,3590,4026685467263b55f9a14e0ad1d1185239dc50e04052dceae6a0e457513b7b30
docs/operations-manuals/manuals/leg/COK-LEG-05-05.md,documentation,3590,6213619c81e9e00e12d43b662aa692cb00566d977fcf35d8febf7a433f35fbc0
docs/operations-manuals/manuals/leg/COK-LEG-05-06.md,documentation,3590,541abb2f1a22ce4ad3fdd6c87604361e142070bbb13304e81b88b10b53be337d
docs/operations-manuals/manuals/leg/COK-LEG-05-07.md,documentation,3590,3563af2b95010fc5078a4bd07227ecfbcc3777849f7c23e053ce9c9d955e9e92
docs/operations-manuals/manuals/leg/COK-LEG-05-08.md,documentation,3638,76f309f40164dbe709fe2d392913df3271c00df53c14be5f6812bdf5fb615ed8
docs/operations-manuals/manuals/leg/COK-LEG-05-09.md,documentation,3599,b6eb6478cb4ae509738013e831df5c7c5ce854f02d4505664bbc8d5a94317d27
docs/operations-manuals/manuals/leg/COK-LEG-05-10.md,documentation,3590,f3633902a8ea0964c5d5f4a0f1fc08a67a3857d6cb48097c75ac2ae47b003a8d
docs/operations-manuals/manuals/leg/COK-LEG-06-01.md,documentation,3590,efca831d9d9b162ad5e197956441ecccbf0c8540018b06d8b9882b08b46c2733
docs/operations-manuals/manuals/leg/COK-LEG-06-02.md,documentation,3590,af7405b72368fa9c74666a0c3f1a2917b36e1fee0f57d092693ae6ba6b7c9ba3
docs/operations-manuals/manuals/leg/COK-LEG-06-03.md,documentation,3608,a17fa145ec9f850aab62788bd51f19f91cca42056054228c02ec6edd4d67d75d
docs/operations-manuals/manuals/leg/COK-LEG-06-04.md,documentation,3590,8553fef4274a133d1cc04520175afdebca3c12a0058e5a6a88bf457178c4b062
docs/operations-manuals/manuals/leg/COK-LEG-06-05.md,documentation,3590,a83e92d0703d0d2ac4fab542663c643f3539ec528275c3901016eb3cfa6308bf
docs/operations-manuals/manuals/leg/COK-LEG-06-06.md,documentation,3590,8f20744c43d745d9a769ab77adae2279adc436907c98df737960d21eda83d9a2
docs/operations-manuals/manuals/leg/COK-LEG-06-07.md,documentation,3590,cfb4bed76c1b607fcb707d7c74f7e9cd6a93edc565f3f48187a878490c9a83d2
docs/operations-manuals/manuals/leg/COK-LEG-06-08.md,documentation,3638,0dd90625a5e9375023897630ef2cc1690d619500ab0ac78a1cd7ec2cf119946d
docs/operations-manuals/manuals/leg/COK-LEG-06-09.md,documentation,3599,b6420b785f51f27aba66c792bd6264222e1250c323e7050c72b8db233ee91374
docs/operations-manuals/manuals/leg/COK-LEG-06-10.md,documentation,3590,20002b7b3f73933e78bb279e1536d6f8d82d48606d16818137989df1d9515e8a
docs/operations-manuals/manuals/leg/COK-LEG-07-01.md,documentation,3608,609bceb662072da14559ab540ecee03ea8c310c7b3c7bf4c7dc81c920de37deb
docs/operations-manuals/manuals/leg/COK-LEG-07-02.md,documentation,3608,988266038a7f2c08bffb9586726e5dcaeb4c1865da57ec5227e2822a66c46bbb
docs/operations-manuals/manuals/leg/COK-LEG-07-03.md,documentation,3626,d478707cd58077160911bf45c3b9327b1cdbac97dab175df5d2644baabb156ff
docs/operations-manuals/manuals/leg/COK-LEG-07-04.md,documentation,3608,1afcf48e4398c9b8b301c8d8e210fd265f3fd58b584a6e533af660efa609e79f
docs/operations-manuals/manuals/leg/COK-LEG-07-05.md,documentation,3608,7b48dc4d016f32544520ef80c26ebd400dc4c8d790dba9887562ab8ff734369d
docs/operations-manuals/manuals/leg/COK-LEG-07-06.md,documentation,3608,95bbcd4fce85ce6b9c6f7aa64f73040137bb997f78047fd40843917e556c993f
docs/operations-manuals/manuals/leg/COK-LEG-07-07.md,documentation,3608,2780e4dbe906784c690bb89b66578ee56a88a3a3daad5679af078e769b3ff37f
docs/operations-manuals/manuals/leg/COK-LEG-07-08.md,documentation,3656,ff14d3011cd88f1cc3608808c6af0b38b6d111d38b79dc8db2ca388939bcd555
docs/operations-manuals/manuals/leg/COK-LEG-07-09.md,documentation,3617,22d89b6ce75ac5a684e1ccf787cc2783f060acbd9b7e1fe43dd1ccae3fa7d50f
docs/operations-manuals/manuals/leg/COK-LEG-07-10.md,documentation,3608,aa0a702dd6b245037a62ecceb697ef9c7a5cd92fdccc8c6d283da868c4770e0f
docs/operations-manuals/manuals/leg/COK-LEG-08-01.md,documentation,3590,615779ff40ea31ca71213688bce3c6803e0ce2510bd6cdb4fd43a1fea9b8dd18
docs/operations-manuals/manuals/leg/COK-LEG-08-02.md,documentation,3590,3f90e761063cbc926d282c06e88707046a6e4d3aba6986f98d12887b00572564
docs/operations-manuals/manuals/leg/COK-LEG-08-03.md,documentation,3608,afe07b6622e91c777c92227c367b50e02f9e12a1543e28ffda4e683d22fccafc
docs/operations-manuals/manuals/leg/COK-LEG-08-04.md,documentation,3590,cf27284e00c5c709066a5d03270ad51f69412a0b075c477dbd483ce0b678a5ce
docs/operations-manuals/manuals/leg/COK-LEG-08-05.md,documentation,3590,429bb26add2d3aa941155215a50543060cb68b638882f244d42e725dfabe47bc
docs/operations-manuals/manuals/leg/COK-LEG-08-06.md,documentation,3590,eee21f716ccd3ecadf5088a3839cdd55af9d0e869a9359f6a15983847f0fb7a4
docs/operations-manuals/manuals/leg/COK-LEG-08-07.md,documentation,3590,c76c1e87945434152225557ff435e195ba4993c0224de0070673207a5ce3c153
docs/operations-manuals/manuals/leg/COK-LEG-08-08.md,documentation,3638,8e7a40b1d365c4b43e1d436a3bd9d5c0d676028188e35819daf1a92452f119db
docs/operations-manuals/manuals/leg/COK-LEG-08-09.md,documentation,3599,2883f1c061601607a6e8a5e4d8f83664f6f7dbbfb85baf32c0bee5176597275b
docs/operations-manuals/manuals/leg/COK-LEG-08-10.md,documentation,3590,a049fa38adaf35dbee0505cd9f18be8f04a954e960a22f71efcc3dc8700cb854
docs/operations-manuals/manuals/leg/COK-LEG-09-01.md,documentation,3617,97804374b683d05a3b8df440a0c82eb2f2b237f7d3b58220178c12336cf952e0
docs/operations-manuals/manuals/leg/COK-LEG-09-02.md,documentation,3617,c0742b02683fc17a67920d465d34b9b6acb0aeba8c29b4ce01106c0061643bbd
docs/operations-manuals/manuals/leg/COK-LEG-09-03.md,documentation,3635,a90000ec07a3f0d4675270c86ed80635ae5bee08064a84783c99081769ed2fb3
docs/operations-manuals/manuals/leg/COK-LEG-09-04.md,documentation,3617,ad72f633ffdfe9659d605bd268a3ee10986e08d71c50543699e82c191a51ec9e
docs/operations-manuals/manuals/leg/COK-LEG-09-05.md,documentation,3617,f08d6548560b09df0067c8c3d3e261a76c8c88a18f35b9c4e7c9fa1b69527eaf
docs/operations-manuals/manuals/leg/COK-LEG-09-06.md,documentation,3617,46d34649729aa4a0bea38153a02ef559d1310954bf858e62e37754febcdf9113
docs/operations-manuals/manuals/leg/COK-LEG-09-07.md,documentation,3617,9886b136e5d7cd3b777362330b3edd1cdfc88afe258f0a5c4a02bec0428ce0d6
docs/operations-manuals/manuals/leg/COK-LEG-09-08.md,documentation,3665,bcbbc193b2a463f527ee8ec2e8aa1077959f64c910715ab718d590862f82fd9f
docs/operations-manuals/manuals/leg/COK-LEG-09-09.md,documentation,3626,32271bbb4c2a66357bd1186dfa56e8dccab91e19227003903ec85e57a90e5ca1
docs/operations-manuals/manuals/leg/COK-LEG-09-10.md,documentation,3617,a3273881481e1512ccd392e7ec2125a6fd38f63ec39187d2f5a6312626457eea
docs/operations-manuals/manuals/leg/COK-LEG-10-01.md,documentation,3611,ec6fff5dc0205c0f9a83d6dd4e50a5ab0bdd184c8af9d1509e831c8800a82cc3
docs/operations-manuals/manuals/leg/COK-LEG-10-02.md,documentation,3611,d8e10f6ae6baaedb29641c9bfbe5541c251f015a463cdfcf4dbca6311709bdaf
docs/operations-manuals/manuals/leg/COK-LEG-10-03.md,documentation,3629,df5a3b2495625076c04c6e45aed643ccce299ed3038e15d3e3a13f63c550d948
docs/operations-manuals/manuals/leg/COK-LEG-10-04.md,documentation,3611,43deff1f39c5c53faba8da06b0ab5030c63d7a9850aa7baf17e664235b874b84
docs/operations-manuals/manuals/leg/COK-LEG-10-05.md,documentation,3611,971365b1eba253a31f680c0094b33c97bd57431f238cade48457f18bae314e25
docs/operations-manuals/manuals/leg/COK-LEG-10-06.md,documentation,3611,ae235a2297c1a2dd6369287cf4cb9e6ba801786d66a32d8a7ddf901b22a92336
docs/operations-manuals/manuals/leg/COK-LEG-10-07.md,documentation,3611,5054609fdfbbd1bd80cee9313c2035a7df73ea0660cd68371c38dcb0dd049df7
docs/operations-manuals/manuals/leg/COK-LEG-10-08.md,documentation,3659,b50bdc185bf878b6617eea8eff45159ec554774141d90f6d50d424f8232bee28
docs/operations-manuals/manuals/leg/COK-LEG-10-09.md,documentation,3620,59b47cd968a1d7a525c3ca721bb8914a33a82f129da79b31f8207ecb29c44689
docs/operations-manuals/manuals/leg/COK-LEG-10-10.md,documentation,3611,a4ed20d04f3ad1108b2711fdea373a52b9aae6b3046d40bf432a2e490873cf0c
docs/operations-manuals/manuals/mrk/COK-MRK-01-01.md,documentation,3538,49ac48c9da98c0bb7352c3e50b5a7f47a40f06a5dc95d69687a206f36515083d
docs/operations-manuals/manuals/mrk/COK-MRK-01-02.md,documentation,3538,eb94a81ab4db6ad3f9aa99bf7b7b3128f6848673955ec5ee8b3784679751ce2b
docs/operations-manuals/manuals/mrk/COK-MRK-01-03.md,documentation,3556,e13eb772a710c69d73e43026d8153e6ba4562ed735b997724434f992e32892aa
docs/operations-manuals/manuals/mrk/COK-MRK-01-04.md,documentation,3538,7b9805775b3865265af3df6d3925d5387af70a3b683348e783c4b6db5913cc00
docs/operations-manuals/manuals/mrk/COK-MRK-01-05.md,documentation,3538,aeafac05ece354b379ec86ccaf4a27099004959823239712d8d935d424e5a9e2
docs/operations-manuals/manuals/mrk/COK-MRK-01-06.md,documentation,3538,7301ed3611f3120879629ba5cbe6e366d52488edee3b11991a0f7fddfbc847fa
docs/operations-manuals/manuals/mrk/COK-MRK-01-07.md,documentation,3538,85dbe083615b295b81ffa74563129543a82d93ed833c6bcf1ba4f50c378cd090
docs/operations-manuals/manuals/mrk/COK-MRK-01-08.md,documentation,3586,a00b0f554e1ca2e9abed3b2d2c0b16ed19b420b59fc09e3bbe53ff1a9391b0ba
docs/operations-manuals/manuals/mrk/COK-MRK-01-09.md,documentation,3547,31db167f01d2066b0d50a3ff7f6324cba738077a3f624a1e3cbbd4354af74520
docs/operations-manuals/manuals/mrk/COK-MRK-01-10.md,documentation,3538,fdac4b1f82bb6a8ec24857e76f90db889c291b358089605c9bf04b429a310b4f
docs/operations-manuals/manuals/mrk/COK-MRK-02-01.md,documentation,3499,c155c1fb439aa4d222952af2ce5ed2d9331b84d02dc1d0e4be018043c9dbf243
docs/operations-manuals/manuals/mrk/COK-MRK-02-02.md,documentation,3499,0d12a2ba240dcd81384ecbd96c5b2cce162c803f841cfd9cb4ba6de6d97252f6
docs/operations-manuals/manuals/mrk/COK-MRK-02-03.md,documentation,3517,e3421d76fd206754e8c26d21f340148a1484737e8d8e4a3af0c12024fdff60f0
docs/operations-manuals/manuals/mrk/COK-MRK-02-04.md,documentation,3499,2d545d440bac8a849d99b6e5675d416a2b5d4c711bad77034c66826e0181fc51
docs/operations-manuals/manuals/mrk/COK-MRK-02-05.md,documentation,3499,5fa5b9ced0f78d589a43ab238a046e07d3f75a96e916b637e778bfef1c099676
docs/operations-manuals/manuals/mrk/COK-MRK-02-06.md,documentation,3499,1ca7f29ebd40516193735b3cce4fc79b22b4d1ea40c7fbf304d0fc70b11a6e87
docs/operations-manuals/manuals/mrk/COK-MRK-02-07.md,documentation,3499,9578a017bd6e66ec6c2c9a7e507b7b00bc58da5e2682729dab86932a3b0eed7d
docs/operations-manuals/manuals/mrk/COK-MRK-02-08.md,documentation,3547,b355d160c5205c137d73c780c7327843f630a32f3376ce1c6193f7725c63aafd
docs/operations-manuals/manuals/mrk/COK-MRK-02-09.md,documentation,3508,5bb65a2e056c51b31263a44c8214b40e407f5e3736fcc1bca0798170b936ba46
docs/operations-manuals/manuals/mrk/COK-MRK-02-10.md,documentation,3499,f7780f44ed187fc4023e134da62a799d0eb700259604db6b8964204c5c61befe
docs/operations-manuals/manuals/mrk/COK-MRK-03-01.md,documentation,3520,ede970d2e860dfce4f5a3f302bc4f0fb59782a60c0bbfb51b2d5dbb97fc4e373
docs/operations-manuals/manuals/mrk/COK-MRK-03-02.md,documentation,3520,af24c7990c6147cf6b36d3268b29fc07670e590a981b6f06dae712baa8d32ebd
docs/operations-manuals/manuals/mrk/COK-MRK-03-03.md,documentation,3538,3414602fd4175b0ebcdd6c66c58ebea979ea9fa535370b84072a078f892fea3c
docs/operations-manuals/manuals/mrk/COK-MRK-03-04.md,documentation,3520,19f1df8987bcda42d58251513276b0c9f595201737c55416316bcda2fb762961
docs/operations-manuals/manuals/mrk/COK-MRK-03-05.md,documentation,3520,2fd436d15a78f8c3e509f6329464cf2512f668f9202e470f3d5aaceceb4f739a
docs/operations-manuals/manuals/mrk/COK-MRK-03-06.md,documentation,3520,a141d4714c852669c5f5872bf2e8b8196c8bcb3a3b1aa585a11d2744fa20884a
docs/operations-manuals/manuals/mrk/COK-MRK-03-07.md,documentation,3520,00252c8b4d712bd2a7e201fdfda67799a5bb9d74b557e31ed242e0211e4a519a
docs/operations-manuals/manuals/mrk/COK-MRK-03-08.md,documentation,3568,981e91adc920f345f73debd96d368ce67a25dbae433b1ad515b831c265f62038
docs/operations-manuals/manuals/mrk/COK-MRK-03-09.md,documentation,3529,1960aba7ceb60f6ca715076ac2691df5b625ab1241415ac758c17a1f5bc9b71f
docs/operations-manuals/manuals/mrk/COK-MRK-03-10.md,documentation,3520,15c36b62ae64723401ed8757757d05d5ed76fc609bf197ae8cb10e9299ac8e93
docs/operations-manuals/manuals/mrk/COK-MRK-04-01.md,documentation,3529,20491aaf4b109f962d7f3d895fe906ccea27f283ffa59985e8f498fca189ea0b
docs/operations-manuals/manuals/mrk/COK-MRK-04-02.md,documentation,3529,0b1b81d9fbae089702c11ad67560b88e957f598e234b1027efb4fc0dab8062f8
docs/operations-manuals/manuals/mrk/COK-MRK-04-03.md,documentation,3547,deb197382c437b704b6387b5143639ac6b33e2e4527feb08d315fd4865801ae7
docs/operations-manuals/manuals/mrk/COK-MRK-04-04.md,documentation,3529,8ab590f991d21fa642fb9485008df2714a61f257ed222afc7190e5877ceb214f
docs/operations-manuals/manuals/mrk/COK-MRK-04-05.md,documentation,3529,7196200d3b1a5bc10fa97300e39cdcdb535a1133f7285748e09a48fe29e2cae4
docs/operations-manuals/manuals/mrk/COK-MRK-04-06.md,documentation,3529,c1d57f60b2fbd8fcb86c35a76a60cb7c20fac5578cb5b77c9157be3dd17e97aa
docs/operations-manuals/manuals/mrk/COK-MRK-04-07.md,documentation,3529,dd45f9d89991455df9ed3d1685adcd2facc0ec6446b996c404360812d73b5869
docs/operations-manuals/manuals/mrk/COK-MRK-04-08.md,documentation,3577,c8b6896f17fb670ef8eeb60bf2fdc8e6d63679bb2dfb41c5cac4f164890af385
docs/operations-manuals/manuals/mrk/COK-MRK-04-09.md,documentation,3538,1ea97559438b6c2d2dd5fbd18737e12464a8afc7fd7829da48c8ae84735f4126
docs/operations-manuals/manuals/mrk/COK-MRK-04-10.md,documentation,3529,e9433ec450b0952fb730b6a52e8a29bdffe034544fecf8dba581235dcb6c27b2
docs/operations-manuals/manuals/mrk/COK-MRK-05-01.md,documentation,3529,7f6ceb0f5bb28bca817f0a31e88c072bfc383c2830aa493226dfc61745107fdd
docs/operations-manuals/manuals/mrk/COK-MRK-05-02.md,documentation,3529,675c51cf226b1c87c7083f9ed54c99bf0ba31e7332e6173fee640acf60ff698b
docs/operations-manuals/manuals/mrk/COK-MRK-05-03.md,documentation,3547,dacc8ab0daf27e779718492ee06a70af4e23f7e36f9c27ac60d83c9c5cc0208b
docs/operations-manuals/manuals/mrk/COK-MRK-05-04.md,documentation,3529,5a6edc2ffb47dc2d9a32b9935c508951c5dac8c1c05cb8fa4c3512fb56ba246c
docs/operations-manuals/manuals/mrk/COK-MRK-05-05.md,documentation,3529,7dea479c9e982b6b918c474a7da1733507784f56d603672d600a5da7232c68dd
docs/operations-manuals/manuals/mrk/COK-MRK-05-06.md,documentation,3529,6abfc332430491abeaf12b6ab427f17283bd3a1b141305b12a3f0843de98f6af
docs/operations-manuals/manuals/mrk/COK-MRK-05-07.md,documentation,3529,f0122227d74ffd10140076ee82247879227e70060346820af9e0a048cb000e06
docs/operations-manuals/manuals/mrk/COK-MRK-05-08.md,documentation,3577,c5a1d5ea4dab8c0d850f197b90fa051aae770f3ee7a47da0fa1c80bfa7ee0516
docs/operations-manuals/manuals/mrk/COK-MRK-05-09.md,documentation,3538,bc88caf1a70419e3bbe348e12a5913ca90d58b9dc28e66fef4c4de44704d0619
docs/operations-manuals/manuals/mrk/COK-MRK-05-10.md,documentation,3529,2f8dd86724f2fe274d393f7e94e5678bd696883b5e58d16c56f37b431bb7cfda
docs/operations-manuals/manuals/mrk/COK-MRK-06-01.md,documentation,3508,b35089792aee9378a95bbce22d7ded34bb1fc43999e09b8c95168b2952b57701
docs/operations-manuals/manuals/mrk/COK-MRK-06-02.md,documentation,3508,6ade9017c58cb5e5604f1c0f8dbc43ae12a5e90fc1a0bb62eee3a2b8ace67292
docs/operations-manuals/manuals/mrk/COK-MRK-06-03.md,documentation,3526,017427dc66ab9d893e3982e2565ba2a4781aa0e4eb7f7d571689e625fba1f26d
docs/operations-manuals/manuals/mrk/COK-MRK-06-04.md,documentation,3508,ec024ed0fc2ef007a3f895608478690c45edaf9cc756df0da611e200ddb7f9f1
docs/operations-manuals/manuals/mrk/COK-MRK-06-05.md,documentation,3508,fe940d400b5afe953cd127e2e43a5f6216ce824df6d345f1c2f9871ef84454b7
docs/operations-manuals/manuals/mrk/COK-MRK-06-06.md,documentation,3508,e47ee0f68a5b0b0c7acb3db9535ae58de0a90e31be22276801cb7482c60a5597
docs/operations-manuals/manuals/mrk/COK-MRK-06-07.md,documentation,3508,dab2d55907e1ad5e4ce92ed630c7f553339811dfd9858515079f2d0f98774330
docs/operations-manuals/manuals/mrk/COK-MRK-06-08.md,documentation,3556,13d610d776b5b907deafa561f4b4619c48df8baab4be45a525bf94f2a1c0dbb2
docs/operations-manuals/manuals/mrk/COK-MRK-06-09.md,documentation,3517,c9fc04334112b929f261ee20a91b8e40d65820595c04165fc6a29f30e56ef89d
docs/operations-manuals/manuals/mrk/COK-MRK-06-10.md,documentation,3508,d74167fb9cfafdac4348a252c58fec969a679aee7a81d35d29f1c78e00aba681
docs/operations-manuals/manuals/mrk/COK-MRK-07-01.md,documentation,3499,0283db2b2e98c85425fcc73d5fc1f5ad368a7e279673c0268555628c5894a47c
docs/operations-manuals/manuals/mrk/COK-MRK-07-02.md,documentation,3499,068d39df66ca8426e478326a7f7f8c1b076c082178b610fedc6f5094947d6d04
docs/operations-manuals/manuals/mrk/COK-MRK-07-03.md,documentation,3517,7e65005e5955d17257caddd6e98386fb5f5a640f6a2f0333d2443780bf1481f7
docs/operations-manuals/manuals/mrk/COK-MRK-07-04.md,documentation,3499,b62d9535bf694c7a0fb54277f27a894e95558faa2d89233704bdf8607b1d7487
docs/operations-manuals/manuals/mrk/COK-MRK-07-05.md,documentation,3499,c4564c12b81aa63b65a9563d18df4d5c30b2f4f6ff876cbcab775f9657ccd3f9
docs/operations-manuals/manuals/mrk/COK-MRK-07-06.md,documentation,3499,558137346b9cbcb8255c0be1d7663ac493095e67f8355d040310910a6f0dd5d7
docs/operations-manuals/manuals/mrk/COK-MRK-07-07.md,documentation,3499,46ae6658d78bca0422e905f5e535e5a636552a5adcf4f9f2dd193b0e32c5302c
docs/operations-manuals/manuals/mrk/COK-MRK-07-08.md,documentation,3547,ff35a7177010110acbb21cd5df9fd8e9762bfcfbd3e83fc44af6098ad655b283
docs/operations-manuals/manuals/mrk/COK-MRK-07-09.md,documentation,3508,7a4717efa7d49ddaba308d1f446337c09d1e41f83ac33c9f36d62272eae42968
docs/operations-manuals/manuals/mrk/COK-MRK-07-10.md,documentation,3499,fd5839de23d5a28e6214e6102b344d8172b470ad80358c04ce17eaa4c6e273f5
docs/operations-manuals/manuals/mrk/COK-MRK-08-01.md,documentation,3508,54fa934ad8669b73d9fe7c7da060654575476b69a7c55908bccf7c7e973dda21
docs/operations-manuals/manuals/mrk/COK-MRK-08-02.md,documentation,3508,2ab577b34a2b7f633df8acb39ca2a2856d0c59bb4d64a693792bbfcad6d4ba64
docs/operations-manuals/manuals/mrk/COK-MRK-08-03.md,documentation,3526,8389109379cd96baa75b9af8fdbaab9cef6b5c52bb20156be6672ef71c5606f1
docs/operations-manuals/manuals/mrk/COK-MRK-08-04.md,documentation,3508,be38e01a0670cf9176b9c0b7a5b2eeb78a50cf8ea41a52b925c9ff75caef28ff
docs/operations-manuals/manuals/mrk/COK-MRK-08-05.md,documentation,3508,67240db403e64eea5415ba1856903aa3586ccbf2490f878812469e87af1e7ba6
docs/operations-manuals/manuals/mrk/COK-MRK-08-06.md,documentation,3508,cae0dfac3fcda88a3a813dc3a4778cde4ae8d2102f1a6942865c5aeef723fc20
docs/operations-manuals/manuals/mrk/COK-MRK-08-07.md,documentation,3508,b4fb5a4860e1fece198fa77a13fb3ba40600184b88a727a2b4e12da03a0d06ee
docs/operations-manuals/manuals/mrk/COK-MRK-08-08.md,documentation,3556,b29fea23df7a9a7fb28fea5553eb312c51e7b38275201bba0a75053add90f298
docs/operations-manuals/manuals/mrk/COK-MRK-08-09.md,documentation,3517,4dbaa34aed8ada71d73e069acc509e00cb269ceb2a0c6fd584ede38b3c7bd302
docs/operations-manuals/manuals/mrk/COK-MRK-08-10.md,documentation,3508,fa970a58e5671e32d04c14a85885fc9deb587d9ba887a2d4cc4f6a94f474b2ab
docs/operations-manuals/manuals/mrk/COK-MRK-09-01.md,documentation,3529,d8f2875ee2434176ee0f1cbd1be12b1343292417365f228e7f05203fb783ff43
docs/operations-manuals/manuals/mrk/COK-MRK-09-02.md,documentation,3529,52b704aaec7f61410b090310f155d2466d706b7ee97c10f2150af55ca239bf83
docs/operations-manuals/manuals/mrk/COK-MRK-09-03.md,documentation,3547,99e703e3eebcc8a7cfa9323a420f574bb89004940be1cb4ffda9fe9c4b8e6a21
docs/operations-manuals/manuals/mrk/COK-MRK-09-04.md,documentation,3529,785485bb1cb5477fb3709d729bfb567479b95adc7f662cac2224a001f7e5c77c
docs/operations-manuals/manuals/mrk/COK-MRK-09-05.md,documentation,3529,f6a70b8de0a4f43cfba5163ee692116d7265508fcac49fd775bc93e693f37750
docs/operations-manuals/manuals/mrk/COK-MRK-09-06.md,documentation,3529,2b7ababcdf5434c1e6d235979ec58622abc56b3bfa9ec5d2a81665b5a9117cc1
docs/operations-manuals/manuals/mrk/COK-MRK-09-07.md,documentation,3529,2f76c2de18f51b42153cf51fde16c5022b88bf5cb4b0a1b73522372606d39ca4
docs/operations-manuals/manuals/mrk/COK-MRK-09-08.md,documentation,3577,0fab8fc1c744abce6c3feeb090eb9ef918238547ab6186902d2b0dd3631f0dc6
docs/operations-manuals/manuals/mrk/COK-MRK-09-09.md,documentation,3538,0f98754c643207c2432c6adfd24c651d87bbce1656ca2613dc63e7bfaacd87e7
docs/operations-manuals/manuals/mrk/COK-MRK-09-10.md,documentation,3529,4aca65ada904c82e0b45e20bc603fe04ea3dbc460d2ad90a3cea6721abc26964
docs/operations-manuals/manuals/mrk/COK-MRK-10-01.md,documentation,3550,6a6f873dbcc8b5cdb33d68bac20f41a9eee13fbe686f2f59412eadc892897eb3
docs/operations-manuals/manuals/mrk/COK-MRK-10-02.md,documentation,3550,db66d36ed4030107c24fee76eb4f015b9cdbd10a2155a2f01b497f4f20cf1e4a
docs/operations-manuals/manuals/mrk/COK-MRK-10-03.md,documentation,3568,32f26d5d316d74c47c4417cc05140f168ed3982de88c76c4e6c4cf209d9f0baa
docs/operations-manuals/manuals/mrk/COK-MRK-10-04.md,documentation,3550,0c56b07f7e6e7e8b7b32e4592cc46a984b38007c404aac633aea82608f930a0f
docs/operations-manuals/manuals/mrk/COK-MRK-10-05.md,documentation,3550,5ee913465cb9ffa82bda204fc6876a3aff422d8d021e99440f80799600bcb160
docs/operations-manuals/manuals/mrk/COK-MRK-10-06.md,documentation,3550,dbce0530e5344c8cb104654636cf897184bd31a5590cc3878ce72dd5ea3f966a
docs/operations-manuals/manuals/mrk/COK-MRK-10-07.md,documentation,3550,808e3f29571be07733db7847298cb8d5ede81ce47993c81ec6f09a3f3350aefe
docs/operations-manuals/manuals/mrk/COK-MRK-10-08.md,documentation,3598,44f08ae1a08c00c76b6bce9c24732c7bd15338a68f2d9b79eac2affca5e58af4
docs/operations-manuals/manuals/mrk/COK-MRK-10-09.md,documentation,3559,34a0f30950c740d4c12004416a1497954f706fe243f9b0f566eab4273bee8b1b
docs/operations-manuals/manuals/mrk/COK-MRK-10-10.md,documentation,3550,2b949daaebf7392981f84dab0ab107072f498e8d8ee55a5004e0b214b0458306
docs/operations-manuals/manuals/ops/COK-OPS-01-01.md,documentation,3528,2ead4ff5e44c6d4917f1d5199a8b16330d14b2e0dba9864da0775f055e09a943
docs/operations-manuals/manuals/ops/COK-OPS-01-02.md,documentation,3528,333a7bb8edf5c2486cbea6eb98bd50e8e37e1b8c5e672c57031147d172dd0e2b
docs/operations-manuals/manuals/ops/COK-OPS-01-03.md,documentation,3546,2a96d4574967e1dd79f55c3416c2708c6074fa8a9d8b2ddb2cf871986483cac5
docs/operations-manuals/manuals/ops/COK-OPS-01-04.md,documentation,3528,f64fc776e3f9d507a44ae8a894f6169c39b986ee57e54f558c6e57b3746e32dc
docs/operations-manuals/manuals/ops/COK-OPS-01-05.md,documentation,3528,729277d0087e449ae28f627de8b9fe987a99461c57a4009ad72513e85a9eb73e
docs/operations-manuals/manuals/ops/COK-OPS-01-06.md,documentation,3528,8ffc3857a38925d5be7421ed4fecdbf0d711d30d4363ed3dcbf82fcbee058eb0
docs/operations-manuals/manuals/ops/COK-OPS-01-07.md,documentation,3528,5748657a6819a02010bae913098f67cade98a7b6f624c8c23955f131f30f2cd4
docs/operations-manuals/manuals/ops/COK-OPS-01-08.md,documentation,3576,8f0018724597665f54327cfa0d8bbf49e4c5763e546ab49b373c1bad3b9a33ce
docs/operations-manuals/manuals/ops/COK-OPS-01-09.md,documentation,3537,682a79145e573d7ea2b52c04bf8f7c564f9e83c2adc231e5cbed6ac2d2bb3976
docs/operations-manuals/manuals/ops/COK-OPS-01-10.md,documentation,3528,4c2b3c149a1e55ed0f043120191d3375d9f20e62f20bf8fb873808b974bbfe93
docs/operations-manuals/manuals/ops/COK-OPS-02-01.md,documentation,3537,d6d7fde9573fd678b017823c56fad7d2ff58bcfcdba04bf2a592e66958d54aed
docs/operations-manuals/manuals/ops/COK-OPS-02-02.md,documentation,3537,ede0bec6d23c012e0f4763dfb1719ab2c44e51b6962ed8b8f764d8a4705ec835
docs/operations-manuals/manuals/ops/COK-OPS-02-03.md,documentation,3555,e7299542b2df56fd97a6bb7164dc6fc36c64f21f484f9f6ea9dd7d2b219ef451
docs/operations-manuals/manuals/ops/COK-OPS-02-04.md,documentation,3537,e572f8efe6a5debe4c8cb16a0ee8e16295929881fcbf031b8a219b0e013882e7
docs/operations-manuals/manuals/ops/COK-OPS-02-05.md,documentation,3537,8cdb0722950f44a45c22bd74664f5ccf93d70717da3c287580036bfba5597442
docs/operations-manuals/manuals/ops/COK-OPS-02-06.md,documentation,3537,d62381e726c712386ce8310a3e99355a2196cd88a7e19151da25f570ab903ec5
docs/operations-manuals/manuals/ops/COK-OPS-02-07.md,documentation,3537,6a882875b122f049a5b91a560f0746e65a22ed8436142ce9c2babbbf7e507b79
docs/operations-manuals/manuals/ops/COK-OPS-02-08.md,documentation,3585,42d5a5bcf3076ab71875c20f23f208e400cf6fafc00bdd36ea07bc34cb12e1b4
docs/operations-manuals/manuals/ops/COK-OPS-02-09.md,documentation,3546,a150baffaa87e26f04e2eadd6bd0a50f7a1be1d8f9802fcd9bc59b6bdd068a34
docs/operations-manuals/manuals/ops/COK-OPS-02-10.md,documentation,3537,642e0cee152b7b4cdbd3903a652ea0333eed59e3940c9b652279526c423c046a
docs/operations-manuals/manuals/ops/COK-OPS-03-01.md,documentation,3537,bff56cfcc62482c725eec0a12e77087cfc3a3015f8d499d7af3455883d5e9fb9
docs/operations-manuals/manuals/ops/COK-OPS-03-02.md,documentation,3537,2a6e446c99c460d20f3e35432db09ae4dd8d1d3ebdde552070c0d43affbc16b2
docs/operations-manuals/manuals/ops/COK-OPS-03-03.md,documentation,3555,ae795fd5d7978930d880e79f6ebade9d5187cbe3ad6d71d549a31c63adde4a67
docs/operations-manuals/manuals/ops/COK-OPS-03-04.md,documentation,3537,9e4143b39cd25d1c8db5b6c83c472b06cc1697d9c51a6b7643e91e760d706931
docs/operations-manuals/manuals/ops/COK-OPS-03-05.md,documentation,3537,5784aef3b7f6a7b2710af972b4dd8e4bee983ec286507fa7548df6824cee1890
docs/operations-manuals/manuals/ops/COK-OPS-03-06.md,documentation,3537,38e2a0d2947cae60a29bd977ea2de9f6f27631c7519d8769217a907633a243ea
docs/operations-manuals/manuals/ops/COK-OPS-03-07.md,documentation,3537,4abbb9af4c7ae5ca7be3fdcb0a7deb903d9def7c7e1b79235afe3dc26262cb19
docs/operations-manuals/manuals/ops/COK-OPS-03-08.md,documentation,3585,8b1e5dca881ad91eed71d6705dd3e944b461ccd37c998fcbb027a1a7dc79d314
docs/operations-manuals/manuals/ops/COK-OPS-03-09.md,documentation,3546,ee92ab27bc3cc6210e5037e09243043aea96b7c30484f6536698b10bd6359cd4
docs/operations-manuals/manuals/ops/COK-OPS-03-10.md,documentation,3537,801bfe950d861b4c0ddf8ca46019bfce9519adcfbb02dcf42a9faed6ae4e4c28
docs/operations-manuals/manuals/ops/COK-OPS-04-01.md,documentation,3537,fc8586c34e4436e8ecfb570658c543575ed69f0edef3272f4cf5a3a21a3828a3
docs/operations-manuals/manuals/ops/COK-OPS-04-02.md,documentation,3537,8286f3ab4be250001f20901c20d7bb5e9bc4349529b433df4a7959121bc88f65
docs/operations-manuals/manuals/ops/COK-OPS-04-03.md,documentation,3555,ce2a16c0edeb41e766a64333f0882d709c482080f0fa7f052149229562c91f07
docs/operations-manuals/manuals/ops/COK-OPS-04-04.md,documentation,3537,4a35e07fe0646441cfbf638eefc3c52036beb0f0306a928511f7a56a6e05d6e0
docs/operations-manuals/manuals/ops/COK-OPS-04-05.md,documentation,3537,3454e115ac5458feb7736807d54f98f63772f05d918b19496613a8b20b42a247
docs/operations-manuals/manuals/ops/COK-OPS-04-06.md,documentation,3537,f68ca2e8a0fba15d440b86afd44f2480399f9d713d4df9458f5f7c5c4c0aa275
docs/operations-manuals/manuals/ops/COK-OPS-04-07.md,documentation,3537,df0590234bc9ad2c8145aadb85c88e8da157191dbc0b8d80f4c308191498d141
docs/operations-manuals/manuals/ops/COK-OPS-04-08.md,documentation,3585,65bf6aaaf002b84f342f8d023ebdf82e03b5deeb9a3f1025d4769b13015bba92
docs/operations-manuals/manuals/ops/COK-OPS-04-09.md,documentation,3546,27658c3bd606785c4670f4ced5ac50ff38484384caffea130617f4ad4a26801a
docs/operations-manuals/manuals/ops/COK-OPS-04-10.md,documentation,3537,72365696d0765402cfccc709a52aac5faba26af91fca2a34dbb383135692f58d
docs/operations-manuals/manuals/ops/COK-OPS-05-01.md,documentation,3516,03ceddda6bd9a8fc03d998a46231925c97b93c41f399a58fdd13fe47adfa95e5
docs/operations-manuals/manuals/ops/COK-OPS-05-02.md,documentation,3516,cb21de6a542124af2221f49ab197b1e342c391282424fcd379dcfc39bf045548
docs/operations-manuals/manuals/ops/COK-OPS-05-03.md,documentation,3534,8bcc803bd46aa3baaa1a6ca7719da7140d11436413a3fdc44cf02f1bff6188ce
docs/operations-manuals/manuals/ops/COK-OPS-05-04.md,documentation,3516,fd6a1996990d5e823ed0680a14cfdf65b2c1c4c567434b8ddbe3ece788506e44
docs/operations-manuals/manuals/ops/COK-OPS-05-05.md,documentation,3516,b33776d93bf96743c4fe9a3b87b2234aec8eaca7c2b1b4cb443d1b665558bf15
docs/operations-manuals/manuals/ops/COK-OPS-05-06.md,documentation,3516,a1d7994efa5eb4251c105cf3ff9d8c316772cd46a06587799e4e059dd28d0ec0
docs/operations-manuals/manuals/ops/COK-OPS-05-07.md,documentation,3516,d293d88da1af5eb131cbd8e53a4625d44bc1e1936dec481eabac6ab690c0be85
docs/operations-manuals/manuals/ops/COK-OPS-05-08.md,documentation,3564,eaa71b6aa1139307335408a0c473f3dfc4e9eaba9e8c0698c3bba78def35d208
docs/operations-manuals/manuals/ops/COK-OPS-05-09.md,documentation,3525,7b0db323b91109c4c1b4f3264e294f450cac12d7f16b5502f623528350273bb5
docs/operations-manuals/manuals/ops/COK-OPS-05-10.md,documentation,3516,9435da28a7aa86d413fc820defe5ad4a5819666ac088b44fd835eea910e0666c
docs/operations-manuals/manuals/ops/COK-OPS-06-01.md,documentation,3546,47ec265950320abba43be305e7c642d5389f5ba0ba1447f686635fab926b7fc9
docs/operations-manuals/manuals/ops/COK-OPS-06-02.md,documentation,3546,de74241070b5a378df09d94c510d10ec8b834f0e6de19b3949b280ca9fd9ea80
docs/operations-manuals/manuals/ops/COK-OPS-06-03.md,documentation,3564,d5ada060e55c0c07dd0635c02bb792d15d0f75912da3a1277697a07759a85687
docs/operations-manuals/manuals/ops/COK-OPS-06-04.md,documentation,3546,cbd9c7dcec763bd020a71928f474ca090aef16afde5fa133bac98e63959acf70
docs/operations-manuals/manuals/ops/COK-OPS-06-05.md,documentation,3546,be913d9266a2ec677417b4b1954c9a43d3342ca229f3b07b749976d7ad9e4f3f
docs/operations-manuals/manuals/ops/COK-OPS-06-06.md,documentation,3546,e6cff7c8a0032434307d7e2db9958c4000054a295fbd993800b284df98ef85b7
docs/operations-manuals/manuals/ops/COK-OPS-06-07.md,documentation,3546,31bb975e76e093c5961a7fbeb8035e3e7bf6e80ae2d47de9af5a5d7d49f732e4
docs/operations-manuals/manuals/ops/COK-OPS-06-08.md,documentation,3594,ccc9dd0fbd70f72cbab650df3c2b0a93a13be41c41f6e789ecfd5415b07f6e48
docs/operations-manuals/manuals/ops/COK-OPS-06-09.md,documentation,3555,9ce000a27fb9661366de4f9d8335f5b084a3a3e27c864b6ca107baa043730f89
docs/operations-manuals/manuals/ops/COK-OPS-06-10.md,documentation,3546,9d067b62e257db0cdc2ccc15f3e4d3b0c4e9b708ce811d93bdb2cef700dc2ddc
docs/operations-manuals/manuals/ops/COK-OPS-07-01.md,documentation,3537,d74bda7e4471a2c30beb7792bd294fc2c6c3bb475ab5ca80bdfffe33eb19b538
docs/operations-manuals/manuals/ops/COK-OPS-07-02.md,documentation,3537,38946415e75c8937b4a2798a983bf41ef9c534b814c0ed66d7e725cf73a78308
docs/operations-manuals/manuals/ops/COK-OPS-07-03.md,documentation,3555,65f0f4a229946a08e305c49ceb7437de18f5244ca4c4144f7db5af568d3936f4
docs/operations-manuals/manuals/ops/COK-OPS-07-04.md,documentation,3537,ac5156cda42e088b486065fb5268dbfd6e1469c63324eb435a548ad4e3f15287
docs/operations-manuals/manuals/ops/COK-OPS-07-05.md,documentation,3537,627a55f78aa636f8985ff24cdffb3431e934c258239f387f7355f71823414827
docs/operations-manuals/manuals/ops/COK-OPS-07-06.md,documentation,3537,71e8c94af925027f4d44d4713aefd695d1d02ed05330ce72af7ccafac9d10740
docs/operations-manuals/manuals/ops/COK-OPS-07-07.md,documentation,3537,670928b1d103139beaa951ce8b1200c7006833bdf9bbee35278f55200b2602b8
docs/operations-manuals/manuals/ops/COK-OPS-07-08.md,documentation,3585,fbbd7b838969ae809db44be610f3dd47ae7fa62c20863e011651f924a77bd33a
docs/operations-manuals/manuals/ops/COK-OPS-07-09.md,documentation,3546,e7696c61862ee5defc282013082605a1998aad9bbe262519f6864d37cd4ec60e
docs/operations-manuals/manuals/ops/COK-OPS-07-10.md,documentation,3537,c62a0fd2c0ef9743bef23ba967b0b7527ef0099530b14c47c054902d658fd3b7
docs/operations-manuals/manuals/ops/COK-OPS-08-01.md,documentation,3537,0dc1239d90985fb35ee4f0ece21b5a69c79e39f3013a42b0f3708fe9e43d2baa
docs/operations-manuals/manuals/ops/COK-OPS-08-02.md,documentation,3537,7986647878ad841cc36c6ae11bdd6772159e6c8785c3c7f903bcdd795585168c
docs/operations-manuals/manuals/ops/COK-OPS-08-03.md,documentation,3555,240c75810e28134736d1235b8323aadf648dd1e257217a4ade9f6c90481ae4f2
docs/operations-manuals/manuals/ops/COK-OPS-08-04.md,documentation,3537,55bb7c3cb75136e4c41bd748346b0d600fbe9c889a0ef96c2a2108ab954bc630
docs/operations-manuals/manuals/ops/COK-OPS-08-05.md,documentation,3537,465664f749f70cf3228d3c714e2d707046715108f5a9e1762b677d3fc32ad2bc
docs/operations-manuals/manuals/ops/COK-OPS-08-06.md,documentation,3537,9d68c6b1e4f4a00f122e11afe212c9c5b8fd1ec1f7ee9a7ba9b443f94f594748
docs/operations-manuals/manuals/ops/COK-OPS-08-07.md,documentation,3537,dab63fd9e484deead52b41ee21b3884fb1b476c01d4037798145049ceef3f3dd
docs/operations-manuals/manuals/ops/COK-OPS-08-08.md,documentation,3585,f66c4c3c8dcd098c43fcdbfe554658987fbc9dee9c07550c5f195432141a395a
docs/operations-manuals/manuals/ops/COK-OPS-08-09.md,documentation,3546,08cb8fb623e91f957d6e84e06208af29e2baeedf43e157b57c6b87691baceea7
docs/operations-manuals/manuals/ops/COK-OPS-08-10.md,documentation,3537,c2e52c57c574c64888a6c7679e6fc154ea01fcb7c7fad888c708adbdac32e938
docs/operations-manuals/manuals/ops/COK-OPS-09-01.md,documentation,3567,6c7c26d05d8de9355637e5ab57c0b28fec8de4006699564c8c23afda548ebd50
docs/operations-manuals/manuals/ops/COK-OPS-09-02.md,documentation,3567,7a4296bcf435832213d5e41f96b440c70eb3ee43c351509c4173a31ba20c44ee
docs/operations-manuals/manuals/ops/COK-OPS-09-03.md,documentation,3585,06f82eec628a1f088039772dbb6fc42f5f686bb8987bf31318d39fb972ec4734
docs/operations-manuals/manuals/ops/COK-OPS-09-04.md,documentation,3567,dda4c82056801f18aca8408c86f49abdef0eb084ba0385ff30492ec0eb64655b
docs/operations-manuals/manuals/ops/COK-OPS-09-05.md,documentation,3567,82e1b3854ae9e11e361d28dbbc1a685089f57c1cbb51870805365a94e938545f
docs/operations-manuals/manuals/ops/COK-OPS-09-06.md,documentation,3567,f1345e2a83f71d484ffea774933fbbc2f484d95c1c0052dd99bac375c3317b67
docs/operations-manuals/manuals/ops/COK-OPS-09-07.md,documentation,3567,120786086b734d9aaf8b5c656bb96ff352ed65fd4638bd2ba25a96fb2197a806
docs/operations-manuals/manuals/ops/COK-OPS-09-08.md,documentation,3615,e66afc83a5d4b06685590bac7c1542f641bab7cdc5ea37aba590f5420e4ad363
docs/operations-manuals/manuals/ops/COK-OPS-09-09.md,documentation,3576,d59a44976c2bc7ac13d1bbe14d954b0a2e10ec7019c3a78ad8ccaef11ee6a7e2
docs/operations-manuals/manuals/ops/COK-OPS-09-10.md,documentation,3567,743f4c8b96a749924b2b645c790592e8fc588163acfc6e626ef1fe15f586cfde
docs/operations-manuals/manuals/ops/COK-OPS-10-01.md,documentation,3516,9c4b4b0fe0af78b98cecdef113600bd9a5e5232356949dc1e22b919b140e08d7
docs/operations-manuals/manuals/ops/COK-OPS-10-02.md,documentation,3516,e3cb83098571622fdde84180b02ded904493aa39ab5727cad15ebb0a0a3b6dc4
docs/operations-manuals/manuals/ops/COK-OPS-10-03.md,documentation,3534,d98f312cb30d1064678cb0fad8561c7085741a9f815f78f8a5133cf579b5e57b
docs/operations-manuals/manuals/ops/COK-OPS-10-04.md,documentation,3516,08b9da52cede07a2bf5db715ee22e9dbd13a7439f4f9dc360d964db3b4801fb2
docs/operations-manuals/manuals/ops/COK-OPS-10-05.md,documentation,3516,739ed00503ce1fc6abc5b038f820a835efc1fd3ff21ebad2864e7d10cea69b8c
docs/operations-manuals/manuals/ops/COK-OPS-10-06.md,documentation,3516,b4c78fe2ff8d16cd9c38d9ab23ba7a2815f465db6a2d2d07395afc26579cabe6
docs/operations-manuals/manuals/ops/COK-OPS-10-07.md,documentation,3516,3c79d432039c2b63cee06df7ac56d347cf6409c36a9ea7c04a5f637f0abeb325
docs/operations-manuals/manuals/ops/COK-OPS-10-08.md,documentation,3564,1b03497cb5d3658195236b8a0bf2fbb8da19cdd2f8c323658cd13b4b5d5520e6
docs/operations-manuals/manuals/ops/COK-OPS-10-09.md,documentation,3525,a05fca51609f8d7f9da27fc06b6a9bea2dcb8a4b76e70017c1550d0894e2373c
docs/operations-manuals/manuals/ops/COK-OPS-10-10.md,documentation,3516,ba9f9ed9e5bc414517b1f6c30f8c669b7e745288da35f8e20c29adacd811b7be
docs/operations-manuals/manuals/peo/COK-PEO-01-01.md,documentation,3514,bea779e951e261a00652ef6b696c3a76e22f7748479e35558a30a24f5205bc51
docs/operations-manuals/manuals/peo/COK-PEO-01-02.md,documentation,3514,8494139d551fed569e334f25bffa98283e539c12e1a2b2bcbaab7f140094b74d
docs/operations-manuals/manuals/peo/COK-PEO-01-03.md,documentation,3532,ff20ea2dd0543ca5afd85f7410f9c0b383b86bb0090f226f272d0d4907259d08
docs/operations-manuals/manuals/peo/COK-PEO-01-04.md,documentation,3514,24b40f0b28a6b58e0042eb3e62a2ff19ab6e2335dba87049105c698fc94e6e7c
docs/operations-manuals/manuals/peo/COK-PEO-01-05.md,documentation,3514,748929e71c85f1f758d194e4516e38f43e85cd9ddff1d73703caf59797b8ecbe
docs/operations-manuals/manuals/peo/COK-PEO-01-06.md,documentation,3514,e65d8b4026eaf87f5317d4cc8c445f64bb10f5f9ba33ef44dddb93878f20a40c
docs/operations-manuals/manuals/peo/COK-PEO-01-07.md,documentation,3514,491145090435e754927d8bff141c6b155678ece0c932e4c0982e6d97c6a33e57
docs/operations-manuals/manuals/peo/COK-PEO-01-08.md,documentation,3562,bfd975eae176a1fa6b7ba9535d2ef4ab0273aa8ea909c91a5975b87d55063d83
docs/operations-manuals/manuals/peo/COK-PEO-01-09.md,documentation,3523,80cae96d1c5b777249affe8dbf74d4d6d8eb23c8a5124e50f8179b665306a1a5
docs/operations-manuals/manuals/peo/COK-PEO-01-10.md,documentation,3514,0d4653d0de62bcc7c64fbebe342d290a15a3379bb6495d89bf2bdd1f10e10e83
docs/operations-manuals/manuals/peo/COK-PEO-02-01.md,documentation,3496,f9c98798eb12804cb2c0923146ad3656dddb8fb7f19e02dac07027b46abfc5d1
docs/operations-manuals/manuals/peo/COK-PEO-02-02.md,documentation,3496,1eec144d4759f9d3dd5d111e3932b6bf43126fbb771c199c6de23f198ebce179
docs/operations-manuals/manuals/peo/COK-PEO-02-03.md,documentation,3514,20ba8196bfba8bf86fdbd23aa2cc8fa0b90bd77e26d7312625cec3c7ead63b9a
docs/operations-manuals/manuals/peo/COK-PEO-02-04.md,documentation,3496,a1c4a6c1bf9197ae386a6c10333236bd45446654672f7e58e6f91c16e933cc56
docs/operations-manuals/manuals/peo/COK-PEO-02-05.md,documentation,3496,deb2335f72602756507265bc80aa94261cdde496f65bc94d229f1229ed4dfd4f
docs/operations-manuals/manuals/peo/COK-PEO-02-06.md,documentation,3496,745e24244f29c256c150a0179f6ff2c4cf3e466a49ea9a65d1ef77b129926b10
docs/operations-manuals/manuals/peo/COK-PEO-02-07.md,documentation,3496,3f8428f982ddd5e6baefd4ab6bb250b6c66eda63005abc5c99dc54248e9115cb
docs/operations-manuals/manuals/peo/COK-PEO-02-08.md,documentation,3544,79acf15aa5d4a9391e79f8e576309b36016c57c85840d8a47efdc60f9c17eff9
docs/operations-manuals/manuals/peo/COK-PEO-02-09.md,documentation,3505,d578c307055b1742e34051232a897171bb2dd3f5cb8aef50b25607e0ac6b05cc
docs/operations-manuals/manuals/peo/COK-PEO-02-10.md,documentation,3496,a3982833e0fc06ccef77edb91e299f8ff1361ebd879d1e5bc745347582df5b97
docs/operations-manuals/manuals/peo/COK-PEO-03-01.md,documentation,3526,86578d40553fca318baa9911fa5c2902ab6a382227bc6f7f5672cbe3fe8844b6
docs/operations-manuals/manuals/peo/COK-PEO-03-02.md,documentation,3526,5b7983367476632416140acc6117df8d5c28964b673410cae2e880e4c81cb49e
docs/operations-manuals/manuals/peo/COK-PEO-03-03.md,documentation,3544,59ac239f0dfd69e72fa8afbc329be93c6c200dfb3128f20f45eef1386cde3287
docs/operations-manuals/manuals/peo/COK-PEO-03-04.md,documentation,3526,432612ce9120e16834e215a22bea8b44f3548ecf34603032dfcbcd3bd5af2db2
docs/operations-manuals/manuals/peo/COK-PEO-03-05.md,documentation,3526,4df89e59d9263697eac50c02b07def32d90d23d4b28361db20edabbe9db60387
docs/operations-manuals/manuals/peo/COK-PEO-03-06.md,documentation,3526,1df1c2b780085dc2bfe3729e0268fcbd0eb11451776cf98938b53b446f72628f
docs/operations-manuals/manuals/peo/COK-PEO-03-07.md,documentation,3526,bf876f2a0622812cb87bc843a0be3d9bbcf20467da753a1a5d496798a4c77352
docs/operations-manuals/manuals/peo/COK-PEO-03-08.md,documentation,3574,794c7152e336950b5ac2c3ebd87b982dcd438db1380ecef239d27a590fe67617
docs/operations-manuals/manuals/peo/COK-PEO-03-09.md,documentation,3535,149be04357f0b597fc581c1255d791bd3bcd39506a2621635c6a8db1fde8fe7c
docs/operations-manuals/manuals/peo/COK-PEO-03-10.md,documentation,3526,668c76c3429b10183afee4a6b719ab52abe935e8af1df67887532e9c4bc1ed7e
docs/operations-manuals/manuals/peo/COK-PEO-04-01.md,documentation,3496,09b00f279637dd7de6adb708c6efa993707c6d21a6b03200cf4553fa8a134c6c
docs/operations-manuals/manuals/peo/COK-PEO-04-02.md,documentation,3496,2cf8064a66dfc76ea032784eb0cd6a459180159dbb0b910a02b59c8488b23e88
docs/operations-manuals/manuals/peo/COK-PEO-04-03.md,documentation,3514,2c7d1da585b22ffe321757a7d6c3cf38a5bb64795600aa1ecda5c5c73348529b
docs/operations-manuals/manuals/peo/COK-PEO-04-04.md,documentation,3496,f6e9541a62b32fb9aa49b73c4f509556c9bdd98307244ad12063e54c9f337622
docs/operations-manuals/manuals/peo/COK-PEO-04-05.md,documentation,3496,3f238c9ec47c8d06331f5bcc2e3334b060a0726fa253c5a09e9119ff432326db
docs/operations-manuals/manuals/peo/COK-PEO-04-06.md,documentation,3496,82cbc5ad17a21bdc5df11f40e1bf80a60c0cfe7da7b3fb5ccedb97fe7d2283a3
docs/operations-manuals/manuals/peo/COK-PEO-04-07.md,documentation,3496,53035977592c975689041c094cef0afe5f66e7ef95d48122c042d9abe3c08c97
docs/operations-manuals/manuals/peo/COK-PEO-04-08.md,documentation,3544,82a92cf81d5b3c3ae3296f728d354f4b3ea404f9b4f113460433daf7e355cf2f
docs/operations-manuals/manuals/peo/COK-PEO-04-09.md,documentation,3505,4c1b441d65d85bc71ce988135f3add31b8064c292117cc115055810239b6390f
docs/operations-manuals/manuals/peo/COK-PEO-04-10.md,documentation,3496,fb08ee319a97a815b53ea9affc19a294efaeb78d32c052a1bad33692c475059e
docs/operations-manuals/manuals/peo/COK-PEO-05-01.md,documentation,3505,8a93568da4d4e13e4709a27470deac1c414bed5791b8b76e86d9363a0907ad20
docs/operations-manuals/manuals/peo/COK-PEO-05-02.md,documentation,3505,8f297b3d4e8a9d29983ddc62e906ca12c6931f6abd01a4f69fa2500fe7afbafb
docs/operations-manuals/manuals/peo/COK-PEO-05-03.md,documentation,3523,56e7684284b0895a5194ddc4567e607aff7e654e72c6f2f80438bf6253b2832f
docs/operations-manuals/manuals/peo/COK-PEO-05-04.md,documentation,3505,ace3758dae234500a3f340b8e703ff1317bac2e90ae560afc616aeef30bcc29b
docs/operations-manuals/manuals/peo/COK-PEO-05-05.md,documentation,3505,64180bea40d90659ede6e32fabd82d89d38c388f6edf56cc4783d59409480e05
docs/operations-manuals/manuals/peo/COK-PEO-05-06.md,documentation,3505,e3d6555164772a52a3e46e813d4bda54d78a3c6b387400890b5ae95d67588c6e
docs/operations-manuals/manuals/peo/COK-PEO-05-07.md,documentation,3505,39b09db625af9a02e0544cd770111164e4cb0cad3ac9622bf55f4ff1e9bdcf5e
docs/operations-manuals/manuals/peo/COK-PEO-05-08.md,documentation,3553,cfab22a50119ed31ba3b32564f33eba5310e843ffcb3da487af122d93520f817
docs/operations-manuals/manuals/peo/COK-PEO-05-09.md,documentation,3514,85e1607c6ba24b5063a27bf22663b5305af596730c803f344acc24ec394d3c67
docs/operations-manuals/manuals/peo/COK-PEO-05-10.md,documentation,3505,1083b69635d60fe40069952720cb490427f1b738fbaeb945c59c55c919e7dfe1
docs/operations-manuals/manuals/peo/COK-PEO-06-01.md,documentation,3526,5732c96c7954529d7cd6f759233c5eec304059b7ed60e7f4b8e94b303b66c456
docs/operations-manuals/manuals/peo/COK-PEO-06-02.md,documentation,3526,139cce1ee4d107215fb301ba7f7b25bfabd4efc969a59aeeb07c1842c87a6562
docs/operations-manuals/manuals/peo/COK-PEO-06-03.md,documentation,3544,6d195dcf6f44cbaf0a28e5cfed264aa9daed5966876e75719284e10637bf8f08
docs/operations-manuals/manuals/peo/COK-PEO-06-04.md,documentation,3526,935275f46f7e327d04777b06268ff72d4e9437e6e774727c35a47858b5bbf92c
docs/operations-manuals/manuals/peo/COK-PEO-06-05.md,documentation,3526,77ea7264886edd48afa3b30211d9869012e33fe8bb07110ed6731f06fb3b5d16
docs/operations-manuals/manuals/peo/COK-PEO-06-06.md,documentation,3526,6ce3ad5b89a9805b1a38126abf83a3d46afae77313da25774ddc94132b0b0b82
docs/operations-manuals/manuals/peo/COK-PEO-06-07.md,documentation,3526,b67b7a9d196c254dbb686eeb05a5d112fcdb3b41e091f1a9c7da58ae63bf0a21
docs/operations-manuals/manuals/peo/COK-PEO-06-08.md,documentation,3574,01a8eabb3ad815b140f8238792f67e7fa944d02cc755b2d8c1ce499314dce732
docs/operations-manuals/manuals/peo/COK-PEO-06-09.md,documentation,3535,2d59f4cdb6da0958712ecffc9e7bbcfe7d558e160c6218bd4d3b705021ad9149
docs/operations-manuals/manuals/peo/COK-PEO-06-10.md,documentation,3526,346f56f7b5959d88cff9ef5b9cf4be66650f910cbe45f77b4da27c2bfe91882b
docs/operations-manuals/manuals/peo/COK-PEO-07-01.md,documentation,3517,60330071336f071448b317eeba4ce7df6668f24c9ded5211f5eef018a7135e44
docs/operations-manuals/manuals/peo/COK-PEO-07-02.md,documentation,3517,7752ec4b55b88d57fed5b2552cd542eb4b33987aab251050ac2d97ccdf6e59c2
docs/operations-manuals/manuals/peo/COK-PEO-07-03.md,documentation,3535,90dba8f45a4bf121115a7aea89b1ab4fd55a86d59af80bc84f80a8b9b604be94
docs/operations-manuals/manuals/peo/COK-PEO-07-04.md,documentation,3517,785d057dabb186fe5ac1bd7bd59bd9bdd2b3f50c75060dcbf7aeec0c3d7c7426
docs/operations-manuals/manuals/peo/COK-PEO-07-05.md,documentation,3517,86db4d2943e3b8e3a33e0ccb8cf4477fcde87dae761d70c448b0deaac172bb2e
docs/operations-manuals/manuals/peo/COK-PEO-07-06.md,documentation,3517,fa87eacbabbf108bfaf3b25279162d892eb36594ecaea5a503a5a30040ae26c8
docs/operations-manuals/manuals/peo/COK-PEO-07-07.md,documentation,3517,4f00da7ff9ff26fddb22d1deff054244c737e659f81df4643488c3851732b171
docs/operations-manuals/manuals/peo/COK-PEO-07-08.md,documentation,3565,df7b9a07f95bb43c6eaa43d273c7036955ffe1eaa699b3f6178d693f67667632
docs/operations-manuals/manuals/peo/COK-PEO-07-09.md,documentation,3526,025a5694074378d395fe88a1123434078984d5a470f4325ef1db6620c6319662
docs/operations-manuals/manuals/peo/COK-PEO-07-10.md,documentation,3517,dfc34df0c2252e1a9f5abeea48c893d000f374ad70f5c8e063ca83a8a5f34995
docs/operations-manuals/manuals/peo/COK-PEO-08-01.md,documentation,3514,04cbc572a229585e74fbf9802074f38630c49e2184211f2f77cc445dccc65604
docs/operations-manuals/manuals/peo/COK-PEO-08-02.md,documentation,3514,bf25c9ff0cf7eafbeaccc9acfaac4e0242af840cc8076bf805e919615a9571d4
docs/operations-manuals/manuals/peo/COK-PEO-08-03.md,documentation,3532,942c23c329c386f22dfafec74f14c7f7dcdd4bd6f600c77eac2ebda5e1cbd3a0
docs/operations-manuals/manuals/peo/COK-PEO-08-04.md,documentation,3514,1c727c714b574b0b65b1dc521ebd8849a96c2f56ad18d21544b33958b53f2385
docs/operations-manuals/manuals/peo/COK-PEO-08-05.md,documentation,3514,8f26515c248807a02d86f016b99770cee1955170e792fb04d0cc14bbf0cfb988
docs/operations-manuals/manuals/peo/COK-PEO-08-06.md,documentation,3514,0079d6403532c4d495247c2c0780ff11e8b9a5c46b19beb06f5b8dfeb713f2c8
docs/operations-manuals/manuals/peo/COK-PEO-08-07.md,documentation,3514,246e9047fb65711ab7ee8975eb38de0534c1c17f81a9018058e6e8953d4210fa
docs/operations-manuals/manuals/peo/COK-PEO-08-08.md,documentation,3562,3b92cdc8ab8641a94a1662eee4017098a12ee37421b9bbca12dc9e6169955cff
docs/operations-manuals/manuals/peo/COK-PEO-08-09.md,documentation,3523,a4a53e4de0b6d942f3eada522776ae95cb3c9a15aea275c60d64c599abcdd080
docs/operations-manuals/manuals/peo/COK-PEO-08-10.md,documentation,3514,6b9aa10a2211c0c967aff438db9e4225d9d3e55849bbc689c91f43ecdd840430
docs/operations-manuals/manuals/peo/COK-PEO-09-01.md,documentation,3496,245b00b4ee732bb478716797e1339b6f70341b32ccf7324601af5f6e69bc2195
docs/operations-manuals/manuals/peo/COK-PEO-09-02.md,documentation,3496,21424f7b74af29917b71a68d36b61667a3f664f1aa47d1c750eb2384fa8b0a94
docs/operations-manuals/manuals/peo/COK-PEO-09-03.md,documentation,3514,166fa3d0061c6055f9b540d4f27dc39ac5583152970b18899bce7f11d5e29419
docs/operations-manuals/manuals/peo/COK-PEO-09-04.md,documentation,3496,a315a32b43b02dfc428e19e582353f1095dc483dbd2fc8f4ea01a9654a830bb5
docs/operations-manuals/manuals/peo/COK-PEO-09-05.md,documentation,3496,de6e31cca0e04c642d8d48d26240459b030f7cc201a8c5db28a1f871c58cd536
docs/operations-manuals/manuals/peo/COK-PEO-09-06.md,documentation,3496,fab3777ebf1bb8d4ca9306718b783030d913907976884cd6f34dcc78c0bc796b
docs/operations-manuals/manuals/peo/COK-PEO-09-07.md,documentation,3496,c28ec234ea3888b3c27173fc7f9d728f7c354d4c1413fb94d9f1a3186b66110c
docs/operations-manuals/manuals/peo/COK-PEO-09-08.md,documentation,3544,6dfdd199e6e961086abba19ea35c24c152638bd67ee465adc39804c26fa4db99
docs/operations-manuals/manuals/peo/COK-PEO-09-09.md,documentation,3505,966faae19ba2686e63d053fc9ba4fcf23488bc3ed9d3c5f66f6e785786361273
docs/operations-manuals/manuals/peo/COK-PEO-09-10.md,documentation,3496,5ffb791dd7252124c8c1432a4f0f21fa6199afb0eef8bed2c80f5accbefdea51
docs/operations-manuals/manuals/peo/COK-PEO-10-01.md,documentation,3496,f4bd2325db03d5f3ca421e1a64a1aa82c682f04f7ffc989f2ba7ce416821fc1d
docs/operations-manuals/manuals/peo/COK-PEO-10-02.md,documentation,3496,8095914b31b6bcec88844169d38dc8baade14f92214c515cbe57cf4151f9ebc4
docs/operations-manuals/manuals/peo/COK-PEO-10-03.md,documentation,3514,209756d604220045e9aa02affebbdf173523f710720b650469e8ad8b31f478ad
docs/operations-manuals/manuals/peo/COK-PEO-10-04.md,documentation,3496,afb0169852e387ffde447786b9ba3d2bb1f0eb52f992cbe6bd001bbfee02ca1c
docs/operations-manuals/manuals/peo/COK-PEO-10-05.md,documentation,3496,0fcddb0af22104629eeb7b6ea38fd25c147702839173cf46885a7b3a5688f78e
docs/operations-manuals/manuals/peo/COK-PEO-10-06.md,documentation,3496,ff049a1a8d4ede9f121999b3dd1e684c3ab6c97b5596097bf0d1cfd5631daa5b
docs/operations-manuals/manuals/peo/COK-PEO-10-07.md,documentation,3496,e573ed769146afdb13b5058206679178d78b24401fe9624f2809876b9d3cf604
docs/operations-manuals/manuals/peo/COK-PEO-10-08.md,documentation,3544,8a1ad7309d171545c7257d41c8c565fac0f3a4025e8ce80e8699b4aec59197b2
docs/operations-manuals/manuals/peo/COK-PEO-10-09.md,documentation,3505,32f95d4c6eac8278574c30e8b3d2897dda3fb38ceb663979fe714caf1c2e691b
docs/operations-manuals/manuals/peo/COK-PEO-10-10.md,documentation,3496,ede36b6451228b7f9d95111a7abfb36c3a0513ea41f089754437755a4621be47
docs/operations-manuals/manuals/prd/COK-PRD-01-01.md,documentation,3521,3b0a8f5ec64f8139a18b7f761ce63d9335050910461648ae9fd87b981d1b04f9
docs/operations-manuals/manuals/prd/COK-PRD-01-02.md,documentation,3521,bbc0aa3d04152d459077402ed7bedeef08df6dd05a15097666c2797a07c75e6e
docs/operations-manuals/manuals/prd/COK-PRD-01-03.md,documentation,3539,948cf780919df5660b60a231e5775059d832e05e3971c645934fb801000dfeb0
docs/operations-manuals/manuals/prd/COK-PRD-01-04.md,documentation,3521,7b8c23ab2ffb43c34aa03468cb20e6883b56b0d64d20d4d37465cc9f4b8c4343
docs/operations-manuals/manuals/prd/COK-PRD-01-05.md,documentation,3521,da3f5b6f6faf96ca577944f701478646e70cab48a8f7efbe3fe782ef882b8577
docs/operations-manuals/manuals/prd/COK-PRD-01-06.md,documentation,3521,2068576910bfa3b94b0b04dd9429713bcc044d9e6d52080d475b2f45b46efcf2
docs/operations-manuals/manuals/prd/COK-PRD-01-07.md,documentation,3521,cd18d003cbe6a28c7301b521d6bc44ee0dcd92e72c991c153bf3f1f7e439d6f0
docs/operations-manuals/manuals/prd/COK-PRD-01-08.md,documentation,3569,0335c96b6b1d79e8bb06dcefbefb990285fac942f022dcd2122052d4fef6fd07
docs/operations-manuals/manuals/prd/COK-PRD-01-09.md,documentation,3530,839e76f47230c621059f4339b0fa6a001bd8148f2d9c3dd5cc0ce1df2a7f2b72
docs/operations-manuals/manuals/prd/COK-PRD-01-10.md,documentation,3521,15f0918bed6080fd1f3cc5f475d10229ea7046411b3f32867dd7eb2d32adf3f1
docs/operations-manuals/manuals/prd/COK-PRD-02-01.md,documentation,3500,3b2cc9da445af24fb46c9a1ca8e3aa825947e7abd4a925de2ec156fe14250681
docs/operations-manuals/manuals/prd/COK-PRD-02-02.md,documentation,3500,7ca3224dd82bba427a646ec796a0a1ea1359181707a89fd4ca5e7a20e96351f2
docs/operations-manuals/manuals/prd/COK-PRD-02-03.md,documentation,3518,11f992f7f7e350b9f6f55bacb93d15e39d2073d2110395c9c67109cb24238cb6
docs/operations-manuals/manuals/prd/COK-PRD-02-04.md,documentation,3500,a5edb74725de266bff58571df5e7e4f142398ed11a9c61a596a887b3e355d3a9
docs/operations-manuals/manuals/prd/COK-PRD-02-05.md,documentation,3500,5a00fd11b4acc43012ee4040c9e4093ffd418d47f2b41380170488c20b7b7dff
docs/operations-manuals/manuals/prd/COK-PRD-02-06.md,documentation,3500,0f3a82f861a17f8c14103703d068b2544484bd70fcfa7092e1c36452afa65739
docs/operations-manuals/manuals/prd/COK-PRD-02-07.md,documentation,3500,2089b0ff9f9c44b11ad77d254e75166e61073fdb10801b29ade202d735145b92
docs/operations-manuals/manuals/prd/COK-PRD-02-08.md,documentation,3548,0c84340657c96f1bf1116942f4150e39351e00d0b2dd8f8f8ffaa4f4e03308a3
docs/operations-manuals/manuals/prd/COK-PRD-02-09.md,documentation,3509,205291c74aa12908f7577191fdb1f68f869856c3d3f1548e209a9c1373a105bf
docs/operations-manuals/manuals/prd/COK-PRD-02-10.md,documentation,3500,89d12f10bf64cf5afd1d051c596077fc3dd6fc60c426b6e73a30eb8f7ad8fc37
docs/operations-manuals/manuals/prd/COK-PRD-03-01.md,documentation,3491,b605d9413890ea2eb0a21a9e56da8cbf6ce96aad74f03da84c821f2be2d05529
docs/operations-manuals/manuals/prd/COK-PRD-03-02.md,documentation,3491,fef748728e2237acc02f18621affa14da13b1c9b612ddc0996fa19e87c63e17b
docs/operations-manuals/manuals/prd/COK-PRD-03-03.md,documentation,3509,dea9762453c38d78c5b4b5472119475a87076d74dc5b456183b18ed6e7e8ecb9
docs/operations-manuals/manuals/prd/COK-PRD-03-04.md,documentation,3491,5bb39ddf90becc6e0962880dee349d72c7b4d63c0df92116da3dc29d2409ac78
docs/operations-manuals/manuals/prd/COK-PRD-03-05.md,documentation,3491,1755f2d6ef74919aa35d18c86bc22843d3f5b6f77b2422ae650baeb81d9c1388
docs/operations-manuals/manuals/prd/COK-PRD-03-06.md,documentation,3491,63675712afa4ec97288bbeb325c10027c4b84d12137203748e34f02d1204164d
docs/operations-manuals/manuals/prd/COK-PRD-03-07.md,documentation,3491,6d2e8ca29cd16ca276073de528f4ea67fc7bde1c3542c01194b3ba8d83d066f2
docs/operations-manuals/manuals/prd/COK-PRD-03-08.md,documentation,3539,4a69276f4ddc27e5c9721125d7b5be6ee99b384c4729cee0299e3576830afb4c
docs/operations-manuals/manuals/prd/COK-PRD-03-09.md,documentation,3500,336641523bec6e7b2859e52ae40b47c2260c50e28cb06d439a64dac346975e8a
docs/operations-manuals/manuals/prd/COK-PRD-03-10.md,documentation,3491,5ed86589a85228449558784bc71a9569f8250f30539a52a77deefcca8adbd1c6
docs/operations-manuals/manuals/prd/COK-PRD-04-01.md,documentation,3512,198fabd4dacf5af92de7968c57635f2c5ed79682f66c798f627b304e09fbd491
docs/operations-manuals/manuals/prd/COK-PRD-04-02.md,documentation,3512,7d97973e8e2acf07ec46e4b911c2da4e9167efce614bff603b074f7e5b0bbe1f
docs/operations-manuals/manuals/prd/COK-PRD-04-03.md,documentation,3530,6bff7f441985b2ecb8e376625d56637371c226887298c29aef7c7a4bf22cd22d
docs/operations-manuals/manuals/prd/COK-PRD-04-04.md,documentation,3512,5f563d73a163827d5bef054108c0a07d066f75692cecd5b66d328d680957a670
docs/operations-manuals/manuals/prd/COK-PRD-04-05.md,documentation,3512,94974b3c18c699cad9a384bbcac3b09f70b81c1a5abacd653ebfc798a05fb76a
docs/operations-manuals/manuals/prd/COK-PRD-04-06.md,documentation,3512,e50211943844391584c614229ad505a9ce428d88a6a1370a18459e7fb1db1b1e
docs/operations-manuals/manuals/prd/COK-PRD-04-07.md,documentation,3512,b26cdf8548377bfd763b14597e851653082bae79ec3aacefe559b6b54c73aadd
docs/operations-manuals/manuals/prd/COK-PRD-04-08.md,documentation,3560,5e3987cb40fda13c067fc9700736307478e630eed3667bd366bc6f1d29b20d97
docs/operations-manuals/manuals/prd/COK-PRD-04-09.md,documentation,3521,bc817f41b9af6efcb3ae8afeb9f396b90bdcfc920d1d3324857e5b07fbd8ea1e
docs/operations-manuals/manuals/prd/COK-PRD-04-10.md,documentation,3512,7b9e573c25245feb233d11999882abca685ac4071107a8e9726358c2c334f00e
docs/operations-manuals/manuals/prd/COK-PRD-05-01.md,documentation,3512,15db91d5cc68462cf46d683de63a081103313f00d0cd0dcc3bc32c277f0ad0de
docs/operations-manuals/manuals/prd/COK-PRD-05-02.md,documentation,3512,a73dcffa86663b91f6729813b79c06ab400880877b7c735ac95fa2e9d3864e31
docs/operations-manuals/manuals/prd/COK-PRD-05-03.md,documentation,3530,74e21271d6098ade1d12c8700f0262977494bf24214fd358d7abacfff3257259
docs/operations-manuals/manuals/prd/COK-PRD-05-04.md,documentation,3512,0a6c890eda76dc7b3e3a7edd8ae4e9b08688c3d310d2f29e20f4130ce9e18f91
docs/operations-manuals/manuals/prd/COK-PRD-05-05.md,documentation,3512,d0eb6f957d51907fa0affbaaceb782848a0e3344fa4bb40a876f1bbddecbebc5
docs/operations-manuals/manuals/prd/COK-PRD-05-06.md,documentation,3512,b8ba3e176b2087726cfbc556da31605f020a3a363251f8dadc30973b3db8da75
docs/operations-manuals/manuals/prd/COK-PRD-05-07.md,documentation,3512,010fd43ca8f0c65f71c0efcc1a841e5ce6f1aa96ff2c3d90eb6434123a6f853f
docs/operations-manuals/manuals/prd/COK-PRD-05-08.md,documentation,3560,b0f646bc1be3fade5d4c3cb3ccc96f1e7eed4a3094d266773f9048ef62f348d5
docs/operations-manuals/manuals/prd/COK-PRD-05-09.md,documentation,3521,4164b14d28714506d54725eeed95718fd88ec1b62c40b1167e7cc7eb2b2fb1bb
docs/operations-manuals/manuals/prd/COK-PRD-05-10.md,documentation,3512,a45dbe3d39c9e2fe6119863c752ec7151f4f8cb947fcf7f4c23f519f051a86ec
docs/operations-manuals/manuals/prd/COK-PRD-06-01.md,documentation,3512,f8f82e54f52d5e3afb259a7332a352ce89736dd6d41a70f9dd802e4fb6751fb2
docs/operations-manuals/manuals/prd/COK-PRD-06-02.md,documentation,3512,17bb02435de009e429bee4a8097db2823afff1696e6b508106ac2fdd4fbc9480
docs/operations-manuals/manuals/prd/COK-PRD-06-03.md,documentation,3530,1dfd11b7854e80e0789242067455c2788fd3f8f496b7eb7d7d57f4b2318d2736
docs/operations-manuals/manuals/prd/COK-PRD-06-04.md,documentation,3512,18dc8a80bbe364352965e89ad6212bb35f6568a96baf34bc1599c850c62dcae9
docs/operations-manuals/manuals/prd/COK-PRD-06-05.md,documentation,3512,a331f69ffbbae916b2da1b9017cfabd2e1892d0c423abacdf6a63fa238e42be8
docs/operations-manuals/manuals/prd/COK-PRD-06-06.md,documentation,3512,7726fabe5de6b4438b601fe8cbd1f9b91afa1bd1e9459c9721146d46d4ee0aa2
docs/operations-manuals/manuals/prd/COK-PRD-06-07.md,documentation,3512,8859c4e742a16eb43601be8a58321a2367dd7b944ec09535d9bfe1fb5cd817ac
docs/operations-manuals/manuals/prd/COK-PRD-06-08.md,documentation,3560,c30bb4ff2e722458543ddf976e26edb21985c094c7820e80b17973730ce0dfc6
docs/operations-manuals/manuals/prd/COK-PRD-06-09.md,documentation,3521,272e7c34230198eb7101de7980b029db2bea2d33f907897596098228a72bc901
docs/operations-manuals/manuals/prd/COK-PRD-06-10.md,documentation,3512,a848ce99013ffa188e94c8f7d69cca6bebc8375e2323c1f12526abcdd6ab7797
docs/operations-manuals/manuals/prd/COK-PRD-07-01.md,documentation,3491,aa66cb88f4fc730dd9adb406346a2c0a8060c300b8af6f3b94c04d9db1ff9477
docs/operations-manuals/manuals/prd/COK-PRD-07-02.md,documentation,3491,fa67d4ae2725bf6e4cf2c86dc97622164595b97f23f79673c3be0ec63ef845bc
docs/operations-manuals/manuals/prd/COK-PRD-07-03.md,documentation,3509,be4816983e37e3cdea6c15f9dcfa3ab04bde5e4c54819bfa5d6d635f8df99b64
docs/operations-manuals/manuals/prd/COK-PRD-07-04.md,documentation,3491,f749ab00cce16c665140de339586c3f91ac1883464ea3ce515f96084b17c01fd
docs/operations-manuals/manuals/prd/COK-PRD-07-05.md,documentation,3491,63d5fc84e40812a79266fd14d94e7245a46dcbdb919d55a039427f96cf1fd02e
docs/operations-manuals/manuals/prd/COK-PRD-07-06.md,documentation,3491,30033156b36f060216af0a2598377b284231bae1d4e2759d69c32a7aba9fa591
docs/operations-manuals/manuals/prd/COK-PRD-07-07.md,documentation,3491,07fa51ee5746088fe0d542d18f3e88d945caf0b5e9dea440ad16d16234e97792
docs/operations-manuals/manuals/prd/COK-PRD-07-08.md,documentation,3539,28e11524a2e3dff742022ec5abbb8f13c05be24b457a3d005d0a758bf2d9cf7c
docs/operations-manuals/manuals/prd/COK-PRD-07-09.md,documentation,3500,d357547870bb6ccbf63bf719a9bca7f1c068144829354a212f0509f65beca049
docs/operations-manuals/manuals/prd/COK-PRD-07-10.md,documentation,3491,eb78fc78694d12f89d2858b525ec83ec4eba4733214095fca3d14821479a771b
docs/operations-manuals/manuals/prd/COK-PRD-08-01.md,documentation,3539,c1145772871ffd0590e187cc95846dc0bc8e734e8ee278f9c40a2bb782cb192d
docs/operations-manuals/manuals/prd/COK-PRD-08-02.md,documentation,3539,0cfd6762b8b1c3bc1da349028dbac3be946bba750a24beb967f3dc784749672e
docs/operations-manuals/manuals/prd/COK-PRD-08-03.md,documentation,3557,3f22e1d15a7d69df4670636dd61cd96ff1ad14f5f7ab1f46470a2df49a1fae2f
docs/operations-manuals/manuals/prd/COK-PRD-08-04.md,documentation,3539,8f6a681f07b55821277eb924ddccbf7f9a55880c200dc44069645a79bb007cbc
docs/operations-manuals/manuals/prd/COK-PRD-08-05.md,documentation,3539,572a327c8cc48d61e8d2786e6460aba31b183b6d1fbd4e18f55e257b0e9b15e6
docs/operations-manuals/manuals/prd/COK-PRD-08-06.md,documentation,3539,b8a671c519ed65f2455450c2fe132ef52d674503cd1f3e10da5f9d9a00aadd3d
docs/operations-manuals/manuals/prd/COK-PRD-08-07.md,documentation,3539,012e1938f47a55d471fd67bdbc94c181fbfb2c2d5e7a9859d713ef6d6091d69c
docs/operations-manuals/manuals/prd/COK-PRD-08-08.md,documentation,3587,5bcb0409dff1baef4bc3ca3dabf296291c23f4fb3b3d4b9156466bee1aeed934
docs/operations-manuals/manuals/prd/COK-PRD-08-09.md,documentation,3548,e6389af50e4863a4cf546ac42d113920c61aadf8e9eeb63bf125f719f9cb74a1
docs/operations-manuals/manuals/prd/COK-PRD-08-10.md,documentation,3539,df25a3cd3e0762c87abe47bff7dfe370694cec63db1a78290da93cffb697a592
docs/operations-manuals/manuals/prd/COK-PRD-09-01.md,documentation,3512,437a5e8b11f76eb635c2379d0c776c2040c4b6c8e2d2380ed99e9911ce91988b
docs/operations-manuals/manuals/prd/COK-PRD-09-02.md,documentation,3512,e4236e413afc89f18173a608efe859d764b579258afe44531e9542ca8b3a3cd8
docs/operations-manuals/manuals/prd/COK-PRD-09-03.md,documentation,3530,9f30a0ffa5005232425efa2bbe5f6259e2104668d97d523cd4efd04525eebba0
docs/operations-manuals/manuals/prd/COK-PRD-09-04.md,documentation,3512,bcad643984f5bc74a7c2999a6abfd8fd80c7d99e234e8a45c58e196093804497
docs/operations-manuals/manuals/prd/COK-PRD-09-05.md,documentation,3512,8d3c0204c14f3b4db3dd4083971f5d54c95c243b176d02957e3afb9e9c0fa88e
docs/operations-manuals/manuals/prd/COK-PRD-09-06.md,documentation,3512,95b5a059daa2d0cc0e0d2e4285d4fa4f1bcf3d03b9d038e21767322adc208ecf
docs/operations-manuals/manuals/prd/COK-PRD-09-07.md,documentation,3512,eac2a6e9a41906912ae98da52268d6ded987f039e67d53733eb0b76c35c36d1a
docs/operations-manuals/manuals/prd/COK-PRD-09-08.md,documentation,3560,2bd1c0c30d202821bd0abadc75ec2aafef51b74c8cad59bd364abba61c5966c6
docs/operations-manuals/manuals/prd/COK-PRD-09-09.md,documentation,3521,bf80bfb7198036e9055f4c040843ceb7d1883aaf998b6d0235ed56a2fd0b4344
docs/operations-manuals/manuals/prd/COK-PRD-09-10.md,documentation,3512,7686012bade142795ae838e5c676767fcf2a2303c9b3d739dc259f5df516924f
docs/operations-manuals/manuals/prd/COK-PRD-10-01.md,documentation,3512,75e8f8cb27e0450f180f9331f1e302bd28ae29853be7f9a6e14ffcc9f9be1dae
docs/operations-manuals/manuals/prd/COK-PRD-10-02.md,documentation,3512,8a29a9ad21736bdf659a0e7f474fb6a2eadef93ebb8f79b4d66e8bb7a2ed681f
docs/operations-manuals/manuals/prd/COK-PRD-10-03.md,documentation,3530,2861bb0c5a9363b46dd5ac5915a3afc0f513dfabe4a588ef17737d912b05243c
docs/operations-manuals/manuals/prd/COK-PRD-10-04.md,documentation,3512,1d861c04cafaf1d34e48fb275a2340699c02310b35cd850554cec4c19760b005
docs/operations-manuals/manuals/prd/COK-PRD-10-05.md,documentation,3512,6e676a8678fadb967bced03c2349229ce7d228cef835865fe4e5a01c2b4465a2
docs/operations-manuals/manuals/prd/COK-PRD-10-06.md,documentation,3512,fc9a104b6f7f8e48da98e567777c556784601e7befb4ff3dc73b003e077b8d59
docs/operations-manuals/manuals/prd/COK-PRD-10-07.md,documentation,3512,5fbbb01bc5cb8d59cb56905ab3d309de846b8cb117aa231580cbd8ccc1e887ac
docs/operations-manuals/manuals/prd/COK-PRD-10-08.md,documentation,3560,48212a18e425ba20e783a25c8268efea9a47974e98538971508a332919eb1031
docs/operations-manuals/manuals/prd/COK-PRD-10-09.md,documentation,3521,6a53862fd580edcbf337d9bbc6f55b0a4eceb75e490538f9ecd35f09ade5cbf5
docs/operations-manuals/manuals/prd/COK-PRD-10-10.md,documentation,3512,430129268c6466457fdde2b5d34326b568badefb9352af2d1b076eab277b9797
docs/operations-manuals/manuals/qat/COK-QAT-01-01.md,documentation,3507,4da46606b4eaaf23aadd21cab2dd93503a334f2fb197821e7d3150b2a92025f0
docs/operations-manuals/manuals/qat/COK-QAT-01-02.md,documentation,3507,59a2d42870447f78fe2fa228b771c6e86ed85c327a2aae5c4acb8310a9d03a24
docs/operations-manuals/manuals/qat/COK-QAT-01-03.md,documentation,3525,af2ff2a8deeb4688204d69baef36bf8520236fbff995783d654e6afc0eefb938
docs/operations-manuals/manuals/qat/COK-QAT-01-04.md,documentation,3507,48ab9379e99acabcdf5229247f0dfe2427c75bf4ea4f2884e96d59143fcf3bef
docs/operations-manuals/manuals/qat/COK-QAT-01-05.md,documentation,3507,e44b817d6db7c327eaee3900a69d8ffbee755639980eba55d5c24188e86ced77
docs/operations-manuals/manuals/qat/COK-QAT-01-06.md,documentation,3507,e257d7ac89ad367090d7149514e8c570d026e104e211e869533580ba7160b055
docs/operations-manuals/manuals/qat/COK-QAT-01-07.md,documentation,3507,eb21c92c02a7d9e627b46d0735cc5ea7869f1d14d4299611148fc6b649a3fd24
docs/operations-manuals/manuals/qat/COK-QAT-01-08.md,documentation,3555,45a47a6a5c327dc00f3212770eb918e1c119c0b1fc58dda556ac9a852da3ac00
docs/operations-manuals/manuals/qat/COK-QAT-01-09.md,documentation,3516,c6620fe3b4bda0fabfcf36f8b8dbadf9a1c142bdca646d90ead1e47b1060dbf1
docs/operations-manuals/manuals/qat/COK-QAT-01-10.md,documentation,3507,9efb3bf2b0b843c910dae0bd3afdada7cd648ee0aebea4a4455a2af9038b7d27
docs/operations-manuals/manuals/qat/COK-QAT-02-01.md,documentation,3519,c84e4144f52d418fea28b810cda2575c736ae8de8bbefb4ff66d5101e79e871c
docs/operations-manuals/manuals/qat/COK-QAT-02-02.md,documentation,3519,0936e96addd0fd0ae7f230cea7d7bad91a6a10d5b0224300936a15b849743536
docs/operations-manuals/manuals/qat/COK-QAT-02-03.md,documentation,3537,573a4f258831fec130de8ffa22cc685d06f0e39f903d88b2d8b023ff0a969299
docs/operations-manuals/manuals/qat/COK-QAT-02-04.md,documentation,3519,4a51db2d025acd113416f895f0fb89d860189c2f694421af1a5b3a9619b5e047
docs/operations-manuals/manuals/qat/COK-QAT-02-05.md,documentation,3519,800c3de775bab6cd270a6153895ecc89e5253c899ad5823cc960fc908ede6dd8
docs/operations-manuals/manuals/qat/COK-QAT-02-06.md,documentation,3519,86521e230d544f26944c0e5d95d1fc31b7c1ffaad71eab24ed63302132b6564f
docs/operations-manuals/manuals/qat/COK-QAT-02-07.md,documentation,3519,db5944c10ba1c7943a66d9c553bd586c3f484aed7dd986407122c592696de998
docs/operations-manuals/manuals/qat/COK-QAT-02-08.md,documentation,3567,b3320e04980f680bb2333aecb0c10295e21e0befd8d16e48b0d936db191b543c
docs/operations-manuals/manuals/qat/COK-QAT-02-09.md,documentation,3528,34ade6efa66558d7b4cd36da9bb19dc4c324a93a8caaab6c9a65787469b30e83
docs/operations-manuals/manuals/qat/COK-QAT-02-10.md,documentation,3519,491b2a84e7d67610aa3a67dc052d016704ec8c0fef9df1e4a2a8e7bbe1a4d1fe
docs/operations-manuals/manuals/qat/COK-QAT-03-01.md,documentation,3510,ce50c020622dece435ad13099ff067d754da16b9344d22a735ccd79006321a89
docs/operations-manuals/manuals/qat/COK-QAT-03-02.md,documentation,3510,ad32a9f598388b77a728ceb709c242227b419de63bcbca390d7af36e3f429032
docs/operations-manuals/manuals/qat/COK-QAT-03-03.md,documentation,3528,f0dcb786be10acc8bdc6c8db8b2760a84bbb1a361ee6e556da46ed36b5df4f4a
docs/operations-manuals/manuals/qat/COK-QAT-03-04.md,documentation,3510,b679e7ec5798de2db11bc8ba1abac920e27f5edefd8c0c1b1415e5c819022fba
docs/operations-manuals/manuals/qat/COK-QAT-03-05.md,documentation,3510,0b2e08b8d8b6d9fb4b8afa1c866c1a200606bbe79ff91abed280db019cf705ff
docs/operations-manuals/manuals/qat/COK-QAT-03-06.md,documentation,3510,fdbed1d9473e2f8a600825096a8f287388b5d62d9b318559dd4a73ea435f7b7a
docs/operations-manuals/manuals/qat/COK-QAT-03-07.md,documentation,3510,693fd856f538ca639c9400fcf12fe1c8c1b47af081252f0cb38c406950c532fa
docs/operations-manuals/manuals/qat/COK-QAT-03-08.md,documentation,3558,0d43c40bfba810900394e8e8f7056ecd44778926c630be91d040a31cfcbf23ce
docs/operations-manuals/manuals/qat/COK-QAT-03-09.md,documentation,3519,d3c83bf887a6d7cf81c275975a996b575d305f7161ff7cfd4e21b7d42589852f
docs/operations-manuals/manuals/qat/COK-QAT-03-10.md,documentation,3510,88569051bf2735135b984a3e97977a6e211f1275d514f3162fc94659bbc3f11c
docs/operations-manuals/manuals/qat/COK-QAT-04-01.md,documentation,3519,965168df6ae7517f555cb656c5b526636e8eb043021a6fff1abe4a069540aa6b
docs/operations-manuals/manuals/qat/COK-QAT-04-02.md,documentation,3519,b2da0c327ac6b7e6e1df6ec571988df400881f86e236107bc6162d61993da1d7
docs/operations-manuals/manuals/qat/COK-QAT-04-03.md,documentation,3537,0bbfbec6ee73615310722e164c85ede85c3c75fc8aa962f9892b221ba823c201
docs/operations-manuals/manuals/qat/COK-QAT-04-04.md,documentation,3519,1d3bc6942de853649c2f5422f73d176762ff67db3fa4bd516f2d4e9802d1e3e5
docs/operations-manuals/manuals/qat/COK-QAT-04-05.md,documentation,3519,79977f9d619997bb6a52ec02578346c21a4a265fd497e4202926ea7877689db6
docs/operations-manuals/manuals/qat/COK-QAT-04-06.md,documentation,3519,f2cff0e2e84407c180acab4015f297b2a336777858dfc5fc06c45a39e19598f7
docs/operations-manuals/manuals/qat/COK-QAT-04-07.md,documentation,3519,f46b9dca3b19b30a6a05c85867eb6f3e11af67e280aeda399532b6d8ab77d248
docs/operations-manuals/manuals/qat/COK-QAT-04-08.md,documentation,3567,249a9a9259850f4e92cd413baccc6de8a829fac73f7e75b76989f7a8d1043648
docs/operations-manuals/manuals/qat/COK-QAT-04-09.md,documentation,3528,352ddb23ae30382bb6212c2a9437e3047c01b0a8d59883fa7c1964d88b3cb507
docs/operations-manuals/manuals/qat/COK-QAT-04-10.md,documentation,3519,4120d7d8a0109e1ada97c6e66916d110dea8b4afa24837828521b69359c17957
docs/operations-manuals/manuals/qat/COK-QAT-05-01.md,documentation,3507,2edda241b01861db9073eee8ce651c30b5e94a3244077468df017d4ea086fa4a
docs/operations-manuals/manuals/qat/COK-QAT-05-02.md,documentation,3507,c974264fbdaf8ba46c339ddfc1847bf02223be52ab1c11d5d4e88757d88ebc2d
docs/operations-manuals/manuals/qat/COK-QAT-05-03.md,documentation,3525,4c43412c2ae8b2a5a04fe27637d3de6b898e2b50d86108ab5e0280d6c6be52bb
docs/operations-manuals/manuals/qat/COK-QAT-05-04.md,documentation,3507,c8e93b2f3538c6c79b7d5b545fb0670935b2bf3508b1a2a97d7deb4c986b901d
docs/operations-manuals/manuals/qat/COK-QAT-05-05.md,documentation,3507,418ea6e9ff6c31ef3c3cbbfe63588a8ead6d4f573186bc923c2e1376d94ce3a7
docs/operations-manuals/manuals/qat/COK-QAT-05-06.md,documentation,3507,0787098e3f4a550f461e01852c3d9e1622493f37bb24833c0e7c9d6d321f812f
docs/operations-manuals/manuals/qat/COK-QAT-05-07.md,documentation,3507,d2ea7998f4283cde0ac0fa11e89857e6a9ca87e07e1540b999801fa5390591c7
docs/operations-manuals/manuals/qat/COK-QAT-05-08.md,documentation,3555,bb6204ab36a4aac3fdee3a81244ca54fd4acb0616a196d0fefe6f33153eda7e2
docs/operations-manuals/manuals/qat/COK-QAT-05-09.md,documentation,3516,eb595ae728c58ae875db805760e1236da965b2bf71536622e149bdc6d9b64f77
docs/operations-manuals/manuals/qat/COK-QAT-05-10.md,documentation,3507,05bd1f92f8abd583c9213e96933fb2496b60cb9a30c168bce17d22aebc4302df
docs/operations-manuals/manuals/qat/COK-QAT-06-01.md,documentation,3516,abd45f393a3c6a6ba585c61e92598d8bbfda2799abedb54a257f3c4caa93d909
docs/operations-manuals/manuals/qat/COK-QAT-06-02.md,documentation,3516,17b98d69c76fa9236d100cc7ae10f1f85104d25241fbb99f50e2f5a7b4e48c0e
docs/operations-manuals/manuals/qat/COK-QAT-06-03.md,documentation,3534,40cd6abcc6ce60aff72cd6a0f8eb81e7dc3e27337111e9c8d99ece92d7491e4b
docs/operations-manuals/manuals/qat/COK-QAT-06-04.md,documentation,3516,57cd440f741ddd1cdd69a5e8ae178187c4dc226ba404979a85fb67a1ac62877d
docs/operations-manuals/manuals/qat/COK-QAT-06-05.md,documentation,3516,6fc6167b06b13c2e6cb3ca2a3bca96359ea557cfb2206b17e5d818c0da0a1251
docs/operations-manuals/manuals/qat/COK-QAT-06-06.md,documentation,3516,1b9eac7d1a2d14367fd45d721712c2fabd0ae4f4671ab99b0a850422dd8b7189
docs/operations-manuals/manuals/qat/COK-QAT-06-07.md,documentation,3516,5812964c1a64759fcf6504b65aeb4f2c4d54706e5a6df84420cd3a151eb2a802
docs/operations-manuals/manuals/qat/COK-QAT-06-08.md,documentation,3564,346667e543a9b029d4d2f468e2e766a3cb420a2adfbd7265074b49608ddf8f19
docs/operations-manuals/manuals/qat/COK-QAT-06-09.md,documentation,3525,6984367269e2a4098b50467d992eb4630be934238a8a386840ec41e0739a3ca7
docs/operations-manuals/manuals/qat/COK-QAT-06-10.md,documentation,3516,34d5a5d86fbe21b35a134649a9f4160e72d38a03abc7a58378a8996cda6b5d63
docs/operations-manuals/manuals/qat/COK-QAT-07-01.md,documentation,3489,770189530c57217e6271a44acea824d9dbd90fc5e53239afc2620f76f4850f51
docs/operations-manuals/manuals/qat/COK-QAT-07-02.md,documentation,3489,1ab7aef9a4510362bf5591794e5692f4e556388977c8df38d94b553adc0e7161
docs/operations-manuals/manuals/qat/COK-QAT-07-03.md,documentation,3507,cf1d9578a52e0ec0e9950df43af3cd8d3c609991c44db040ef0be31678bb10b1
docs/operations-manuals/manuals/qat/COK-QAT-07-04.md,documentation,3489,730bcb3f739c1290d65ad26a351b6985ec829d09901a8597af2d94d4398cf96d
docs/operations-manuals/manuals/qat/COK-QAT-07-05.md,documentation,3489,229dd1ad6c90e5fae81569d6ca8a4e87c75e4a964f4e104dbfca22a51f01890c
docs/operations-manuals/manuals/qat/COK-QAT-07-06.md,documentation,3489,5b6b7f5a2df23d76381a66e67f42ff8d61911f2337355f7c7c93d97f5c2f2896
docs/operations-manuals/manuals/qat/COK-QAT-07-07.md,documentation,3489,c71cedffd2182fbaeaf426af6e4977c992970f15ee5d60b4217808fbf5c05267
docs/operations-manuals/manuals/qat/COK-QAT-07-08.md,documentation,3537,54da8de11115d3fbe0f9a72b2f4c501332483b333a7273786d1384953a3a3831
docs/operations-manuals/manuals/qat/COK-QAT-07-09.md,documentation,3498,6c4dec706d183034d3916d6af798d75ed084a95ee0ffe7283cac8f12e91ffe2a
docs/operations-manuals/manuals/qat/COK-QAT-07-10.md,documentation,3489,3eb978cf0eb9e1a729aedca769de7e0e92d973b3c23baee21b3962ffc2dd3e5f
docs/operations-manuals/manuals/qat/COK-QAT-08-01.md,documentation,3519,7c03c17c401a52867550619e6d7fc5894627886a5a52868ea6d0c0b4e2ef1077
docs/operations-manuals/manuals/qat/COK-QAT-08-02.md,documentation,3519,0610739750551681d0c431d99bbdad720866eb91a39caf497baf154cc8fd88e9
docs/operations-manuals/manuals/qat/COK-QAT-08-03.md,documentation,3537,76006adaac084a416797e03a9bba562fe27d7c7418032dc1a56088f48626f2ae
docs/operations-manuals/manuals/qat/COK-QAT-08-04.md,documentation,3519,bbba2163a56cfbb5c048bcc93d8a8124fdbe08d9bf2aa0d2165d08e3ab2e9c68
docs/operations-manuals/manuals/qat/COK-QAT-08-05.md,documentation,3519,bcd4f70815a0c2bac84eb7565605c36d775b7deb6baf13a2e7955cf681ce66cf
docs/operations-manuals/manuals/qat/COK-QAT-08-06.md,documentation,3519,b8c9947d416113a72391983a609630495f2584e49f991489ec36c9b83f59b149
docs/operations-manuals/manuals/qat/COK-QAT-08-07.md,documentation,3519,ff6e9734882f54a6c60f4bb6ec55616eb70afbb1662e487a62804dec990465e5
docs/operations-manuals/manuals/qat/COK-QAT-08-08.md,documentation,3567,d06f89ab0cf841d8cd720020fe29dc6c90d62fc037eabdf31efdfc77ab0124ee
docs/operations-manuals/manuals/qat/COK-QAT-08-09.md,documentation,3528,29626b7a1c97d1c8e56d36f9f5536667379cafaf8b6709302942d155872efebb
docs/operations-manuals/manuals/qat/COK-QAT-08-10.md,documentation,3519,9335628d966b992a91f423ee8b2ad393dbee82c0c4f6ff1a9866e49f17b76121
docs/operations-manuals/manuals/qat/COK-QAT-09-01.md,documentation,3498,96373381008275f3bd8b44f0aec607c5e74f0f39b16f53f548450ffc80836388
docs/operations-manuals/manuals/qat/COK-QAT-09-02.md,documentation,3498,b8dd88f9358029df2f5f9b842722d98a28a8ff3e28bb4ee9c67025e31e0abb6f
docs/operations-manuals/manuals/qat/COK-QAT-09-03.md,documentation,3516,333449c80276b863a1d82bb5546359310b5f4cd171521a9e536d11a2f7519776
docs/operations-manuals/manuals/qat/COK-QAT-09-04.md,documentation,3498,939ad2eb18a2b11368cd4b95aa00dd80f105459f967ffea8f6e991ee0b567fb0
docs/operations-manuals/manuals/qat/COK-QAT-09-05.md,documentation,3498,48637bb1f1c3323ad3d31ea056b3368b768033f798993dfad5f991e457f28f2c
docs/operations-manuals/manuals/qat/COK-QAT-09-06.md,documentation,3498,f0e06593aa01650ad68e632ea0d57be441afcb811bfa53f82e5b91bb34879514
docs/operations-manuals/manuals/qat/COK-QAT-09-07.md,documentation,3498,2efeda46cb654cb8fc7d7e47859b3b149aa9e86bbd9da99d6f014d0eece2a576
docs/operations-manuals/manuals/qat/COK-QAT-09-08.md,documentation,3546,e2956bd4713904ef896acaaa5dd30e68e76245e3fd7ff6f58edadb3d461a2540
docs/operations-manuals/manuals/qat/COK-QAT-09-09.md,documentation,3507,2fbc152232ec77914e8be3b196fc0fcf7f3ed83b665c9a9aad23a83aa3ae55a7
docs/operations-manuals/manuals/qat/COK-QAT-09-10.md,documentation,3498,82a080aa08db9864a37b863ad25c0646235efd3351dca83b66e2e674b2d69d07
docs/operations-manuals/manuals/qat/COK-QAT-10-01.md,documentation,3510,ef9088c3be0caa7b813fcacecdc620f6236273594b80d639b6eda80a2ba704c2
docs/operations-manuals/manuals/qat/COK-QAT-10-02.md,documentation,3510,9fa0641143c0fcda68cc67bc3708455ebac33a2d4c456bf3b0ff412f8bcdb1b5
docs/operations-manuals/manuals/qat/COK-QAT-10-03.md,documentation,3528,469a3810ebd6515f00f338934b96746847ceb3fdf8d4cee8b06f2a1a0796b866
docs/operations-manuals/manuals/qat/COK-QAT-10-04.md,documentation,3510,c929e845662643d8679ee485b6e4c3e571d1096472a1fa709498e0e45ff5c38f
docs/operations-manuals/manuals/qat/COK-QAT-10-05.md,documentation,3510,cc2eeef4222e0fc479620194cb32a7e0a0e154572225a876b57a06a3d5b3b998
docs/operations-manuals/manuals/qat/COK-QAT-10-06.md,documentation,3510,6bdd750da7634ed681cb2026014dad21138868432d62fc8f53bc01c39872d75e
docs/operations-manuals/manuals/qat/COK-QAT-10-07.md,documentation,3510,df1283948e42a6e032e2282f9b9fa75b1fef3cc93e6a675f0193f325ec96e569
docs/operations-manuals/manuals/qat/COK-QAT-10-08.md,documentation,3558,4a193816b541942c3a33511523f1a9e2975dd37c4fb328c532369e3e24d7f1bb
docs/operations-manuals/manuals/qat/COK-QAT-10-09.md,documentation,3519,8754dd619a6f8848365cd2bb3f959043f00675c040a5ec3f992458c23ba6e556
docs/operations-manuals/manuals/qat/COK-QAT-10-10.md,documentation,3510,735d7a039dbc5c27084c49e6e1bdc142a366e086460ff77d9f2f71ac2cca4e76
docs/operations-manuals/manuals/res/COK-RES-01-01.md,documentation,3529,3020ae163cc3ce4cd37db1d04e85d3f2e41c406b261ca4398bd05c590df99f43
docs/operations-manuals/manuals/res/COK-RES-01-02.md,documentation,3529,1b410b7fc2a566d735f1168b1bacd4a41100164e058d53bfd63a66758e7f1432
docs/operations-manuals/manuals/res/COK-RES-01-03.md,documentation,3547,54c10b8c65b0e1bf4c4f88c3ac4466a3ebb61bd7b7a7dfb4241452d57bbb9be7
docs/operations-manuals/manuals/res/COK-RES-01-04.md,documentation,3529,2d6e165fe2de9f4c36fb0f032e1c27e2eede3bc4e46104e70eeb0b0ddc47a50c
docs/operations-manuals/manuals/res/COK-RES-01-05.md,documentation,3529,eabdb78fa426e3546cd3f80ad1e89c523256a4e0df19bc06858fb8392a915476
docs/operations-manuals/manuals/res/COK-RES-01-06.md,documentation,3529,eaf4196d019aadbb9a74ed470b3c4367702c5279bf383a0dfe13364f1cfbd8a0
docs/operations-manuals/manuals/res/COK-RES-01-07.md,documentation,3529,878363110e12f91fde5bfbbf25c85b08d2ef155784e29646a3d5741b68dc856e
docs/operations-manuals/manuals/res/COK-RES-01-08.md,documentation,3577,ce7c418f94318a872aea7b4f99e87f55526c8080155efb842d223593378fcbbc
docs/operations-manuals/manuals/res/COK-RES-01-09.md,documentation,3538,f01ed086d3e791f3e1af7ebf33d086ce86c7cc0f2829fa0d50f68aa2a606f6c3
docs/operations-manuals/manuals/res/COK-RES-01-10.md,documentation,3529,8ae07120a540918843f347041ca2174795cee228fd1cbe3abcf22c47aa5a9838
docs/operations-manuals/manuals/res/COK-RES-02-01.md,documentation,3520,25047f896d2b4e60a2c1e07e23528dbf40a9203a6b35258973c2078427b4d200
docs/operations-manuals/manuals/res/COK-RES-02-02.md,documentation,3520,9495cc6c070fc73c0a8d9f734cf93c06c23e6d6808b22364c445649bb6e5eae7
docs/operations-manuals/manuals/res/COK-RES-02-03.md,documentation,3538,ac67e140aa63f9f9688a73bbe0f1af2ce69b8b7634109ecfdf63b5324a6fcd90
docs/operations-manuals/manuals/res/COK-RES-02-04.md,documentation,3520,4faec7607b68527367e1dbaa71805ffcf7df50787ef1bad11a1176668467eecb
docs/operations-manuals/manuals/res/COK-RES-02-05.md,documentation,3520,4b34ea489843b32391fe1a93b502c36302c5d0941de4d1f6e82ecc7a9a18a625
docs/operations-manuals/manuals/res/COK-RES-02-06.md,documentation,3520,d61663e08c25a460047f1405fdab367ce87445fed7e8ff8902af57191dd634fc
docs/operations-manuals/manuals/res/COK-RES-02-07.md,documentation,3520,f79ffb9c411a7b80be8a80b64ea76997c020bbc3ed272d95f70ba5d0ba6da01b
docs/operations-manuals/manuals/res/COK-RES-02-08.md,documentation,3568,5c213ddbe1e7011f460960b64ec2942b8bfd8c7164d904aa3a4bcb6814c49815
docs/operations-manuals/manuals/res/COK-RES-02-09.md,documentation,3529,7e17f8677f0bc575918b272ec5ecd82dd740c7e9a15624260b66f5f15fd2b127
docs/operations-manuals/manuals/res/COK-RES-02-10.md,documentation,3520,4c9dd7fa190395ae0b55ff55f93461cb4b96695abddd0675d6070e2da9b7ca2a
docs/operations-manuals/manuals/res/COK-RES-03-01.md,documentation,3520,3aea494c4e6b26cb62c5e20f5154cc051c615cf94da87fa4c9c258cdfc2ca6bd
docs/operations-manuals/manuals/res/COK-RES-03-02.md,documentation,3520,8a0714a81389ec1ce43dca465af6890c4fe917de9e6c36a767d0c75b006becba
docs/operations-manuals/manuals/res/COK-RES-03-03.md,documentation,3538,c1b1e5ca19774cfae30e10aa5f2cfd20920123ebd07cec817b488c356ee31645
docs/operations-manuals/manuals/res/COK-RES-03-04.md,documentation,3520,6164010f9dba74531da5b903c1aba2a334697c1890736260cb3ba18d1592491c
docs/operations-manuals/manuals/res/COK-RES-03-05.md,documentation,3520,8ea2fb0130337443b6638f6999effd24e5bdf5167fa5c1a2884aa9bc04df8dd0
docs/operations-manuals/manuals/res/COK-RES-03-06.md,documentation,3520,c8b5f7c24ea81c7810e1b52cf09440ae6bb5077dbfabece0efddef782073b95e
docs/operations-manuals/manuals/res/COK-RES-03-07.md,documentation,3520,1af6cc41d033fefe4d37d4b1889914a57869eaca33bf009df9a3bbca40cdb6ff
docs/operations-manuals/manuals/res/COK-RES-03-08.md,documentation,3568,6f9c609f7ebae8d8fb49ede5aa5da32ce91a6faa139d8eae80eedbf4f911532f
docs/operations-manuals/manuals/res/COK-RES-03-09.md,documentation,3529,501b90ded9b50334f80e7674d915c3d3cbdc2ceaa7934dfab0fa9c4bd0babc89
docs/operations-manuals/manuals/res/COK-RES-03-10.md,documentation,3520,5f1e75c9184df490451a095a134a582f898f4703593263c1d81612c11cff2256
docs/operations-manuals/manuals/res/COK-RES-04-01.md,documentation,3550,541572ebe5cb9cdbce7428106fcc81f9c6deb0bb199a43725a29ab3fcd777dc9
docs/operations-manuals/manuals/res/COK-RES-04-02.md,documentation,3550,c24320e8774855dc10e83fa1b1fb5731ee9e4697b77444b420cb5a63a48cc97d
docs/operations-manuals/manuals/res/COK-RES-04-03.md,documentation,3568,513593e62faaac4919eec38267690bdbb3536b569506420d36d6467a2aa8d938
docs/operations-manuals/manuals/res/COK-RES-04-04.md,documentation,3550,dfe2235c2f61bba9e58de43bb6f36cf6727ea8e4312405cbd26c38204c6e9474
docs/operations-manuals/manuals/res/COK-RES-04-05.md,documentation,3550,2bbcd8608cb9f22a521415328191ebf196107071a64bdff3507850a54e10111e
docs/operations-manuals/manuals/res/COK-RES-04-06.md,documentation,3550,52d0d532d558327b84bb6dd99c258a2b0d75a6a7021d2f6863270a79a731a9f3
docs/operations-manuals/manuals/res/COK-RES-04-07.md,documentation,3550,840ddd2594af1e3c8d1c812923e1195f16ec66b6e7802fbe4b67f6a1cbbefbe1
docs/operations-manuals/manuals/res/COK-RES-04-08.md,documentation,3598,ba1bed7d8c8f1ba991647834038c3479ac6a067ae5fe2a1248e04076d8cc83cb
docs/operations-manuals/manuals/res/COK-RES-04-09.md,documentation,3559,3f33e06346dac0ff67394e00025731c9334b8b22fb3cf59169944177967a5268
docs/operations-manuals/manuals/res/COK-RES-04-10.md,documentation,3550,e1e5200c9385fd176f9f82ff46b5fe9a17ea6d878b991e0d4b912c697d45ca1b
docs/operations-manuals/manuals/res/COK-RES-05-01.md,documentation,3541,0bc377369fd9fb3462a7d97a2157822df35c304f76b76daf7ba66d8eac6dba54
docs/operations-manuals/manuals/res/COK-RES-05-02.md,documentation,3541,0a25543070c7670d0aeeb017675ce03fa4eede362504b2a7e99edfe4a15f4bbb
docs/operations-manuals/manuals/res/COK-RES-05-03.md,documentation,3559,778f5328d82dadaf6e30e71bd6d85b0c909ab7d886e12eef55524257fd86807c
docs/operations-manuals/manuals/res/COK-RES-05-04.md,documentation,3541,bc7af2308c5b9347ceb7ab7683f50417bbda9ce4fda6f7ecbbb5334e218a3d0d
docs/operations-manuals/manuals/res/COK-RES-05-05.md,documentation,3541,dc2571034908163e1322a373a365398cc532f7c426fe8e15f41f659be6ee7dcf
docs/operations-manuals/manuals/res/COK-RES-05-06.md,documentation,3541,54047c20b255c0be3960d9bdb15bacd173d0a95ce928fcab271f1912d2f8ecd2
docs/operations-manuals/manuals/res/COK-RES-05-07.md,documentation,3541,afbc94c971b0446f3d38db91406373b38df481c56d447fe5f9794b5b30b5cd48
docs/operations-manuals/manuals/res/COK-RES-05-08.md,documentation,3589,bba10742260ab7afcf47734e9f7270087869490ebb37223547a52ec8da1ee81b
docs/operations-manuals/manuals/res/COK-RES-05-09.md,documentation,3550,6635d4d101925450aaaa1a2e414b0a6847f7daf537ea138c9d34e7b6f0f7bf5b
docs/operations-manuals/manuals/res/COK-RES-05-10.md,documentation,3541,564c930b9abdf4b7b7c5c3625db367c9c82a2c56de2c7714605095c4649c8a3f
docs/operations-manuals/manuals/res/COK-RES-06-01.md,documentation,3541,100ef0352cf31cc205dfadeda059412423988684d1fb21860ac4c41c3d662a9f
docs/operations-manuals/manuals/res/COK-RES-06-02.md,documentation,3541,b45e31db43c7267966a1fc68f66e2f068b2a5e47a96452a910e96b8913f6c0c7
docs/operations-manuals/manuals/res/COK-RES-06-03.md,documentation,3559,f4623d40be8fe5da72af5c435a467bc0ee8d097f4f04886f11d05b930eee2ea2
docs/operations-manuals/manuals/res/COK-RES-06-04.md,documentation,3541,ac899f61e23a263b0a9eca249f4d5509b35862b59593a2a6b905baacdba37934
docs/operations-manuals/manuals/res/COK-RES-06-05.md,documentation,3541,b57b699136780322f08607aa45688472e3da840db22438edff96508d17142d95
docs/operations-manuals/manuals/res/COK-RES-06-06.md,documentation,3541,457e237baf7ecfd075ba755c88bffd4eb07b7ed2d4a6b8827552158ae6e94b32
docs/operations-manuals/manuals/res/COK-RES-06-07.md,documentation,3541,2805dfa485bc752f150ff1b156b8101dd75aba5e903011036dbf7891b39ac5b2
docs/operations-manuals/manuals/res/COK-RES-06-08.md,documentation,3589,089130e66874e10f72a1446d74a14724e866cf52d6e466af622ffdbd41a1fdeb
docs/operations-manuals/manuals/res/COK-RES-06-09.md,documentation,3550,86998c12f7230117bb24e8ef3b2c8ef74dfa08ce3b5f08a51b4800755bd53d22
docs/operations-manuals/manuals/res/COK-RES-06-10.md,documentation,3541,e61baac69f5e04d63bd0384f8e81823ca9dfdda189682aa79b0c59634b0e8ae4
docs/operations-manuals/manuals/res/COK-RES-07-01.md,documentation,3550,822bb1bccf8a3e053bba0e504896f86aa775d6721302ca1ec6f6a10417489307
docs/operations-manuals/manuals/res/COK-RES-07-02.md,documentation,3550,f68601cd99cb58b6dcc11b5200d1707afa0921c4b0047cd37ecb77050ccd3b1a
docs/operations-manuals/manuals/res/COK-RES-07-03.md,documentation,3568,09b4460d46eb2a4b79937b179ea9a094452ccc4a19f7dadf59ef98b97445616f
docs/operations-manuals/manuals/res/COK-RES-07-04.md,documentation,3550,de17e22a0ef541a6a878504183f8088af79c87a89af0340498e449f97f6e5003
docs/operations-manuals/manuals/res/COK-RES-07-05.md,documentation,3550,fd04e252307a934669d4b8ce79f0c53869220930f37447365f7aaa9dfb433bf2
docs/operations-manuals/manuals/res/COK-RES-07-06.md,documentation,3550,f1388195f836e28cff2434edeb491f4eb6feff0ad5a9f26d2c22c87897e73f54
docs/operations-manuals/manuals/res/COK-RES-07-07.md,documentation,3550,371939646d20ec2461dfa25cea97f5d806394e1c35ccd48eeccd04d4e86b43fc
docs/operations-manuals/manuals/res/COK-RES-07-08.md,documentation,3598,106a0f3d9ead2201d8ad75c083f3774de96879cd712465e52f52027b5df2dadf
docs/operations-manuals/manuals/res/COK-RES-07-09.md,documentation,3559,500fde828bbf1653a961d4426bc4bff9ef5987ce22702fbc2e11ee42bf11f878
docs/operations-manuals/manuals/res/COK-RES-07-10.md,documentation,3550,4c784bab10c5cff8243ead9c0c0da0b552edadcd0b63d454b7784a569ba8c0e2
docs/operations-manuals/manuals/res/COK-RES-08-01.md,documentation,3538,73c1ebabda397c6fbc24782532fd248f7925e5e259dd287911c05aadbeadf880
docs/operations-manuals/manuals/res/COK-RES-08-02.md,documentation,3538,d6e35dde155114b1a9eb9ad1ea675d2b2c9b80640cc9ee214557f4ed5adf4957
docs/operations-manuals/manuals/res/COK-RES-08-03.md,documentation,3556,4b5f3cbfc9fe6100c0481c339952fcf2cdb31943bcabd35f7ef1ae2aed47a393
docs/operations-manuals/manuals/res/COK-RES-08-04.md,documentation,3538,c87449dad05d455c78b1dd4a5e7945b2f7b8aa851539e092d39768a5e8fefce4
docs/operations-manuals/manuals/res/COK-RES-08-05.md,documentation,3538,e488cf2dcfc1fced794c08f3682f76bad2643ce35d46d0eca28dbbdcf4461a64
docs/operations-manuals/manuals/res/COK-RES-08-06.md,documentation,3538,0f15ce6fc2f4cf51fd3c22108b37cd103bdd467949fd9301262ae1f9f8b4f5bd
docs/operations-manuals/manuals/res/COK-RES-08-07.md,documentation,3538,c1da829c2554ddac5b47446821143940f583ddcaa66526697815ccb7ab3cd6c9
docs/operations-manuals/manuals/res/COK-RES-08-08.md,documentation,3586,c4aedef79dd50117ae7438b8a6e004b9cde5891969a5c4794e397110d272b513
docs/operations-manuals/manuals/res/COK-RES-08-09.md,documentation,3547,48ee9ca9d77d7dd5fedff50a8caffaa92a9cd35831c4db0055fc855f9a329056
docs/operations-manuals/manuals/res/COK-RES-08-10.md,documentation,3538,2cdaa11b8538d10de8fb8d080e6a195c905f8baff7328fbdd39100ae2ccc1fa0
docs/operations-manuals/manuals/res/COK-RES-09-01.md,documentation,3520,a2ef2eb29fe30e7262088ad2487f79e07feb3bb23e3636192fb23052b246cda6
docs/operations-manuals/manuals/res/COK-RES-09-02.md,documentation,3520,995717fbbb8c2567b284daf5e268a6d1e57d720ead7643e1c623db9791bdbe0d
docs/operations-manuals/manuals/res/COK-RES-09-03.md,documentation,3538,b7d212e57a7f7206d518fe549c0b00bdd533ca717ca9cc07b8a1737f93c9fc93
docs/operations-manuals/manuals/res/COK-RES-09-04.md,documentation,3520,15e5fa63f1793f1eafd6618f315f305fda276d36fab95ede02923ebe4a4f6006
docs/operations-manuals/manuals/res/COK-RES-09-05.md,documentation,3520,f99422f494e6c2ca57093d403bb8b2f4c37cd7ca8b2ea0118754f1f7021287d7
docs/operations-manuals/manuals/res/COK-RES-09-06.md,documentation,3520,24a8a6efd8bc4037c5eb3fb3d10e3bc78678d9f7e24fd8b654e99b911c5e7269
docs/operations-manuals/manuals/res/COK-RES-09-07.md,documentation,3520,dc7a234523ac7ae3ca346b4426a3c6116b64f3a9475167681e1efde8243c89e9
docs/operations-manuals/manuals/res/COK-RES-09-08.md,documentation,3568,de8d5c434a3abcea6afe05d6310ccfa66b495d95c1df545c669b84b9731a1ce6
docs/operations-manuals/manuals/res/COK-RES-09-09.md,documentation,3529,68adcc816829e52583fbcc0304f78640c597c8d484aecf142631e1ad73cef968
docs/operations-manuals/manuals/res/COK-RES-09-10.md,documentation,3520,7252aaec4baea4e261ce5dda6ffef7fbab280ea9ef0b6c75b96f422d7adca53b
docs/operations-manuals/manuals/res/COK-RES-10-01.md,documentation,3529,ecf20c18f4be017b7456f7558a9428c3262240396f8e3e23d1d9cd7e0d04f1ea
docs/operations-manuals/manuals/res/COK-RES-10-02.md,documentation,3529,9a3bf0c849601a2f8d81766f3428ef2b487a07675ff3dda1db803bfac5565a3d
docs/operations-manuals/manuals/res/COK-RES-10-03.md,documentation,3547,ffa11ed0a7d7a7c2c27dda97a69a9fe075d15c94c3028634ca5b7deffb84350c
docs/operations-manuals/manuals/res/COK-RES-10-04.md,documentation,3529,1fcdabe39186fbfafad8a1bcacae658b421f712c4b4f88894d22d0e17771cd83
docs/operations-manuals/manuals/res/COK-RES-10-05.md,documentation,3529,04ffa3f08818a81a8a7c1ac6027c142ed9e70de0ffcc63538c92c92da374e9ec
docs/operations-manuals/manuals/res/COK-RES-10-06.md,documentation,3529,ffc57004c2959259999698bd3e295e89066d753810ceb5ab219d72f6f711495c
docs/operations-manuals/manuals/res/COK-RES-10-07.md,documentation,3529,9f5b60327dd77ab75cf8c858cdd2e0ef3a85e97695b765d77bd131ad13066400
docs/operations-manuals/manuals/res/COK-RES-10-08.md,documentation,3577,c7fb286de75caf3b0e168b36a57df04c55fb89778457a6b0fcdc49b0986d97ec
docs/operations-manuals/manuals/res/COK-RES-10-09.md,documentation,3538,b4d2ec07667c6b4806c2f4331f706c0581a0c11a7094f0c0489fa307c924b339
docs/operations-manuals/manuals/res/COK-RES-10-10.md,documentation,3529,de67399ccfd62f38e4c29650c315546c0cf01115324ab096ad7bbcf3ce56f886
docs/operations-manuals/manuals/sal/COK-SAL-01-01.md,documentation,3547,224619608ad07816c4416b9ea083b06b6fcdef9686bc30ec65cf94a9de2447bd
docs/operations-manuals/manuals/sal/COK-SAL-01-02.md,documentation,3547,6906a5637402fd0c593fa293daf8d00882cdf77d9b0cee5bd370f36ed6ffebe1
docs/operations-manuals/manuals/sal/COK-SAL-01-03.md,documentation,3565,13cd9cfce8865cf997f2657ea8d82daa17161b00b9f486a936809c90d8a88ca6
docs/operations-manuals/manuals/sal/COK-SAL-01-04.md,documentation,3547,2eaf6a06131090e79db3641b0dc4476f9cffef86c0efea2073889670b86ab6bf
docs/operations-manuals/manuals/sal/COK-SAL-01-05.md,documentation,3547,21520da8ac09305a3fbf5a33353f3ccaf83b5411365e512329a77202f9992149
docs/operations-manuals/manuals/sal/COK-SAL-01-06.md,documentation,3547,43f0e8aa46d00c5955120eb86ea6326e52b9505bbf4a38e26dd7e4994d4d8f7c
docs/operations-manuals/manuals/sal/COK-SAL-01-07.md,documentation,3547,74051554f8cd1f93eab3dc729a26e90a68d37f18ada788357fa8863d09ddecba
docs/operations-manuals/manuals/sal/COK-SAL-01-08.md,documentation,3595,436ef7028e194d0ece5c97885c8bfee0edb5a2e41561eba9bb8993ac792eec8a
docs/operations-manuals/manuals/sal/COK-SAL-01-09.md,documentation,3556,2d8ec1650f93339f83ac0fa384861ec361480142e3ad6518e29800ed54217bcb
docs/operations-manuals/manuals/sal/COK-SAL-01-10.md,documentation,3547,fe8698d65a6bdc8544cb6073c5be981b137ba7b527600924671a8772dc847e40
docs/operations-manuals/manuals/sal/COK-SAL-02-01.md,documentation,3556,93a58296ce53641cb2f2f3a14f690139de5efc089ee02b5b43b8c186b1b2bacd
docs/operations-manuals/manuals/sal/COK-SAL-02-02.md,documentation,3556,80c9d69f2b92054b42df22a0a645ff4bb3129c6dab47f43c0651fe5b5c20cd8f
docs/operations-manuals/manuals/sal/COK-SAL-02-03.md,documentation,3574,49f8ae566c3bf8fb3adf5d74b373905cdea98e47d77cdfdcdebef3fed724cce1
docs/operations-manuals/manuals/sal/COK-SAL-02-04.md,documentation,3556,609406e14e71373c6de2292becd886c0fc1905f253ff73e3b9c1c2efe1a28a38
docs/operations-manuals/manuals/sal/COK-SAL-02-05.md,documentation,3556,8daf7666c6c4f73493a55b08212c15ac182e315e63b32e8a9b101eb4bee0b43f
docs/operations-manuals/manuals/sal/COK-SAL-02-06.md,documentation,3556,5934e3fcc8c6339943b00c72bad8ee2709ef5148335e48f9ceda7856b9ba8a6e
docs/operations-manuals/manuals/sal/COK-SAL-02-07.md,documentation,3556,333fb4b878fdc90044d52ad51bddf4e34f3c47d53ea826b2c09dec517da2f3db
docs/operations-manuals/manuals/sal/COK-SAL-02-08.md,documentation,3604,4d0c86a235cc7c2a6b7a861fe59937376b021640b3e93347b3299b6294c79329
docs/operations-manuals/manuals/sal/COK-SAL-02-09.md,documentation,3565,9fbc01f165d6f8167945f8da596cf4ae10dcdd8fd1e3f67942858d0a5864eacd
docs/operations-manuals/manuals/sal/COK-SAL-02-10.md,documentation,3556,6d10d610b2f84540d9f138cfebd46d0cc0c89838430cbcad38247562a98372ad
docs/operations-manuals/manuals/sal/COK-SAL-03-01.md,documentation,3577,031f70a6e720bbb01723f463b9cd08f7b91c7d61ae7c903009df8ad8e0c2daf2
docs/operations-manuals/manuals/sal/COK-SAL-03-02.md,documentation,3577,dbdf11e37992b57ac012db3eff904bce86e9bf19d2f1f2b49a9b98668631fb97
docs/operations-manuals/manuals/sal/COK-SAL-03-03.md,documentation,3595,5f03f9b0ec2138aad3a6ded9d4475cdf51667d0d94046091cb1594861ad26b46
docs/operations-manuals/manuals/sal/COK-SAL-03-04.md,documentation,3577,cff62e35974b217e9249872d99912b302768a022933ecebf70b5f4c43b13fb8c
docs/operations-manuals/manuals/sal/COK-SAL-03-05.md,documentation,3577,33a6db168991d4e1969bf020bef69d88f6e2c5c11329331c81c1595010e50905
docs/operations-manuals/manuals/sal/COK-SAL-03-06.md,documentation,3577,2ded4a115f99e977152dc285bf4a940159e6f61262dfb2b089235d2871b9a890
docs/operations-manuals/manuals/sal/COK-SAL-03-07.md,documentation,3577,cbe9bba55311fab795237693ab3cf0a56e64faa543758f2de99af315884084d2
docs/operations-manuals/manuals/sal/COK-SAL-03-08.md,documentation,3625,24d217e66a8b6f1eb6a1657ea7297ce66331de5f944f36fc74837eeb13f90217
docs/operations-manuals/manuals/sal/COK-SAL-03-09.md,documentation,3586,75fea0686a8849a4caa220ff7315b5a30b9d21cb9809014ae292ebb56002c7a7
docs/operations-manuals/manuals/sal/COK-SAL-03-10.md,documentation,3577,98f105005cdb38aaf41da3a044751da95b54aeb9f222e30365134e3fe7a856fe
docs/operations-manuals/manuals/sal/COK-SAL-04-01.md,documentation,3559,3671bbdf472245bbe5be7b4c0f43bee1e3963e609b5de68a284d246b5ae2bfbe
docs/operations-manuals/manuals/sal/COK-SAL-04-02.md,documentation,3559,dfd483905eafc3bc93164d9fc82d6792a7504e9286d5b113aeb8c87acde6af6a
docs/operations-manuals/manuals/sal/COK-SAL-04-03.md,documentation,3577,7a9a8009a01f7f45e86a85ccd7d3bfe94dc63c115862510d77ff2d2d2e6827aa
docs/operations-manuals/manuals/sal/COK-SAL-04-04.md,documentation,3559,5792d30bf1115238f7848e45e35216e6086ae1091852f0dea850e067760e1d95
docs/operations-manuals/manuals/sal/COK-SAL-04-05.md,documentation,3559,0718112888210bfe7f3293aba639cc9aa1ec01d5d7e9965f62daeee3e33ec7ce
docs/operations-manuals/manuals/sal/COK-SAL-04-06.md,documentation,3559,0d9a0e61a95eea930e569bbfd666cf8bab916cf03ddd6f1d78863201d75d17b6
docs/operations-manuals/manuals/sal/COK-SAL-04-07.md,documentation,3559,22c774c88347770080b71e54add65220b3b9f93003ac9e4e5109387920a5495d
docs/operations-manuals/manuals/sal/COK-SAL-04-08.md,documentation,3607,72566c9c5b2161f3da78b200d8f3cdab6d34d16c3b0dfb19a760cc4c1690723d
docs/operations-manuals/manuals/sal/COK-SAL-04-09.md,documentation,3568,09afaa8117c59030a39be3f9b87194bfb528a2acb138c662acb0f28f483e9250
docs/operations-manuals/manuals/sal/COK-SAL-04-10.md,documentation,3559,1a6183369c637b0b80d1361fa71b490e08cd4ecd10f2bb2c7f7124843948bfcb
docs/operations-manuals/manuals/sal/COK-SAL-05-01.md,documentation,3556,ef34038fb2ed664870ab5c2aef944d8ae24d4a2340504b17b9493decbf2395b6
docs/operations-manuals/manuals/sal/COK-SAL-05-02.md,documentation,3556,b4c7161f2365b67235d7f90b6adddf6911e6fc882b302a49dbd9119b606b6ae1
docs/operations-manuals/manuals/sal/COK-SAL-05-03.md,documentation,3574,b186dd8c942522b050192266fb14d13a5beacd9aaba5869782316dbff282a75f
docs/operations-manuals/manuals/sal/COK-SAL-05-04.md,documentation,3556,60f651e6736552c5f3cde71c6757c6f27621bd899c26b586f0c5bb238821c5e7
docs/operations-manuals/manuals/sal/COK-SAL-05-05.md,documentation,3556,7596f9309a891c94833304df1bc3a4c223b414007d53bbc0aa4b060034a5ac78
docs/operations-manuals/manuals/sal/COK-SAL-05-06.md,documentation,3556,a1c5f5461adfa2756d087bba329042919a7f04cbf1779d833f26a389043ada8a
docs/operations-manuals/manuals/sal/COK-SAL-05-07.md,documentation,3556,1d1463696a8ef4a6568827ef4975edf220c99915087e62652db99473ebfe5161
docs/operations-manuals/manuals/sal/COK-SAL-05-08.md,documentation,3604,64b38d612af29e665b713041efec3d9fab40249728079372f89c2906a174565a
docs/operations-manuals/manuals/sal/COK-SAL-05-09.md,documentation,3565,51cacb1ce32536ed2bd0d5ee67b22893145b7b7afb3f21a0e9dfc8f8688f5a13
docs/operations-manuals/manuals/sal/COK-SAL-05-10.md,documentation,3556,39a4892279ad32fc9a312230ebade412624d7edb19e08177fdf3ad2379374ae1
docs/operations-manuals/manuals/sal/COK-SAL-06-01.md,documentation,3556,04dd916a6ffe482d2c7f7ef66babc64cc338211b0b472bdc52e5c18f72ffbbff
docs/operations-manuals/manuals/sal/COK-SAL-06-02.md,documentation,3556,9e04a93f83982071cfb70b1cd876e7deb6194cae55a1dfe47ce9964fecc05fd2
docs/operations-manuals/manuals/sal/COK-SAL-06-03.md,documentation,3574,0038957aba66dce2cb5d6908854a75bbea0b8c15d1c36ba5118a014adc190213
docs/operations-manuals/manuals/sal/COK-SAL-06-04.md,documentation,3556,6f1f71b9656d893db1deaf6fb849057e47541e5b2421cd717cc782b816263cd3
docs/operations-manuals/manuals/sal/COK-SAL-06-05.md,documentation,3556,ee76907aa6c8fb0eecc9e041623ce39a5ca79d4e8f08f8035c0ccb40fc64eaea
docs/operations-manuals/manuals/sal/COK-SAL-06-06.md,documentation,3556,fc6751d4ab816e93c178dba2a6081af84384ad26f62e7fb905710e69d08f3ebd
docs/operations-manuals/manuals/sal/COK-SAL-06-07.md,documentation,3556,bb52339037ff7d6e08fbfcd03bc5f0ccb60dd2a6108c7265d7939746d646de78
docs/operations-manuals/manuals/sal/COK-SAL-06-08.md,documentation,3604,1727049327addf0402e9824da8c97e2130d0146a8378c2e7fffaa4eb57110ef5
docs/operations-manuals/manuals/sal/COK-SAL-06-09.md,documentation,3565,979a334e2a4ef3e2d1a5dbf1e60c5587c8e87cac48eb28534a86a7ebead4e2c7
docs/operations-manuals/manuals/sal/COK-SAL-06-10.md,documentation,3556,d8e0707adfdde69dcbab8a0e184d9391674ff09b81d5777379b649cffa293fb2
docs/operations-manuals/manuals/sal/COK-SAL-07-01.md,documentation,3568,9940268414874216fdddd75e97f946f93602f4de2b2a7e8c8d36ea4aabc8be88
docs/operations-manuals/manuals/sal/COK-SAL-07-02.md,documentation,3568,d90348442fa736cfc874c464c99077278cb20eafc01123e0bbe7a37f58a1b019
docs/operations-manuals/manuals/sal/COK-SAL-07-03.md,documentation,3586,cbc4fc82fe0dea38ee29b6d1c3a5b525dae0b5eea179c3d170f66102958e4314
docs/operations-manuals/manuals/sal/COK-SAL-07-04.md,documentation,3568,6e09634efa88b708eb9acc3deb5db0bbd11659db23691704ea4abadcc5d2f037
docs/operations-manuals/manuals/sal/COK-SAL-07-05.md,documentation,3568,2acb320e2326d262429fc714564667c159bf9dc5d736536602257f26afd4e2d7
docs/operations-manuals/manuals/sal/COK-SAL-07-06.md,documentation,3568,a25d180d9a673e9de6c4e3aeef7dc37765bc98839ee6b94fd49391a0cd942fff
docs/operations-manuals/manuals/sal/COK-SAL-07-07.md,documentation,3568,0289fc118905f45ba29794ab2bd5ed1a2c0620622c43c3c00167de930c170109
docs/operations-manuals/manuals/sal/COK-SAL-07-08.md,documentation,3616,7dd9f2d59e20cdfe068eedc8b47483007d5b6af26fcd3844ec6fb57a0f5b15d3
docs/operations-manuals/manuals/sal/COK-SAL-07-09.md,documentation,3577,df16e27f85e0b0ac6bf70d45e67ea7f10207d31048d6c2a1ff393ecef7f60c34
docs/operations-manuals/manuals/sal/COK-SAL-07-10.md,documentation,3568,992ef0b47cd38261f82ccc028d54ac1a204dced378485469c4834cc3bcfc85d1
docs/operations-manuals/manuals/sal/COK-SAL-08-01.md,documentation,3565,869c98f64265655089ab922d48725728d99730810280c6c6bb05583ecaf08395
docs/operations-manuals/manuals/sal/COK-SAL-08-02.md,documentation,3565,b6ca5533fd8e6f393f2c33f7397c12abaf16f35a6e52339ceb02704110aa1d74
docs/operations-manuals/manuals/sal/COK-SAL-08-03.md,documentation,3583,adc517b25077091d75070172b6b02bfd8f89eb7ba015c01c6f5d1003fbaae848
docs/operations-manuals/manuals/sal/COK-SAL-08-04.md,documentation,3565,0da25b798c1d9aa758f4b94c51d1c82dbf00eced4642faad015949fc9c7372f8
docs/operations-manuals/manuals/sal/COK-SAL-08-05.md,documentation,3565,d428f92c5556bea3c07afc7f1ce9983d93c54d320c0d718782f9db9e26243919
docs/operations-manuals/manuals/sal/COK-SAL-08-06.md,documentation,3565,3c9c7e28c88b05ebca137349e5875c5dd006fda6ae093795cc6ac242f1cfddcf
docs/operations-manuals/manuals/sal/COK-SAL-08-07.md,documentation,3565,b120a0a611d90643102ea50eee393deead398667f404ff281ea626a1a327f1e0
docs/operations-manuals/manuals/sal/COK-SAL-08-08.md,documentation,3613,eed4e05a6779c648e533d6598057152d4797298b249910cb30dd07337c78cc57
docs/operations-manuals/manuals/sal/COK-SAL-08-09.md,documentation,3574,d74378596a3659812faf9942f88fc4cfff5214f0735a7f050f98b8a7c77d4f61
docs/operations-manuals/manuals/sal/COK-SAL-08-10.md,documentation,3565,d22119043d705e8a37c1ca8768c8ee5aeb51fbe0fc5ed54032f50ec31e05b34f
docs/operations-manuals/manuals/sal/COK-SAL-09-01.md,documentation,3556,ee3cccb54217b6f3b4a069ebb4f69cb79a432d7c1ef2582450ca6daddec03319
docs/operations-manuals/manuals/sal/COK-SAL-09-02.md,documentation,3556,507683d7e3c7a88551d13552f2a2ddb4f3b4fedbb9a6b1af755ffe9e2677f6aa
docs/operations-manuals/manuals/sal/COK-SAL-09-03.md,documentation,3574,242df209e1d3463ba3ae9c0b21664f068c35480aee90d15ef95836a257b1ce46
docs/operations-manuals/manuals/sal/COK-SAL-09-04.md,documentation,3556,34a1ca9f9b433511c259a77dc8afd58702e040879144505124e39e0708b13ad3
docs/operations-manuals/manuals/sal/COK-SAL-09-05.md,documentation,3556,c4f54b38703e0ad9d663e1345bdb362737c853d74269c8789a1c9e59128add80
docs/operations-manuals/manuals/sal/COK-SAL-09-06.md,documentation,3556,6c3cb54896d573a5b37241f1e64aa7f8ffe91be3d6314ab40866de9579672ac3
docs/operations-manuals/manuals/sal/COK-SAL-09-07.md,documentation,3556,b0614c4313a11ec0e73d188b6c762de5d0054dfa2e91c628b54ce6bdebf3d7e0
docs/operations-manuals/manuals/sal/COK-SAL-09-08.md,documentation,3604,30ff7fdd03cefd93a78ce094c7f4f1f6dd9367ae103d57191a7501115a230759
docs/operations-manuals/manuals/sal/COK-SAL-09-09.md,documentation,3565,8596074164b4f53029d2119a55966a56c7e4b33036b5947801774537c11f9d48
docs/operations-manuals/manuals/sal/COK-SAL-09-10.md,documentation,3556,cdf15612030925d6d7b801d306ad07cc9129e542fd83b2f922acf669ec856997
docs/operations-manuals/manuals/sal/COK-SAL-10-01.md,documentation,3556,7efecb8a956b85e3daeaffc94dea04c9c5872e8371c82a2f92f6fdc76e975cd4
docs/operations-manuals/manuals/sal/COK-SAL-10-02.md,documentation,3556,f56743f2fe234468ff4dfd87e3715eb06b10556e1f82c62698e124e27a66a673
docs/operations-manuals/manuals/sal/COK-SAL-10-03.md,documentation,3574,d8e69cbbff258d6b6213342470e2837a0ab89a91d46dd6ffa56bd2ce15194c80
docs/operations-manuals/manuals/sal/COK-SAL-10-04.md,documentation,3556,76a12a2a2ce144c0c66820b3ed53d45fd161b091cb4d5aa75e5df8dd01793f08
docs/operations-manuals/manuals/sal/COK-SAL-10-05.md,documentation,3556,859c378234c827ce98086740e8d9be3f77e55ae429908d4f262845ddd3da0924
docs/operations-manuals/manuals/sal/COK-SAL-10-06.md,documentation,3556,186a2c5656ac500aa496426f09516502e4dbed7bfdaf3b6a77c092d766377bef
docs/operations-manuals/manuals/sal/COK-SAL-10-07.md,documentation,3556,5a67a8aae064abd766f73e801954b129203558fdb9726656fd55aca2fe3ca2f3
docs/operations-manuals/manuals/sal/COK-SAL-10-08.md,documentation,3604,a572154936af7834cb3e919edfd507fb609355951f49351d7637465e3fe473f8
docs/operations-manuals/manuals/sal/COK-SAL-10-09.md,documentation,3565,42746675eef96700800043b209cbb9fc3e47acfc517d324072d562a4fe42ff23
docs/operations-manuals/manuals/sal/COK-SAL-10-10.md,documentation,3556,3818573134878b2d977dbbabbc83587ae8a49668c73ffad74f90843ae5f4bc5e
docs/operations-manuals/manuals/sec/COK-SEC-01-01.md,documentation,3517,80bbfc4872afaf193446bfd0e7ed8fec333f4f3d06ff8fc84acbe771ad7184a4
docs/operations-manuals/manuals/sec/COK-SEC-01-02.md,documentation,3517,88a5fc03e5ab9be9219a5543aa5e3a1efdcfc200bbed1f62cea62a414652ae3a
docs/operations-manuals/manuals/sec/COK-SEC-01-03.md,documentation,3535,243f0cc52d972926fb9307c2e7a0cb5cb91334b6de289c923977839888baa8dc
docs/operations-manuals/manuals/sec/COK-SEC-01-04.md,documentation,3517,caf3e971f89d6ab69532115a52f1f61a624fd7785daf00c112445f1870666aa1
docs/operations-manuals/manuals/sec/COK-SEC-01-05.md,documentation,3517,412e9b7bf5f71aa754074e2ef342977ff3d8c89b4e2b4e2b9e8a95c4d30e6f58
docs/operations-manuals/manuals/sec/COK-SEC-01-06.md,documentation,3517,ab2a39795034cd21d49ccba400572a39f4dc2ba7cac5d3c3450d841d4617c81e
docs/operations-manuals/manuals/sec/COK-SEC-01-07.md,documentation,3517,00a4d8bf94c7436057492ba7a8fac5425cc2eb62a8d3ad24856b66a463fc4117
docs/operations-manuals/manuals/sec/COK-SEC-01-08.md,documentation,3565,cd08f484745816d8dfb1c1fc38f9c43d462ac0e017615ce8275db753d41dbb93
docs/operations-manuals/manuals/sec/COK-SEC-01-09.md,documentation,3526,35c440071bdbb8624ea50930e53683abd9609595b84a22a4975bb48792392c8d
docs/operations-manuals/manuals/sec/COK-SEC-01-10.md,documentation,3517,1a01699aaadadd6564ac3cddd3ecb159416b28d760151a5755e4d027be38ff60
docs/operations-manuals/manuals/sec/COK-SEC-02-01.md,documentation,3517,669188b01e2f5e3d3f3e34996ebd9284803b5862f388f3d05c4e4047aaa207ae
docs/operations-manuals/manuals/sec/COK-SEC-02-02.md,documentation,3517,ee007af4e7628ea7b87c0e70fa927d05c4167481133aca3d7a5c43f75e63aa86
docs/operations-manuals/manuals/sec/COK-SEC-02-03.md,documentation,3535,18daf12b375094b87f67701eb25f4d43cda5870f36d932cf8bbd5b5bb19aec38
docs/operations-manuals/manuals/sec/COK-SEC-02-04.md,documentation,3517,0b1990902bb4fdbd477aac3504f8fc053fde345d5f03516232e8c49534c4445f
docs/operations-manuals/manuals/sec/COK-SEC-02-05.md,documentation,3517,512456ea6f37b7a554d3460871b9c9126a370a3fc30921ef398e0e379d380d99
docs/operations-manuals/manuals/sec/COK-SEC-02-06.md,documentation,3517,ec33b3d12d678dcc320fbd48a6dcfee6df088ebb7292972dc2b070b0a92edc91
docs/operations-manuals/manuals/sec/COK-SEC-02-07.md,documentation,3517,a57109759980814ec209e3c5f76befa7d0503bede10a16245d6d029bcedc88fb
docs/operations-manuals/manuals/sec/COK-SEC-02-08.md,documentation,3565,20812ef90dcaedef1350994a9d57f2c31ea13aa7393584b9e00ad23db96d7402
docs/operations-manuals/manuals/sec/COK-SEC-02-09.md,documentation,3526,34e0c11a785e34aab20be55b204fcc15254c92e8a3bc15c15a3e6367172a5281
docs/operations-manuals/manuals/sec/COK-SEC-02-10.md,documentation,3517,b032213cc969b07d1425a3bcddc037d14d5bac1454f3282656bae1ec469ed5f3
docs/operations-manuals/manuals/sec/COK-SEC-03-01.md,documentation,3526,4027b3d40904424634a6cd43a05078a0c3349e5430994dfa0d5b687125875427
docs/operations-manuals/manuals/sec/COK-SEC-03-02.md,documentation,3526,69b5124ca731f5902abbe1bbb2b6f062a1c8a052b6e307c629e3ee78b0c3750e
docs/operations-manuals/manuals/sec/COK-SEC-03-03.md,documentation,3544,54c08c111868b65269f6f1be712d0c28edd347cf6c704afb13961c3962b7e6c8
docs/operations-manuals/manuals/sec/COK-SEC-03-04.md,documentation,3526,b12e6b0f8c2000276f3f429d8b899724be17d8090f1e73254b7a5bfefbd063e0
docs/operations-manuals/manuals/sec/COK-SEC-03-05.md,documentation,3526,8caed1213bf3d55b2c5b8c8fc7f354226513ecf593fe9d06ea8c306c4fdacb95
docs/operations-manuals/manuals/sec/COK-SEC-03-06.md,documentation,3526,7a36cdd2f715d1e5e588db25987a6f13a1c5f2692aaef769b8423d07a8d93b1a
docs/operations-manuals/manuals/sec/COK-SEC-03-07.md,documentation,3526,bd51d600efe79c561b5e2455565271c442be624926b1f68214aadef7027e7ceb
docs/operations-manuals/manuals/sec/COK-SEC-03-08.md,documentation,3574,566a8066564dcb79919768388b95817ea77e6886bd2e661362eaf04c4cc38abe
docs/operations-manuals/manuals/sec/COK-SEC-03-09.md,documentation,3535,20d3e3bbceebda848b4691accfc0e4458eb1b56cad5e26836ac7da1c59be9e2d
docs/operations-manuals/manuals/sec/COK-SEC-03-10.md,documentation,3526,02aaaf5a280e62827699029140a3032cc9847f60fbe9826050434818100803d2
docs/operations-manuals/manuals/sec/COK-SEC-04-01.md,documentation,3526,573df02c8114b92cd520c92e3f70bdccac2e3ab09311d1c0a6abdcb42fcf28f8
docs/operations-manuals/manuals/sec/COK-SEC-04-02.md,documentation,3526,d3cec4308097c7c5d27505f0491e1f76edf815c341419f846234b654078a0870
docs/operations-manuals/manuals/sec/COK-SEC-04-03.md,documentation,3544,54023af46f3e3bd9d4322b425888da8746e0e1169fa48ad3a39369104d533b6d
docs/operations-manuals/manuals/sec/COK-SEC-04-04.md,documentation,3526,e7e47d830a8b9acb70d93a35f75f694d5fcfab26fc56ae649d30590db416f299
docs/operations-manuals/manuals/sec/COK-SEC-04-05.md,documentation,3526,6b9c44e3fec6bbfdddfeecd2d04133e4c186390b448d2e5eed233b4013f4200b
docs/operations-manuals/manuals/sec/COK-SEC-04-06.md,documentation,3526,37c16333815d417a97cf9dfe03997d41ebd0802a5a2263ad30de6a89bc25d598
docs/operations-manuals/manuals/sec/COK-SEC-04-07.md,documentation,3526,59ae6795550e2d6ba801732564686436732d39de3db9a483c669c0cac7f4d652
docs/operations-manuals/manuals/sec/COK-SEC-04-08.md,documentation,3574,562bf5e66e6356df846ac2dca184bf17a09af87d2322977bbe22c730fa6a23c6
docs/operations-manuals/manuals/sec/COK-SEC-04-09.md,documentation,3535,6ccb4d03ce70578ffa2b959d8b06af36c25c470151296f252e7b851afbcb7182
docs/operations-manuals/manuals/sec/COK-SEC-04-10.md,documentation,3526,5ba02eedb1cf20a1a6dd703224b8ad9cc83c0fb3bd9c3ef8ced16bcc0cae99f8
docs/operations-manuals/manuals/sec/COK-SEC-05-01.md,documentation,3526,be0640357509d23615ede263f166294469f8af883125f8b0869c1d8de7d0cc7f
docs/operations-manuals/manuals/sec/COK-SEC-05-02.md,documentation,3526,4b1c79f26e4e85b3862b430a2cf8ca77be4fc1216a7aba585bbf82742936bf48
docs/operations-manuals/manuals/sec/COK-SEC-05-03.md,documentation,3544,6569cccceabe6afb89c39afdc4d777d0d599b365d6afa5f24e42b7acdd6c895c
docs/operations-manuals/manuals/sec/COK-SEC-05-04.md,documentation,3526,fb7bb0f60d9c0f3db5b76d7fd16ecb71a8346d8a89044a147d025df2c3d9f0c3
docs/operations-manuals/manuals/sec/COK-SEC-05-05.md,documentation,3526,0a98ceb0c69d7623d6a0a79a14f20273aab44ce787b90715a969998b3219d54b
docs/operations-manuals/manuals/sec/COK-SEC-05-06.md,documentation,3526,c75dd2e29c016d0014252fd16850ef05a2ce6f97d93ab66df5bb565fb49ebb83
docs/operations-manuals/manuals/sec/COK-SEC-05-07.md,documentation,3526,7c95870e2b1eeb4d14e109a3a38dbbb961c8829f61ea559992fc28a344a4b06d
docs/operations-manuals/manuals/sec/COK-SEC-05-08.md,documentation,3574,737ed537b65b907afd582b917ad39ddf0d9a8f11296b3fd0fcf7f4db17e26e67
docs/operations-manuals/manuals/sec/COK-SEC-05-09.md,documentation,3535,177411f70b53db0f886afea9dc918655e60b6b0a08bb809e76e10a4ddda83f76
docs/operations-manuals/manuals/sec/COK-SEC-05-10.md,documentation,3526,bf596273caa84fa3b4c7141a1aaa6cd5884aa6b3a48c3984cebb2c36acddb28e
docs/operations-manuals/manuals/sec/COK-SEC-06-01.md,documentation,3535,1091d58716ab5bdeb181d895246e10430495b8cfc20882a7737960b65ee19bf3
docs/operations-manuals/manuals/sec/COK-SEC-06-02.md,documentation,3535,da3f5fa3bac2a9a67e6a77926e094a7aacddefc490092db5588feef2a1902d2d
docs/operations-manuals/manuals/sec/COK-SEC-06-03.md,documentation,3553,b18cbadbc680db43fa5e05dbd71fdeba99c11f27590e92862d568712d67afb44
docs/operations-manuals/manuals/sec/COK-SEC-06-04.md,documentation,3535,6228a4028105afdc0392c9f6550909fbe15162430eac0819be773f03208c627c
docs/operations-manuals/manuals/sec/COK-SEC-06-05.md,documentation,3535,d4d61dd953f18d46347e5a3c3443941bde34c6718b2906a7628d941b8e772dbe
docs/operations-manuals/manuals/sec/COK-SEC-06-06.md,documentation,3535,8d6b71bd0f399aebeecacaaee4322ff921accadc89cdce3993ef4e2824dd76fb
docs/operations-manuals/manuals/sec/COK-SEC-06-07.md,documentation,3535,68534d24e83267c69089c27e48ff20601372afd7b4854c4e2fb3f1721f9ca791
docs/operations-manuals/manuals/sec/COK-SEC-06-08.md,documentation,3583,1d84562a2a165adb7fdb6d668afbedcc84c3f00fb1c2ac30280b4bd081bfa540
docs/operations-manuals/manuals/sec/COK-SEC-06-09.md,documentation,3544,d669d7afab65bed0a9d8dedb6483ce4a610329a55b01195505230225dd665e99
docs/operations-manuals/manuals/sec/COK-SEC-06-10.md,documentation,3535,c964a2bbeb2b3380153d4e6187431d17e04c2a067dbdc8dafc86eff45f4966ed
docs/operations-manuals/manuals/sec/COK-SEC-07-01.md,documentation,3526,b86b0a8f319376f6b4f91e67e71b65adab76112c17b478c06854b7b6e1212684
docs/operations-manuals/manuals/sec/COK-SEC-07-02.md,documentation,3526,6a5daecde52171d45de8e73d2bd08fc80cc0b58cef441fa2cb4005023a47ef48
docs/operations-manuals/manuals/sec/COK-SEC-07-03.md,documentation,3544,f785e7ce5d89eec765c70e1e7e46034ed02affcebcb088512b7967dddabb8195
docs/operations-manuals/manuals/sec/COK-SEC-07-04.md,documentation,3526,bb8f794b7ebc651aa549072d5c57002dcc7c0e53d9f9776e3f4dbcd04ed36de6
docs/operations-manuals/manuals/sec/COK-SEC-07-05.md,documentation,3526,80d6053b0d00875a6ef1d7279fea6ce15c019b12c03b6b708ebb2461a6cbf2b9
docs/operations-manuals/manuals/sec/COK-SEC-07-06.md,documentation,3526,cdba50fa4c209c71258c52e76f1e6722c6cdd5da43204e1695f75a4ad231cee0
docs/operations-manuals/manuals/sec/COK-SEC-07-07.md,documentation,3526,10cde9c462414c8052971d76b8f100a215887cb44b26dbc69664f05a28b5f6db
docs/operations-manuals/manuals/sec/COK-SEC-07-08.md,documentation,3574,ffa2856511cc91ec81c07e77ab99c50143cb5ffad9b021ab400706e31c884fac
docs/operations-manuals/manuals/sec/COK-SEC-07-09.md,documentation,3535,1904b1de9ed216d44d923bb228812eee0f300e71722094ef6b3fdd3c63d70c69
docs/operations-manuals/manuals/sec/COK-SEC-07-10.md,documentation,3526,99be445f71576e402d9fd542843456c9b11333d0c613d9e012a2bfab1f429440
docs/operations-manuals/manuals/sec/COK-SEC-08-01.md,documentation,3514,813bbc8da3f089eb715d39da08fb5b7910cbe363b1749513e31975065571670f
docs/operations-manuals/manuals/sec/COK-SEC-08-02.md,documentation,3514,f0ae835bcc1048eec5bfc29fa5b784b2021c7db032d61e7d1ca872dc4652d2ec
docs/operations-manuals/manuals/sec/COK-SEC-08-03.md,documentation,3532,691812f5737bccbf168320773417552844de7e3e2bcfe74dd75f9949fa108531
docs/operations-manuals/manuals/sec/COK-SEC-08-04.md,documentation,3514,ce4d86806f9ded33ff3d8fd9f89efe91e6c2d61319a76aff94190ca042d9105a
docs/operations-manuals/manuals/sec/COK-SEC-08-05.md,documentation,3514,239a8d39c3cbb844bad3d08dfdb72313ef9b352651e29887542541a97fb263e6
docs/operations-manuals/manuals/sec/COK-SEC-08-06.md,documentation,3514,2eb04c45aae67efebbfee2ef1a234c13b19374a35a5637d50e3c8e8dd39e0a04
docs/operations-manuals/manuals/sec/COK-SEC-08-07.md,documentation,3514,3b93ea81ffbd66d789b869353f4a468a39674a08ebf572f6276b2002a9c38694
docs/operations-manuals/manuals/sec/COK-SEC-08-08.md,documentation,3562,8bab5fb331ce9814818e7511645450f263e2be3877afa8d4448e4a307117ba66
docs/operations-manuals/manuals/sec/COK-SEC-08-09.md,documentation,3523,f2f88b967dc931d3fee2af008973ca55aba6a40c7ad050e4e69b570f48ba2727
docs/operations-manuals/manuals/sec/COK-SEC-08-10.md,documentation,3514,65f761d0ec69f4845b2dce0e449d4f7a07f12ad2491c3a1cbf8e89b7824f4ee5
docs/operations-manuals/manuals/sec/COK-SEC-09-01.md,documentation,3535,9545d9b4bb6bfc9c186f23cdc4680e71773decbeeab722ba59dae01f526708e9
docs/operations-manuals/manuals/sec/COK-SEC-09-02.md,documentation,3535,d889d6e6bb9c2f54e30dd4f294834a4f788daecc64d1bf35a708c5fed691f751
docs/operations-manuals/manuals/sec/COK-SEC-09-03.md,documentation,3553,9f855b1f847870bdf93dd58d0a5c2e616743b670640618b89065adca0b93f12b
docs/operations-manuals/manuals/sec/COK-SEC-09-04.md,documentation,3535,a9d20b29829119c30a37814da6af640edbd58a24e809b7783c94bcbc7f70cb9d
docs/operations-manuals/manuals/sec/COK-SEC-09-05.md,documentation,3535,0f89692af0b5f141981c929c1d81060be0c13f8aca50f1508cc11cebb6621205
docs/operations-manuals/manuals/sec/COK-SEC-09-06.md,documentation,3535,f0fb1b524625ecf169afd31c7882d31c31b2f4b2365411bafd05eff741f62478
docs/operations-manuals/manuals/sec/COK-SEC-09-07.md,documentation,3535,2f58b03a091cdadb224170846e4f9f22a3d9f91f6e888db172a548e963ed4b7e
docs/operations-manuals/manuals/sec/COK-SEC-09-08.md,documentation,3583,3ba5deb214d2040269c571df47fa86d298e1723057dab0d1544960e1a396105d
docs/operations-manuals/manuals/sec/COK-SEC-09-09.md,documentation,3544,20ebad925b98e07b13fbf6b6852e32c8ab96ef9d9d45c30e0946c540817226bd
docs/operations-manuals/manuals/sec/COK-SEC-09-10.md,documentation,3535,2129860cfcf85226ba86e1e9d9e017836f97ed17c68ae26f52045ad88c179500
docs/operations-manuals/manuals/sec/COK-SEC-10-01.md,documentation,3535,a8270eca248bc08c65dfd63ddc5d313720c2ce9d7689460f4094509435724336
docs/operations-manuals/manuals/sec/COK-SEC-10-02.md,documentation,3535,d0ba41d472cff555b2217f08ad10644b6d33141c50987e46cf83e13bb6616ce9
docs/operations-manuals/manuals/sec/COK-SEC-10-03.md,documentation,3553,538bb07bba0f9aac56eacfff5de2cf48224767d5be4d320c421dfe68b136b782
docs/operations-manuals/manuals/sec/COK-SEC-10-04.md,documentation,3535,4d85e4c74b879d0f43d216b3ee449bc4bc986b25dfc93bc3b95aade51976ab70
docs/operations-manuals/manuals/sec/COK-SEC-10-05.md,documentation,3535,5c9ca0e48a9a8d4613d4179d7ea4d4f31d6506318a699d8605bcb95d1b76f4ed
docs/operations-manuals/manuals/sec/COK-SEC-10-06.md,documentation,3535,e176467c231d6f7ea777c82a4d580f6bf19d25b24800de25563a300871814c22
docs/operations-manuals/manuals/sec/COK-SEC-10-07.md,documentation,3535,70c352fc2957aad04337132f44cb1a79ef04328e26dd788434ab5d5ce21c817a
docs/operations-manuals/manuals/sec/COK-SEC-10-08.md,documentation,3583,8f6978b97f65d2c108e42d368f20f996a107a5764f5a5de221007278726b8ce9
docs/operations-manuals/manuals/sec/COK-SEC-10-09.md,documentation,3544,75ad1f3387f71df703afe07551bebd2e809b62c9d6a0ae87bc95de679cc4313b
docs/operations-manuals/manuals/sec/COK-SEC-10-10.md,documentation,3535,c66249bdbee512e2e9e5eee09cba344c0a5fd9f2d92bdced6f023a6989dc9533
docs/operations-manuals/manuals/seo/COK-SEO-01-01.md,documentation,3549,3ccb825c30082514ef070e6a730e8134fadd4eda756da6da55ade5ad8976dee9
docs/operations-manuals/manuals/seo/COK-SEO-01-02.md,documentation,3549,b8774b63d58c3c2485a764081ddfb7d3715a7d8516629d525d84dc8a14df9b13
docs/operations-manuals/manuals/seo/COK-SEO-01-03.md,documentation,3567,ff82217f61ca15839b759735877314fcec6ca7482e37f3a07355ec924cd25c83
docs/operations-manuals/manuals/seo/COK-SEO-01-04.md,documentation,3549,2bd6d11a7a5c32a97ecbb4a004993d7501f2ac42de66416affd880629a6ddc8f
docs/operations-manuals/manuals/seo/COK-SEO-01-05.md,documentation,3549,7cf89dc7ba97e24df5ef3beed0e5bbb0cd3270758549fe28b17c67cdaa421720
docs/operations-manuals/manuals/seo/COK-SEO-01-06.md,documentation,3549,f8245d07517cc59cc65708daf2c366bf493a3c3ad7ad2ee8fad2cad0f4fa9ee3
docs/operations-manuals/manuals/seo/COK-SEO-01-07.md,documentation,3549,85144fe90470f7c10fb45e44f28a67205d97f9257ab2f073571dd471fde446c2
docs/operations-manuals/manuals/seo/COK-SEO-01-08.md,documentation,3597,1828664310bee6bb070924fdfa589f6daff0717db5170a29fbcbcd4a4539ec66
docs/operations-manuals/manuals/seo/COK-SEO-01-09.md,documentation,3558,7a503be472f7f7ba98276218f71dc373d1d5f67ced88c71e4b2cca8785fa3a54
docs/operations-manuals/manuals/seo/COK-SEO-01-10.md,documentation,3549,1af406eeabaeb93b58eb7d7bd1c9b07465330669e4b0983ef0e75aafdcf836f4
docs/operations-manuals/manuals/seo/COK-SEO-02-01.md,documentation,3537,53aaf6c0e7318e34075138d15d66b9eaedfa60706c429fd297653205b86c39be
docs/operations-manuals/manuals/seo/COK-SEO-02-02.md,documentation,3537,ec792945dda68f2b3f1c2e4241509fabad4b2a7e3ecde28c64151cfd0d918c57
docs/operations-manuals/manuals/seo/COK-SEO-02-03.md,documentation,3555,bbe1dd1595557554f44e760a8e3bfbcfb4f25d0e9c5976ac34156d85307f62f1
docs/operations-manuals/manuals/seo/COK-SEO-02-04.md,documentation,3537,fa92b182bac0730c1b3f322f84a9fa560379f911bb1835e33bb5418f93d05c2e
docs/operations-manuals/manuals/seo/COK-SEO-02-05.md,documentation,3537,91efe33c992b6696501b8f7a69cbc1d1ff29f9154ba15582ed44108fae625079
docs/operations-manuals/manuals/seo/COK-SEO-02-06.md,documentation,3537,aa562c02236940e2e0eb87ccf20875595f130cf937b04d03ce6ee000d602e828
docs/operations-manuals/manuals/seo/COK-SEO-02-07.md,documentation,3537,245b4b2795ea34e15fce491096bcec4b81d07e4909a1aff87a05da5e0338c464
docs/operations-manuals/manuals/seo/COK-SEO-02-08.md,documentation,3585,a1d46864f873d4152396d5acd2b00f39190035c80a67ca9d3465a2a1308f38ee
docs/operations-manuals/manuals/seo/COK-SEO-02-09.md,documentation,3546,920f6aa85d14ab8671404efc1bf1a9f1a016c278fd53834636602986e4bad17c
docs/operations-manuals/manuals/seo/COK-SEO-02-10.md,documentation,3537,bdad2d12442f72a389c20852b9c841ad818d359afc0f147d9dafe38f85eab516
docs/operations-manuals/manuals/seo/COK-SEO-03-01.md,documentation,3558,54c7eaaf34602f50e290a721cb40e1ec9c955b775d270e1b33c57d626ab0e1b8
docs/operations-manuals/manuals/seo/COK-SEO-03-02.md,documentation,3558,0a2cbbee5de0f8cb66950df2b1ca9492da198040dfe67419db9cab3faab324b1
docs/operations-manuals/manuals/seo/COK-SEO-03-03.md,documentation,3576,e9812c70bbf910a28697c4eab80fbf4957535c6ae3c24718c88dbc2891e6697b
docs/operations-manuals/manuals/seo/COK-SEO-03-04.md,documentation,3558,66c944a2b6fac8a682871297d2b9e27737e2c697b522ee249a54bd864518007c
docs/operations-manuals/manuals/seo/COK-SEO-03-05.md,documentation,3558,6f9416ab08c3e92255b0ab0dde64b3868ae4ae61dbdf488a9de044d067b02714
docs/operations-manuals/manuals/seo/COK-SEO-03-06.md,documentation,3558,c7f9a0fdfc8a0532df65d5082194fa7f3d73db0d79c0d7bec51b671891ef9ef0
docs/operations-manuals/manuals/seo/COK-SEO-03-07.md,documentation,3558,0ee49225e32eaf46b808e563a90d1d849d5da10c2ab00112f0980d4f6fdff890
docs/operations-manuals/manuals/seo/COK-SEO-03-08.md,documentation,3606,c5e146fcf5350d44121905c169fb6a35b399d40630f427932761139f9acc63fb
docs/operations-manuals/manuals/seo/COK-SEO-03-09.md,documentation,3567,eb7b11a9644b3bd936307413faae7fb8113722a9676d9a89f1ca7180e1a47535
docs/operations-manuals/manuals/seo/COK-SEO-03-10.md,documentation,3558,7c2ec5638c46ac47074b57b261e293033f98e58fbc01a94af322e23e89ac9214
docs/operations-manuals/manuals/seo/COK-SEO-04-01.md,documentation,3552,b0144a6bffe235564a455b7e0242047c08102a52280ba7aa32b66709f122866b
docs/operations-manuals/manuals/seo/COK-SEO-04-02.md,documentation,3552,5d887478bfac61269d34b3981fc8d57a53e77473eda115335e6924a397adf134
docs/operations-manuals/manuals/seo/COK-SEO-04-03.md,documentation,3570,5aefa0ae028feb1ba3e9275dfc2136e2a573de6555fe4c45562f2ff998394a07
docs/operations-manuals/manuals/seo/COK-SEO-04-04.md,documentation,3552,7b75731335c19c4bf59d8a802e79788247007d8cb1461d9682d12a3a968b4281
docs/operations-manuals/manuals/seo/COK-SEO-04-05.md,documentation,3552,f8ff7d82a13b10754176c7b2c8c8dabe17927e894d1d2e44b9426ec5f914fe65
docs/operations-manuals/manuals/seo/COK-SEO-04-06.md,documentation,3552,7c00b5d8855395454482b29b7a8b38aa9b74b3161585bd9333fcba988bd288b0
docs/operations-manuals/manuals/seo/COK-SEO-04-07.md,documentation,3552,f3e15bd0467b65331d00052a8c3750e32cbf3f2d2e4c7cbc79f71cf019343d21
docs/operations-manuals/manuals/seo/COK-SEO-04-08.md,documentation,3600,917ce4bb23c606b351440945fe36d35d4caf2cc1654578997095c2e4e19b814d
docs/operations-manuals/manuals/seo/COK-SEO-04-09.md,documentation,3561,57b93606e9f85d701a1c940d79a8492d0da65b8bb5961019134fdb20293de19d
docs/operations-manuals/manuals/seo/COK-SEO-04-10.md,documentation,3552,4b89f8c957dc220bc4bd22cca906007855a25f33c84167c03baad0a401de501b
docs/operations-manuals/manuals/seo/COK-SEO-05-01.md,documentation,3546,9661afb8e8dd70ba90d63aa14be1602f314be987a3e5af610b2922afd89a4dd5
docs/operations-manuals/manuals/seo/COK-SEO-05-02.md,documentation,3546,1f6faa4c223bbc40abee1d3db203f93758bb7785978f0a3ea7f7d004d33c8593
docs/operations-manuals/manuals/seo/COK-SEO-05-03.md,documentation,3564,b3c3ad977d01dcf59e265f8f1ed5516698676b7f2d7fb1c55c4264758e15c90b
docs/operations-manuals/manuals/seo/COK-SEO-05-04.md,documentation,3546,61705929f84ad448ecfe56a7f8a792cda6ed7abb94be4b9771bae9b2d52b7cc3
docs/operations-manuals/manuals/seo/COK-SEO-05-05.md,documentation,3546,9a21a559d887cf295dd0bc67f4bb1eb0c551143e895975c48aa77362a5bd0f7f
docs/operations-manuals/manuals/seo/COK-SEO-05-06.md,documentation,3546,753f84e5072beff5269bdb6d596acd9ee9c4df603f194e7d27f102c29ff15249
docs/operations-manuals/manuals/seo/COK-SEO-05-07.md,documentation,3546,9b9d3d8b7af89909517e1e254c079cdd29177145b696616eb3ee3d054014b82a
docs/operations-manuals/manuals/seo/COK-SEO-05-08.md,documentation,3594,f0953baefa26c2a62aca608fd0faa18f812a9359d1adb8450049f91855b93a13
docs/operations-manuals/manuals/seo/COK-SEO-05-09.md,documentation,3555,c5110c0b574e5a751ef22d669090e03b0b792a452dca4715eabd75bfd2e1871e
docs/operations-manuals/manuals/seo/COK-SEO-05-10.md,documentation,3546,d15304c65998be67334bc3c7f0ca553d1344de0ed8f954629b40f7c645b4baa4
docs/operations-manuals/manuals/seo/COK-SEO-06-01.md,documentation,3537,63e9e6f1d8215351cfa3ddac3b892048e64a2e6caacc870057387fad819efec7
docs/operations-manuals/manuals/seo/COK-SEO-06-02.md,documentation,3537,4b2b0a7bdd0fd567b7731f5e07c45707501f9871e41582ae610890ed0e53fd2d
docs/operations-manuals/manuals/seo/COK-SEO-06-03.md,documentation,3555,84356a477ec37b53b26c79bc3aee1bbd0cd5ca9a69dd6a0bdb8e04299b860383
docs/operations-manuals/manuals/seo/COK-SEO-06-04.md,documentation,3537,fbbc8517f683718e33d5798e79865b6e6964d30ca071fb040b6c3c6c8343705e
docs/operations-manuals/manuals/seo/COK-SEO-06-05.md,documentation,3537,e2dfe2f404ee81e027641b02d933d0640dbfcd291791be749e5917458a3e9349
docs/operations-manuals/manuals/seo/COK-SEO-06-06.md,documentation,3537,c1324ba7d4683396dc368430241092500e90d403ea104e48c73374b647ecde6a
docs/operations-manuals/manuals/seo/COK-SEO-06-07.md,documentation,3537,2d970dfed0ee1741cbaca7e4d11f259f35f08a7e5442d1d93e1488494100ca62
docs/operations-manuals/manuals/seo/COK-SEO-06-08.md,documentation,3585,71f40b8f937319f3c3229616991bf527ef17c578418316a52432e88b131db355
docs/operations-manuals/manuals/seo/COK-SEO-06-09.md,documentation,3546,76fae0a63709e0b49a7608412ed6754dd608a5a1f13561128da73f54a6bfab19
docs/operations-manuals/manuals/seo/COK-SEO-06-10.md,documentation,3537,d417b057743c101d4f84ee16b50177148333cb639f11e02ae42647f94b559917
docs/operations-manuals/manuals/seo/COK-SEO-07-01.md,documentation,3549,877d3474648540db143c869be30213ef7b323fd786e0fdb3712096d67d33974b
docs/operations-manuals/manuals/seo/COK-SEO-07-02.md,documentation,3549,1efd21f8b32e8e9ceb6c727d0024c174d743acdfc452e696f17affb81fc25b6d
docs/operations-manuals/manuals/seo/COK-SEO-07-03.md,documentation,3567,42a739f2f72d920eb1a6867669d42e975e9677297127cc857dc189633e1f1ac5
docs/operations-manuals/manuals/seo/COK-SEO-07-04.md,documentation,3549,e0b671feb5226c3fec1372c226231df8320ba41256d31208535b2d69b9721b4f
docs/operations-manuals/manuals/seo/COK-SEO-07-05.md,documentation,3549,387ba9dde26d02d6f19896e05106ad332cff7e0a012f438b648444d2012cfab2
docs/operations-manuals/manuals/seo/COK-SEO-07-06.md,documentation,3549,e37d33b144349e116e6569368a194a34ebe14a5cbee8982a0c0dcc1190bf5159
docs/operations-manuals/manuals/seo/COK-SEO-07-07.md,documentation,3549,f37465ee2e4047b52c31871a7645eca3ff4ebeb9eedbe228ad502cc632d162d3
docs/operations-manuals/manuals/seo/COK-SEO-07-08.md,documentation,3597,12344a10d97057c2608532ac869741099cf42d20a9c4bcfe484d2653cdf93ec9
docs/operations-manuals/manuals/seo/COK-SEO-07-09.md,documentation,3558,a6a3484d4f4949bcca179380be7bfb0f39714cf2fe028ce86195eef49e60613d
docs/operations-manuals/manuals/seo/COK-SEO-07-10.md,documentation,3549,61f1b6eb74350f73302d614bbe19af290cd25e6461ce9430b176f271e4569268
docs/operations-manuals/manuals/seo/COK-SEO-08-01.md,documentation,3558,c5b1b07bf3d98334e09c01cd6c38c43a61aef4e4b76ef8a2983eb6eb1af554d5
docs/operations-manuals/manuals/seo/COK-SEO-08-02.md,documentation,3558,3fd288c55ee6f13e4fefda4aac224b1512e4fc0f5e0222ba584ac986126c35fd
docs/operations-manuals/manuals/seo/COK-SEO-08-03.md,documentation,3576,6659b91b007479dd7810e64b3506bee77a0b2477378c6529377d765362925048
docs/operations-manuals/manuals/seo/COK-SEO-08-04.md,documentation,3558,7ada461772566a2bf7b30a0e0782eb128397b85e6d0e512b3b86724df21e52be
docs/operations-manuals/manuals/seo/COK-SEO-08-05.md,documentation,3558,dffee83df779d187842203b8895a2baf68092f8e8ef5be4e9d553a89e5cf3c78
docs/operations-manuals/manuals/seo/COK-SEO-08-06.md,documentation,3558,c2fd1fd5ad7475deba0e5d9d320fb8f36f8ca09693d6c905868af2bfa5eb6047
docs/operations-manuals/manuals/seo/COK-SEO-08-07.md,documentation,3558,b36ba20900a3df26c167485bfc683a9f3d438b993f80551e4ec224f9e3abc634
docs/operations-manuals/manuals/seo/COK-SEO-08-08.md,documentation,3606,99c9919dc23295ea53b9144bcf244e77be3acc1099caf0d3f750a6aca788b035
docs/operations-manuals/manuals/seo/COK-SEO-08-09.md,documentation,3567,e9064da33d77878f0c2db3c8449f6c81364f55fbb014cf641771a2cbd3785623
docs/operations-manuals/manuals/seo/COK-SEO-08-10.md,documentation,3558,a53ad283d6c246bbbcc05286ebde90febcd275500ef0a6d8e85222d520c6c3e7
docs/operations-manuals/manuals/seo/COK-SEO-09-01.md,documentation,3537,c0cb02abf25310293ee98071cf17ea0ebc84c9a16a78eb860e4d2cf6b1325aee
docs/operations-manuals/manuals/seo/COK-SEO-09-02.md,documentation,3537,0ccc56de0160b0d559b7bac21b8c63954224b05f05f8a8b2bd63c60851f4bd0d
docs/operations-manuals/manuals/seo/COK-SEO-09-03.md,documentation,3555,fed70c4e3415677ae738029a8c4c6dc2a4e6b91a47cd1525c346dd574258b57f
docs/operations-manuals/manuals/seo/COK-SEO-09-04.md,documentation,3537,dd619a8c74001d62e7ab16e4d4bcd2d12b8495c2b492bb7569523e07a5576e5d
docs/operations-manuals/manuals/seo/COK-SEO-09-05.md,documentation,3537,506b34474767b938e6ea038a4facf809a93008d81fa384821a826243698b5172
docs/operations-manuals/manuals/seo/COK-SEO-09-06.md,documentation,3537,3e9c4fbb60043447b1249ef5160a7912006a04728a84a51cc67db90c511f6505
docs/operations-manuals/manuals/seo/COK-SEO-09-07.md,documentation,3537,c917775407cdc66ac5c64bef070094c31b429c56c3832073c54d06902029dc6e
docs/operations-manuals/manuals/seo/COK-SEO-09-08.md,documentation,3585,07233bdd79ec6b71864830e29981a0e720fd0b35aadc3587ca53e792a2d6b13f
docs/operations-manuals/manuals/seo/COK-SEO-09-09.md,documentation,3546,bfb992917ff4d8ca8a30596567ac1e54131b4d39586d64a89c7081f7f49aee15
docs/operations-manuals/manuals/seo/COK-SEO-09-10.md,documentation,3537,593d95230272f799d698d9c0b8ac87666c046882637dc77f733056feb6eb80d2
docs/operations-manuals/manuals/seo/COK-SEO-10-01.md,documentation,3549,337f9dc6a105287316da15f0b30f1c144c153fb1cbe0cb5b49d010598b11d3fb
docs/operations-manuals/manuals/seo/COK-SEO-10-02.md,documentation,3549,4f67fe29868704ebf9d6d942f914d3e1cff5105fde09647dd8fb43c40df589fd
docs/operations-manuals/manuals/seo/COK-SEO-10-03.md,documentation,3567,b0381306986043714dfd1068a5328812f47f44fc69fd9f568fb807cf65176a42
docs/operations-manuals/manuals/seo/COK-SEO-10-04.md,documentation,3549,477f3682a7e73e056469e05fe64b9c7367b5457ea002a1583189d1796db8ffdf
docs/operations-manuals/manuals/seo/COK-SEO-10-05.md,documentation,3549,b67fb8cb9857f52b1dbaf9b57554ae58c122dde62cbbbb9be7166c1b65c7f757
docs/operations-manuals/manuals/seo/COK-SEO-10-06.md,documentation,3549,b59b0bca51002c7022c3542e96d96fc25bc5a0cb1bba2a174d717c63e9fd94d8
docs/operations-manuals/manuals/seo/COK-SEO-10-07.md,documentation,3549,f01b6e6ea46e5f533fcc5f2dc9e14e25fe2bcd99ea61478561a7d9b0359a2e34
docs/operations-manuals/manuals/seo/COK-SEO-10-08.md,documentation,3597,abcfb0d8393003c3922a55902e7a5d668ee849aab1f17d10e0d08dfb53c51588
docs/operations-manuals/manuals/seo/COK-SEO-10-09.md,documentation,3558,c17bcd886a7b554ac8cb761a1a834b27b66dbe893f29453a04fdf203f7e3f001
docs/operations-manuals/manuals/seo/COK-SEO-10-10.md,documentation,3549,95d8f654ea42525f66054f274730634700aaf527c54d78fa6d4eae188e9b6b3e
docs/operations-manuals/manuals/sup/COK-SUP-01-01.md,documentation,3508,ffcf33d8c2f6005e9cc5119dec239405ccb4afdb8bd3bb28ef32f8efc6d14a25
docs/operations-manuals/manuals/sup/COK-SUP-01-02.md,documentation,3508,7faa4e8f04e72363a9d136a7be67ff1f40119be6fdcd0e1d089556e99e9f08e4
docs/operations-manuals/manuals/sup/COK-SUP-01-03.md,documentation,3526,59fe768dc0091a911fb3759dcf45c15f817a1224d94d1eacdde5bc6625502a07
docs/operations-manuals/manuals/sup/COK-SUP-01-04.md,documentation,3508,8e5231570b9761d75a13a52de23d2bd19a3616a95af34945d1ad140e7330d4ec
docs/operations-manuals/manuals/sup/COK-SUP-01-05.md,documentation,3508,ff1d1c537fb70a1056a812a9e3d43ae45145e89e6b85fd522b743a81d8157199
docs/operations-manuals/manuals/sup/COK-SUP-01-06.md,documentation,3508,d4cbc7f75a27bbf8cbc783f4fcf8dcec78cb303049a3444a9399ff63ab0a4b95
docs/operations-manuals/manuals/sup/COK-SUP-01-07.md,documentation,3508,a30affb3a3072c8082c6ad0525cfb9d1bb36c8a7ac9d2800b70542e56c232e3f
docs/operations-manuals/manuals/sup/COK-SUP-01-08.md,documentation,3556,ca0835f3a31078dd4f9341b0cb68253440e3816e12ffbca27d4c4f40626950e7
docs/operations-manuals/manuals/sup/COK-SUP-01-09.md,documentation,3517,22cc24409c664fea1d86441cce38d1c9a5279674ae37a88f70780abf524ad40d
docs/operations-manuals/manuals/sup/COK-SUP-01-10.md,documentation,3508,90eaa67c1156d6c67ed248bfd1dfcd10e1f2feda86305a05d9aadfa50c166f80
docs/operations-manuals/manuals/sup/COK-SUP-02-01.md,documentation,3538,dfbf8abe34c217007b35fb683301763bd13903f715046687186d874c0c2f4659
docs/operations-manuals/manuals/sup/COK-SUP-02-02.md,documentation,3538,468dba72beb1270233932cb88d9e9b853a5d2ac31bb72f2f362053f8c90f59f7
docs/operations-manuals/manuals/sup/COK-SUP-02-03.md,documentation,3556,2091af5031df8400c3ee42f7f11d286f8e751eb8e865a3b9eed8a99f80fe9ad6
docs/operations-manuals/manuals/sup/COK-SUP-02-04.md,documentation,3538,5d742d4398e3d9d69cedac57accf26b052459fdbabcfc9423cf1c4e793f96001
docs/operations-manuals/manuals/sup/COK-SUP-02-05.md,documentation,3538,81c8715b5590620951604a7b5e56a5dc27d05d1079b91d5d46b0950ca9f1638b
docs/operations-manuals/manuals/sup/COK-SUP-02-06.md,documentation,3538,fe4e7861b842d19c3dff505d8d1cfd11c285139d2dae15bae62b942089394b58
docs/operations-manuals/manuals/sup/COK-SUP-02-07.md,documentation,3538,f0f1e8f200eb64a04c1c9514dfc1cb41fde3d688283d8e3798c62a88b4d35cdb
docs/operations-manuals/manuals/sup/COK-SUP-02-08.md,documentation,3586,6e613ffffee0db9a017b3ae5e206423cde731fe638387d16041e2f50f57d42aa
docs/operations-manuals/manuals/sup/COK-SUP-02-09.md,documentation,3547,600dfffdf94c3e83bad18c33b604479a7763f584cd2dc3ed9caf896128350975
docs/operations-manuals/manuals/sup/COK-SUP-02-10.md,documentation,3538,bffedbb6d2f9688a6bf5722ba3314879c3a1247fcc84820b92f7094e321f39d3
docs/operations-manuals/manuals/sup/COK-SUP-03-01.md,documentation,3550,757420a49672fec47132b050e5d90e790b7ce9d300a13adf2bb9e43dc5cf3489
docs/operations-manuals/manuals/sup/COK-SUP-03-02.md,documentation,3550,7236c4242ec7bc0ef4ef7852e62088d7e456e16e95e69860840f7d28cd68803c
docs/operations-manuals/manuals/sup/COK-SUP-03-03.md,documentation,3568,94a7ca8fbfab627e19ae2fc6211a56cd0175fdc61d6c8fa831f65d7295eedc3b
docs/operations-manuals/manuals/sup/COK-SUP-03-04.md,documentation,3550,4a8164a21328df8580f9f769ae0402f1b7ae1146a78ef1700bd2bec2884920cc
docs/operations-manuals/manuals/sup/COK-SUP-03-05.md,documentation,3550,4dd2e832eb62da42003914168843c2f2cda32bb0867b38de4bc9f65913de7746
docs/operations-manuals/manuals/sup/COK-SUP-03-06.md,documentation,3550,4f8ac1d70a3d8c78262ecbf0ee8806531ea9879e5f2515f13ab504c671db262f
docs/operations-manuals/manuals/sup/COK-SUP-03-07.md,documentation,3550,ac16237245c934983a6b53ece19af22d1f9fb3a62269d492af493cc1e6898e64
docs/operations-manuals/manuals/sup/COK-SUP-03-08.md,documentation,3598,2121b0dcb0b082ecb1d7ea7d9da5f0d4c842b2475f4cb4c2ee1526e66cd7799e
docs/operations-manuals/manuals/sup/COK-SUP-03-09.md,documentation,3559,8dd2694c516c3df02bd8501012a8463409b7493ece817b548b9f377142c073e6
docs/operations-manuals/manuals/sup/COK-SUP-03-10.md,documentation,3550,313d39f9b04b6c02dd6f27a4cd895f59615858ca9cd71d7688f37805916e1597
docs/operations-manuals/manuals/sup/COK-SUP-04-01.md,documentation,3538,9987797cca01c3546e8a2a946551b6600a9052b1c2372afe2ba11f99b94f5593
docs/operations-manuals/manuals/sup/COK-SUP-04-02.md,documentation,3538,af13de3ce6014aebcf0fcf6a57682c7a3b7a6145751d4591ec3313503edc4c35
docs/operations-manuals/manuals/sup/COK-SUP-04-03.md,documentation,3556,f11d6bc1a934e10dd131e7c6a43c9d8699c6699e9c48900eb82bb833f16cc666
docs/operations-manuals/manuals/sup/COK-SUP-04-04.md,documentation,3538,86e31888f439418bb740dc08a4ee97dfbbe003136b93e624763402889d400d93
docs/operations-manuals/manuals/sup/COK-SUP-04-05.md,documentation,3538,3f06c6077460848968ade1b460567505788c7cb362be7a4de4157f18df9c44ad
docs/operations-manuals/manuals/sup/COK-SUP-04-06.md,documentation,3538,a05369a163b3ea3b6170a73ed051eca71958c7cde20d2fdc83f980901bd42a3c
docs/operations-manuals/manuals/sup/COK-SUP-04-07.md,documentation,3538,47da4b119be5ccc316ea4997fea4585f166d6e8943990c206a90690d7360d872
docs/operations-manuals/manuals/sup/COK-SUP-04-08.md,documentation,3586,9d68fb11d309d100a09bc1d29a946a660267b5c83bf55b17a9f67ce8ea57ad5b
docs/operations-manuals/manuals/sup/COK-SUP-04-09.md,documentation,3547,d45375e66f63c2125610f2b8f93a07c06dfc40146bdeae1cc4898df0f4b8f8af
docs/operations-manuals/manuals/sup/COK-SUP-04-10.md,documentation,3538,0fb2be0af06ec1189d0728621e812c61f9ab2a8972009d4da091762a521d5a0f
docs/operations-manuals/manuals/sup/COK-SUP-05-01.md,documentation,3520,46f0c41d1e7f7a780cbc2b67b8658454010a9fbb48ff65e3782d40b2a922fbfc
docs/operations-manuals/manuals/sup/COK-SUP-05-02.md,documentation,3520,5600d25996a26da2d3c9e7b95fa0464289da0167c188be3413f953b4e0b51d03
docs/operations-manuals/manuals/sup/COK-SUP-05-03.md,documentation,3538,6b42b321bff56f72b05b6eb12a2d2e0231105fbe936057be657a845643c86377
docs/operations-manuals/manuals/sup/COK-SUP-05-04.md,documentation,3520,9a841e75af406befba3751dfbd71f5840578dcb221648255ce5c14d7f7ca0ca1
docs/operations-manuals/manuals/sup/COK-SUP-05-05.md,documentation,3520,461eac6b4823fe3166f678161f0e0b3addd164507efadc7ef84c024d3f6a7c8a
docs/operations-manuals/manuals/sup/COK-SUP-05-06.md,documentation,3520,75b90a80a169a3fdafb6bb0675a81936a05eee20c4ca6f1b4e98548fec8242ee
docs/operations-manuals/manuals/sup/COK-SUP-05-07.md,documentation,3520,6e207013a32e60f8519117f4718e5ac33db81f739fb66e75801d77ddd9d06c61
docs/operations-manuals/manuals/sup/COK-SUP-05-08.md,documentation,3568,9b4669307b98bd068595480ce9ee9d1648e8d9b3c2a4a8ce1acfbc032524ff5e
docs/operations-manuals/manuals/sup/COK-SUP-05-09.md,documentation,3529,fbfcb9f95637e1a854d7f44bdae7de691806714eefbda61d46dbc497e322a767
docs/operations-manuals/manuals/sup/COK-SUP-05-10.md,documentation,3520,dc110ce4e615ed97badd858f9f9722fc1f15814b80259530628efa68c14eb3c7
docs/operations-manuals/manuals/sup/COK-SUP-06-01.md,documentation,3526,66b19609a3e11e013c9e0ac3156a5433bec3da25780de30a6c86127d604d3849
docs/operations-manuals/manuals/sup/COK-SUP-06-02.md,documentation,3526,d151676b90363985f239d001d480aaadfb3709660da0415cfec5a7869d09cc38
docs/operations-manuals/manuals/sup/COK-SUP-06-03.md,documentation,3544,6b720d0da9c7a657f4c9b471a00aae1dafd71638cc0f95474afe19821a002e81
docs/operations-manuals/manuals/sup/COK-SUP-06-04.md,documentation,3526,01700e124d44333e58bc5389166fa08e334c9fe6b011adbb8275f6f909499f38
docs/operations-manuals/manuals/sup/COK-SUP-06-05.md,documentation,3526,facd6db31d5bc923bca40408eac5c2102cd0dc96c3f29685d9d8f12310136d88
docs/operations-manuals/manuals/sup/COK-SUP-06-06.md,documentation,3526,73350989abc604d644873187958b4b5e2143f9d61a5203c40241c21d7ff14e1d
docs/operations-manuals/manuals/sup/COK-SUP-06-07.md,documentation,3526,4f3ecd90784e66b747d3da5ea1cd123074b43f844ca2ed0f6bb7be88fe092b58
docs/operations-manuals/manuals/sup/COK-SUP-06-08.md,documentation,3574,279c7422a879a4f0d0d4f4100bbf78de58bacc145a9cd35b7be3ed2b58d84225
docs/operations-manuals/manuals/sup/COK-SUP-06-09.md,documentation,3535,9457dffad82098441faa9d6a883e0cd8743c5723c42d5ca2331c61d666226591
docs/operations-manuals/manuals/sup/COK-SUP-06-10.md,documentation,3526,dae2b22e5c8aac983180925c8e22d2ff03b4e749de5a68769f258c83da0798d3
docs/operations-manuals/manuals/sup/COK-SUP-07-01.md,documentation,3529,59e5e721ac78f491531cd003a977fbb9cb179848a304f82ab620063ba668a496
docs/operations-manuals/manuals/sup/COK-SUP-07-02.md,documentation,3529,da3423cb403726460a27db06831191829f3a7f4e8adac3075328ab94c6ae329f
docs/operations-manuals/manuals/sup/COK-SUP-07-03.md,documentation,3547,413b2fb91f997516177352fd3867579c045335a173e1265d923f0879806015d2
docs/operations-manuals/manuals/sup/COK-SUP-07-04.md,documentation,3529,8fdbd5506c99eca86f6f929b18b2d3257d3bf58a74ef5ae9446066ed7753e205
docs/operations-manuals/manuals/sup/COK-SUP-07-05.md,documentation,3529,83ad471e9ac7ac37fe6a8a67e69c251c589b812da25dd12a38b6e220160f596e
docs/operations-manuals/manuals/sup/COK-SUP-07-06.md,documentation,3529,9159d662f33a16d6d993810e3837d65a74a5cdcd8bde2524c9290520cd25be9d
docs/operations-manuals/manuals/sup/COK-SUP-07-07.md,documentation,3529,56433d6f1952bb74117377d3e7d2198263d6f9c37efab4ce2fd2f6de55c6d11c
docs/operations-manuals/manuals/sup/COK-SUP-07-08.md,documentation,3577,664772230df2a0c311747a2c2f0f34725f79b17c8427169a02b2e50b531e31b8
docs/operations-manuals/manuals/sup/COK-SUP-07-09.md,documentation,3538,8f2fa26208d944072f15199304087aff98c4ced987158f270204209bc80e56c5
docs/operations-manuals/manuals/sup/COK-SUP-07-10.md,documentation,3529,482387602e30e473f56d9edc9f1575c61e53070787afe46b09ac2588082c72ee
docs/operations-manuals/manuals/sup/COK-SUP-08-01.md,documentation,3553,4ea9346f54c303d4c734b7275620f44e391b1f66ee1e0304afc9a3f577a836e4
docs/operations-manuals/manuals/sup/COK-SUP-08-02.md,documentation,3553,992a57f03ee2e80f1705ef69bd0e19e76c35a3e8f6baed2682d4b6a9d84624c0
docs/operations-manuals/manuals/sup/COK-SUP-08-03.md,documentation,3571,9fc031b36a7ff932759a5a661305793fd70636c41d2ed9520e9608c3cf8913a6
docs/operations-manuals/manuals/sup/COK-SUP-08-04.md,documentation,3553,237aea8ce1ec2f94cb58e94c6f478d724abc952046888e57cabbb8001ddca911
docs/operations-manuals/manuals/sup/COK-SUP-08-05.md,documentation,3553,7688c828ffa6e6b23abc2c4bbbff7963c6c9aec69d527ebc439d7fe3d929e1e1
docs/operations-manuals/manuals/sup/COK-SUP-08-06.md,documentation,3553,7abe3bee0693b1cb0ea6113d667b4cf9a5a15ac86593a4bffc72f87a1612f892
docs/operations-manuals/manuals/sup/COK-SUP-08-07.md,documentation,3553,ac325b6ddb76f9ed6ad891b5d4ca042ce6d9f12025e9662a0c3323cca5379729
docs/operations-manuals/manuals/sup/COK-SUP-08-08.md,documentation,3601,67fcf17d422fe0aedff6cd9ea9e7f7d32a7044ddc9f9298ce9223e128695c56e
docs/operations-manuals/manuals/sup/COK-SUP-08-09.md,documentation,3562,0f6f3ac853442172a9e769221d34c10e2962428513dbf3f6f04c40b3d55f7027
docs/operations-manuals/manuals/sup/COK-SUP-08-10.md,documentation,3553,b1c0de76b22a372aebb94fc341ee45d6efa23effd0cdeba140b503adc5a0bf63
docs/operations-manuals/manuals/sup/COK-SUP-09-01.md,documentation,3529,e4acd8f1f5a64d78c783373aa26e8e6efe7c7cf2ced74abd5a4dea3c8157987f
docs/operations-manuals/manuals/sup/COK-SUP-09-02.md,documentation,3529,64199b83676f14e9d3d7eeb5fe8e6e2a3e978cd5c46e51596b50ade32844a572
docs/operations-manuals/manuals/sup/COK-SUP-09-03.md,documentation,3547,bd401981433b663b7930806fcb6ddc86928bb48c937270e1ae4d14c883e9dd1d
docs/operations-manuals/manuals/sup/COK-SUP-09-04.md,documentation,3529,86d75dd9a19a3891d73478851efc111ef5e349c58aa6728894ca8752afff042c
docs/operations-manuals/manuals/sup/COK-SUP-09-05.md,documentation,3529,17523a2c21880144dfbd7f161d32722cb3e8334cdd5ff4bda8dc4ecc9b1eb64f
docs/operations-manuals/manuals/sup/COK-SUP-09-06.md,documentation,3529,c38f2c027775e794a571267ea0a05bb74ceebe6c90b13cd5e7ce1f727bb2c6bd
docs/operations-manuals/manuals/sup/COK-SUP-09-07.md,documentation,3529,8c8299a7b1b3574dc4db15d204e3ed8286052d003b618f974dc4aa4b485c6c87
docs/operations-manuals/manuals/sup/COK-SUP-09-08.md,documentation,3577,1d43a0d89b8b0cbad5692304098665034d10c3e1d3e9ccfae80ae270cee57795
docs/operations-manuals/manuals/sup/COK-SUP-09-09.md,documentation,3538,3c0a6141fc18f0b63477d8151450bbd538215ed9e3bfae02409eb81533f61ef8
docs/operations-manuals/manuals/sup/COK-SUP-09-10.md,documentation,3529,744ecdb2b28ad60c51590b3600cdc9314c7ea607259216141c9e73804f6a04eb
docs/operations-manuals/manuals/sup/COK-SUP-10-01.md,documentation,3529,24052c6b97d18eaa77931e2313dad4ea156bfa9e51bcbe5b15529d7fdc739f3e
docs/operations-manuals/manuals/sup/COK-SUP-10-02.md,documentation,3529,533325d167c92f3e4f62d7a5670907b49c7f67582cdc9c329907c3f5b3767e69
docs/operations-manuals/manuals/sup/COK-SUP-10-03.md,documentation,3547,95292b304ce2e3e48d7d5ce25a7b9a835fe53f43a704a1e000b54fafad1a2a8c
docs/operations-manuals/manuals/sup/COK-SUP-10-04.md,documentation,3529,09bbfef46ae93b0f15940142a1c079c69b24a012d409e3d2f8c2b3ac6f9ec277
docs/operations-manuals/manuals/sup/COK-SUP-10-05.md,documentation,3529,2113962b7c0eba2c8cd8923b71f518b5b0f431a933f8807c760ff79a92e3de34
docs/operations-manuals/manuals/sup/COK-SUP-10-06.md,documentation,3529,7de62804a05e7eeee2db61d1bcd982edfcc11f645481a5a0402382837a0bd687
docs/operations-manuals/manuals/sup/COK-SUP-10-07.md,documentation,3529,9224b01b1ba3112fee4ad9d56d60b0f8b209dd296bfb8f235dd1fed4e2db27dc
docs/operations-manuals/manuals/sup/COK-SUP-10-08.md,documentation,3577,9f5e05eb6e292cbb4a6df046c015c55edc6a49f4a5545af9286989fd8644e52f
docs/operations-manuals/manuals/sup/COK-SUP-10-09.md,documentation,3538,f641db0d820f31b40b92d1be2dafb8f1b2afebc833e47b2d8c4bbad6fc0651a2
docs/operations-manuals/manuals/sup/COK-SUP-10-10.md,documentation,3529,65908af42df44a24d6abc8c8d78d730d0b9e228002d083a0dc5d57343ce875c6
docs/operations-manuals/manuals/uxd/COK-UXD-01-01.md,documentation,3546,c169aa28cc5f8c587b2465afdc577b0a7b9df6b17ee56813bcaea78c1396b34e
docs/operations-manuals/manuals/uxd/COK-UXD-01-02.md,documentation,3546,395b142c5e2300e4160a1c98ab4155ae5089f635e125c5a6c739c7f29c621b90
docs/operations-manuals/manuals/uxd/COK-UXD-01-03.md,documentation,3564,bbf1556eed089e09fe1a74a5f40e8dbe6324f1529e3157a72e58433e7be77445
docs/operations-manuals/manuals/uxd/COK-UXD-01-04.md,documentation,3546,523c15b780a2717f1eab7ec7b42b3222e3687e79010ac33004f71f80b5ccc3f2
docs/operations-manuals/manuals/uxd/COK-UXD-01-05.md,documentation,3546,d2a9f80fad86287cdf8fdf6397bf2b647655c98f0113bd3370fb599e66436a84
docs/operations-manuals/manuals/uxd/COK-UXD-01-06.md,documentation,3546,fbaca259a4f67b7eb1eb676296c9098a22cbc6e27285419ac9f171d8f84345d6
docs/operations-manuals/manuals/uxd/COK-UXD-01-07.md,documentation,3546,1b8d00e4aedd9ce72904520b73ac94dbe08d80fe631b923c1a5c83b22f7e6dee
docs/operations-manuals/manuals/uxd/COK-UXD-01-08.md,documentation,3594,1f68f24f4bf44f0db131e6d569e14415e8ef0838a27c4250c2ffa69b679970ef
docs/operations-manuals/manuals/uxd/COK-UXD-01-09.md,documentation,3555,82ab0a6cb675a9d240358ab32f4a12ee94d83d2fe804e0e8eee688d26f42051b
docs/operations-manuals/manuals/uxd/COK-UXD-01-10.md,documentation,3546,fa30db5a069173dd942f690a96ad73c785c37370fa4fc86b8c2997d57520f0e8
docs/operations-manuals/manuals/uxd/COK-UXD-02-01.md,documentation,3546,11914083bfa98df10013627575480b48596188d184b697151c928f05137ed97e
docs/operations-manuals/manuals/uxd/COK-UXD-02-02.md,documentation,3546,cc690f86eeff25aba38de6482fba54c6e478e4d96d175085b45e1429b13e0058
docs/operations-manuals/manuals/uxd/COK-UXD-02-03.md,documentation,3564,5142be0d6ffb25cd89377bc4bf47f3e0fdacf995270f7878ef974429c8534c3f
docs/operations-manuals/manuals/uxd/COK-UXD-02-04.md,documentation,3546,5b1f9c80d2723a523115f480ae578dfc54610ac5d03681c59721e087c6540437
docs/operations-manuals/manuals/uxd/COK-UXD-02-05.md,documentation,3546,8da1cadb13f4e83c393a0978c036a9245ddca3a1a189e75573b8019c1457ea63
docs/operations-manuals/manuals/uxd/COK-UXD-02-06.md,documentation,3546,72c6ce5222db72b8290baaeeed59403e65543f92ff9f288f48fc087cf505be1a
docs/operations-manuals/manuals/uxd/COK-UXD-02-07.md,documentation,3546,c65d6d02eeb7079f54896376de6125954e4f4f3253e24b4687c8095b29701a11
docs/operations-manuals/manuals/uxd/COK-UXD-02-08.md,documentation,3594,d5a0456c6b21276dda98683a0a8f318daf699c3e65c4411893a7c8168362230a
docs/operations-manuals/manuals/uxd/COK-UXD-02-09.md,documentation,3555,412c0cf7011df5161902a29f1222de8487fea06c09461a02a69b72eb206c1278
docs/operations-manuals/manuals/uxd/COK-UXD-02-10.md,documentation,3546,c5fbc3b0dea5ac76a2c1df8bf515b9c9d4d0fa5adc7b51823920eca85a43d23d
docs/operations-manuals/manuals/uxd/COK-UXD-03-01.md,documentation,3561,b7137ab2fadbd16a5ca1d079b2069317d96018bf78daf189124c04b925b66df6
docs/operations-manuals/manuals/uxd/COK-UXD-03-02.md,documentation,3561,b6987393083db2cb29f4578fa2bb7796b3752b63a6e8443e54777b76b884b0d2
docs/operations-manuals/manuals/uxd/COK-UXD-03-03.md,documentation,3579,9eaef046c34bb63f6886367342fe7d16aecb67d2bd3cac83cca36b8c4bb8373f
docs/operations-manuals/manuals/uxd/COK-UXD-03-04.md,documentation,3561,271793253070b6974add33dfdd971611a0a0b94e24d614cd5b612b15ac372f2d
docs/operations-manuals/manuals/uxd/COK-UXD-03-05.md,documentation,3561,26ce7e0f5176340cc1495c99363e09df4364c5d48778b485c0c53812ed0f18ef
docs/operations-manuals/manuals/uxd/COK-UXD-03-06.md,documentation,3561,706bec9029e937afbbd650d3bf45f8b54b363683f9ed354664444dd934919d34
docs/operations-manuals/manuals/uxd/COK-UXD-03-07.md,documentation,3561,ccb2828d9cfaf5399e6d3457bef3296a6a312a0777469d7ecc70bd1de81e85f3
docs/operations-manuals/manuals/uxd/COK-UXD-03-08.md,documentation,3609,18dc53d901d2cb80312ea7ae5bfd976a1e97991d70bc5b1af697bb07ba550d64
docs/operations-manuals/manuals/uxd/COK-UXD-03-09.md,documentation,3570,c5ffc159a571ba77624c6a8e49707b5c40cd5af28a6f657997066dadbc0e8745
docs/operations-manuals/manuals/uxd/COK-UXD-03-10.md,documentation,3561,b017f5355686b145c2e48eb1282ddf11e808c6d4f44d6a3424cd76886c4d2e88
docs/operations-manuals/manuals/uxd/COK-UXD-04-01.md,documentation,3555,eb8aa6a338b52fef85fa4ba149228301e14039cd91cd6f5f083d01188ca07bcd
docs/operations-manuals/manuals/uxd/COK-UXD-04-02.md,documentation,3555,4560c0ddaad9e9e523b79a224a7cc5ffe9f78376e869624f87bb5b7ea0cb00c8
docs/operations-manuals/manuals/uxd/COK-UXD-04-03.md,documentation,3573,4060d5ef02d6ab01bba9650657d532751db3282216bb2220cf44dace100e357a
docs/operations-manuals/manuals/uxd/COK-UXD-04-04.md,documentation,3555,ffac25c989b31e47d1b5b1dc9c6d890582506f5df3e58882e22dfcd5127dd5cc
docs/operations-manuals/manuals/uxd/COK-UXD-04-05.md,documentation,3555,0cfd172cf3184370fbb19ad05d154b0119cb42e09808438f4dd2570e5471d7b3
docs/operations-manuals/manuals/uxd/COK-UXD-04-06.md,documentation,3555,8dc1541281579e696079a55e08f5c0d4c7359b95d1ca5702150dfaf7de77b314
docs/operations-manuals/manuals/uxd/COK-UXD-04-07.md,documentation,3555,03f5a95c4171bf6c2493283f04342cccb6b103a861eb7c764e553f5ea62f1f94
docs/operations-manuals/manuals/uxd/COK-UXD-04-08.md,documentation,3603,2c351cdc85eb65a0e45e0a4babf3924fc937533b955323a1b22a8f2b0b516f13
docs/operations-manuals/manuals/uxd/COK-UXD-04-09.md,documentation,3564,103d15d33328a69c387474c2f4310c9442de9690ba18db88cd56a004e7bf605b
docs/operations-manuals/manuals/uxd/COK-UXD-04-10.md,documentation,3555,7df6af514ceb7e033c62932e375a1f10ae2273e5393975e45950e5a41a950dc6
docs/operations-manuals/manuals/uxd/COK-UXD-05-01.md,documentation,3534,4fe9dad76c942d1eb810ca26175ebed832439ce001d1bfc089ee19d9297a6b6a
docs/operations-manuals/manuals/uxd/COK-UXD-05-02.md,documentation,3534,db2b7e2532f47533748f08af518675b0690bb73d45725be8a861fbc2ff391043
docs/operations-manuals/manuals/uxd/COK-UXD-05-03.md,documentation,3552,f514c6e969f2e3dd95d35f07e8e7eec6692aa473c768bb8c64edb50c53b24c85
docs/operations-manuals/manuals/uxd/COK-UXD-05-04.md,documentation,3534,4704797fda88e784a16a800e9342fb0feecc70c84a559eb704a1b31fa2e27c94
docs/operations-manuals/manuals/uxd/COK-UXD-05-05.md,documentation,3534,61a193ba999157c275400002b95e3e6506bd86c87fe23769902aa6f30b87de07
docs/operations-manuals/manuals/uxd/COK-UXD-05-06.md,documentation,3534,e358f4ad297f39beecc6c8d05c05e82b09e784ce4d027dd8d1d71b21ca7dc120
docs/operations-manuals/manuals/uxd/COK-UXD-05-07.md,documentation,3534,07dcb8cb34da49274c087a30701c43748cf082af5e5aa6426b8774044d753ff2
docs/operations-manuals/manuals/uxd/COK-UXD-05-08.md,documentation,3582,8392538bb1255f6c96a23e4dc408dc695e6c82875d2d6f79d427bf1eaf75795d
docs/operations-manuals/manuals/uxd/COK-UXD-05-09.md,documentation,3543,324fd2d4dfbb0e92d1e3172abaa3d2239ee3c871977349477a8e16b3a3b3f59e
docs/operations-manuals/manuals/uxd/COK-UXD-05-10.md,documentation,3534,1ad5e6aecaf9e20889e32f4d8ff0266fbeae87e388e22069236d2a3810ee73b9
docs/operations-manuals/manuals/uxd/COK-UXD-06-01.md,documentation,3537,a909e37d88f438c341c6459bf969ccf02a3e3a587b473f24418d8383db66f946
docs/operations-manuals/manuals/uxd/COK-UXD-06-02.md,documentation,3537,313abe1f3063db4b06cfe11af3d3ad6a060e34d5455a48428ed843ed6272ba71
docs/operations-manuals/manuals/uxd/COK-UXD-06-03.md,documentation,3555,e0e282111d06c730c3d1a3440eea37bcb8bd6e72873fca490b92b7d2e1569b16
docs/operations-manuals/manuals/uxd/COK-UXD-06-04.md,documentation,3537,b006287fed7b54b8f46c0d74fcd886da0e0ed6e0331cdfd87d14f31aa0cade18
docs/operations-manuals/manuals/uxd/COK-UXD-06-05.md,documentation,3537,2e70e7495477414be874391a28f83c31621c0c764404c59a86b827bd67b65ba7
docs/operations-manuals/manuals/uxd/COK-UXD-06-06.md,documentation,3537,59fc0e32c7709d215136da4f4928b4211762f24d16fffed87793988a69ef1b03
docs/operations-manuals/manuals/uxd/COK-UXD-06-07.md,documentation,3537,751496428ddd390a40edd8acfa80c89f44f370ffd9dfe80d415b8c4b7d628a18
docs/operations-manuals/manuals/uxd/COK-UXD-06-08.md,documentation,3585,3ba65870e47e5feabdf6b02868aa47f9f22dc6f9b0dbc1139c4093b8d770ffea
docs/operations-manuals/manuals/uxd/COK-UXD-06-09.md,documentation,3546,1b3f727e54aaf58702845519d63a97f36539679871a85cfbcc4b2f1fedb1491b
docs/operations-manuals/manuals/uxd/COK-UXD-06-10.md,documentation,3537,990308a53bb2ecdce35790e5dc5d16f01c8d8cbb281622316af2a818e9ab21b8
docs/operations-manuals/manuals/uxd/COK-UXD-07-01.md,documentation,3546,8909019e2f864e5e1e219831ba713ae1be9ce1900dba8bde4b66288086eb38a8
docs/operations-manuals/manuals/uxd/COK-UXD-07-02.md,documentation,3546,da335c3907a7e2867784cc22c08b1f739dfe1be7d1ed836114546ceae90c3f6d
docs/operations-manuals/manuals/uxd/COK-UXD-07-03.md,documentation,3564,0fa9871dbcd707f1337e1f37e725c33705c8cb079c14753efcb45e5180984fe4
docs/operations-manuals/manuals/uxd/COK-UXD-07-04.md,documentation,3546,562e4b7983b414754088bdd4299486685685b4ef4b0809e373adaed44cacf8f1
docs/operations-manuals/manuals/uxd/COK-UXD-07-05.md,documentation,3546,222ae797dc3f4a9e45bd898b5497935100b841b5ce2777bfe6f20746ad6b5b4a
docs/operations-manuals/manuals/uxd/COK-UXD-07-06.md,documentation,3546,b1902639d5785e75aab45c83e2861ba69041f556ab021751680da8eed9fa2bcf
docs/operations-manuals/manuals/uxd/COK-UXD-07-07.md,documentation,3546,d438b2fa1d9906dec0409c1dca6329230b37ce1739c99b16d93610ec780c40cf
docs/operations-manuals/manuals/uxd/COK-UXD-07-08.md,documentation,3594,418cd72ddfb114117ad186bae6671fc51101f407d17da1fce1f9dceb7fcb28c9
docs/operations-manuals/manuals/uxd/COK-UXD-07-09.md,documentation,3555,9c6ecab80f0c1c9ede5b93175cbfa361057a66d69c71fb4d5af9b6ac4de66f27
docs/operations-manuals/manuals/uxd/COK-UXD-07-10.md,documentation,3546,b8d664a7b940d23f66a5153cbecee3ef5694fdf56cb9fc80e13c65dd77609e52
docs/operations-manuals/manuals/uxd/COK-UXD-08-01.md,documentation,3558,eded6582208a44c69f17154cd1c7411f31cef455c793a673318f4d419e06f233
docs/operations-manuals/manuals/uxd/COK-UXD-08-02.md,documentation,3558,73ec3622158c8adaa132f0289db51c54db033587984a3342f1523a2643b0317d
docs/operations-manuals/manuals/uxd/COK-UXD-08-03.md,documentation,3576,225c26b0aa9b40c019b4a88f927a2cd7940406b3a8cdb2a549c82a616d9e540b
docs/operations-manuals/manuals/uxd/COK-UXD-08-04.md,documentation,3558,52c305ec8343ea7130bb2c11e37f24b6a6913ea7667c8bb6e3f2e975954f2d2e
docs/operations-manuals/manuals/uxd/COK-UXD-08-05.md,documentation,3558,810a90ea4f6d1244bbc9ff6ad9f974e83263eb2ef1cff3d7936fe1635f1c8107
docs/operations-manuals/manuals/uxd/COK-UXD-08-06.md,documentation,3558,68e600c2bcc97360afa0fb1f0ca744b1e82dcb3a9a1ed524ff9fd0c7172bc1a2
docs/operations-manuals/manuals/uxd/COK-UXD-08-07.md,documentation,3558,f7de68ea56cbf56834b508da76c18dd4cccfdd0fb33ec5d77d95d5b160a020c6
docs/operations-manuals/manuals/uxd/COK-UXD-08-08.md,documentation,3606,349e5c193ea326f97d1c5a5dc0e494a6f2ca747c751a029afab29e28a6379d93
docs/operations-manuals/manuals/uxd/COK-UXD-08-09.md,documentation,3567,b125df2fe933572b351679c0de9ca7e69572d7e06ff1ccd8c36eef6cca286321
docs/operations-manuals/manuals/uxd/COK-UXD-08-10.md,documentation,3558,c94725c55cde0576cb6d874d03eb8f6fd3e10ffce67c6039b7d5e6d55476d31f
docs/operations-manuals/manuals/uxd/COK-UXD-09-01.md,documentation,3555,3a17676a5366feeb2286356c22f4608848beaf0b795b95a2389e5b45fefc424f
docs/operations-manuals/manuals/uxd/COK-UXD-09-02.md,documentation,3555,792bb623778c571f09e749d7d8e079b7374b4bc08937fe8d4e8f97ea23d2f843
docs/operations-manuals/manuals/uxd/COK-UXD-09-03.md,documentation,3573,22e2524461884410ac6804c8ac9eb3a584813537d52e38492899c7cbd907e07c
docs/operations-manuals/manuals/uxd/COK-UXD-09-04.md,documentation,3555,c011e8eeddc94a0e5e9fe11d11a79d7d3bbb32ad1df12fc7f5149dd472a45f48
docs/operations-manuals/manuals/uxd/COK-UXD-09-05.md,documentation,3555,7dc774e3ce211456a655882d2b11e135581d539275335decc95c8231a7d5c9c5
docs/operations-manuals/manuals/uxd/COK-UXD-09-06.md,documentation,3555,381eb3721a19473ce677e5a5f177f7302a9b09755365cb54a3bfc0a506d55f33
docs/operations-manuals/manuals/uxd/COK-UXD-09-07.md,documentation,3555,fc130248301689168a5d0bbde8bdf96ebb21ad4ac512913b3cf33d55546e5bea
docs/operations-manuals/manuals/uxd/COK-UXD-09-08.md,documentation,3603,0c3d73b0cddfa83dbb61b67d0db3b6d4f3a30dd680ee078debb9b628e2b5ab71
docs/operations-manuals/manuals/uxd/COK-UXD-09-09.md,documentation,3564,a6f4f574a725f82e18879e30e64f5dc98c57c6d99f2ce33725ace75ab20170d2
docs/operations-manuals/manuals/uxd/COK-UXD-09-10.md,documentation,3555,68d1914e83c094adf01260168bc444389e6ea42c45794f9d81cedf1be97f3682
docs/operations-manuals/manuals/uxd/COK-UXD-10-01.md,documentation,3555,889a9e756ebc2c529a24150b06de6ec0b94e20738de555cda8d5a14a8cacca3e
docs/operations-manuals/manuals/uxd/COK-UXD-10-02.md,documentation,3555,e0e9358ee7b8590669d0b4c06720b94b8c27861d8004b56bff6ff9292a89e48d
docs/operations-manuals/manuals/uxd/COK-UXD-10-03.md,documentation,3573,a5e3ee7dde1dc743907c2db8de1e7aa02459172756cf16df395a43f22b440f03
docs/operations-manuals/manuals/uxd/COK-UXD-10-04.md,documentation,3555,24dce68b426f0abc886310d02d1393d2fe279e38844c570c7aa800a9b04f0a0c
docs/operations-manuals/manuals/uxd/COK-UXD-10-05.md,documentation,3555,203dfe5fb83a40a54c5342cf63dc02b9d583238ff9b05651e3e250b422390279
docs/operations-manuals/manuals/uxd/COK-UXD-10-06.md,documentation,3555,cb5143755d15c00debecdee511e4e3bae4cd61916c6e5702064b036ef166faf6
docs/operations-manuals/manuals/uxd/COK-UXD-10-07.md,documentation,3555,04654d0223f875f34236b750279dc639494ca581eafdcfadce1d0f11f4a3f543
docs/operations-manuals/manuals/uxd/COK-UXD-10-08.md,documentation,3603,597020804eb0215093304fe2c9f9bb11c75b5f7d6f2850b4efa0fe76090bd0b0
docs/operations-manuals/manuals/uxd/COK-UXD-10-09.md,documentation,3564,f04238a6498cd043c545b09088d55f3528c817bcbe162c3c0f88dd16463e3239
docs/operations-manuals/manuals/uxd/COK-UXD-10-10.md,documentation,3555,16f485b20f2926185ee94205a3feb1d31f3c749fb9520a51ed10d91e8dd940a8
docs/operations-manuals-source/01-role-playbooks.md,documentation,13255,e91ce574424945c2ee748bf32965045b3438a364938cea88935ad7ca830f8363
docs/operations-manuals-source/02-critical-checklists.md,documentation,7727,f0a9ec8895eb0e7ee7d70f9c604fb123449dbf777475b0f5799c5be632f46b9b
docs/operations-manuals-source/03-copy-templates.md,documentation,3913,b719d8847298674d53b0ef5ccb69a6498342dc3548c94667c5520773755b788f
docs/policy-research-brand-and-cross-border-2026-08.md,documentation,6070,aa1361f9baad07ccd925d76dd5cb01b4873f6312bcf2651eb82a87e416867b4e
docs/privacy-policy-draft.md,documentation,10634,7b9fc25edb7d90913ce2fc135ca6f5dec019d98b2b694a93b3c165f4e4d31a37
docs/privacy-security-benchmark-research-2026-08.md,documentation,10163,135740f3a7e7fbf490f63c1022f8f3dd542b0755dd7ff9f459a2ba76707f7142
docs/public-doc-route-audit-2026-08.md,documentation,3266,2511e3f26782ccc23615121af148580efcf8d803c4ad1954078503e823295b28
docs/qa-dismiss-behavior-2026-08.md,documentation,1844,1782b5d4f258f2d99667907a535511d23fe84aa2841f9c83cbac98159cee8df3
docs/qa-mobile-respondent-2026-08.md,documentation,1286,e9a011e7622adb224a5d8c777c33fb2cb834ad5882256925d918169674695c23
docs/release-verification-2026-08.md,documentation,7148,85a8be37d1ce210431646c1e8f190279b8518cdc68fbca2f84f4362e993e1d44
docs/research/korean-channel-and-product-findings-2026-08.md,documentation,3434,894ca34bcb7aa2448cd6ea46ee7f6dffd467241185b6813dce73058e0929a3e0
docs/security/e2ee-and-key-management.md,documentation,4235,00aed6d1156ea244655460efea02036ac6a0e8b2d6e7f4eb9c4bf4a06f4d0b59
docs/seo-research-notes.md,documentation,6562,87620a472746163e15bc66b781479db478f4423eef128036a0f063b9081fa033
docs/supabase-disaster-recovery-research-2026-08.md,documentation,4923,4f7e885578e384d1c965a0d7b88f5022ec0cd5c7f5c0b0ec9476a084aff02050
docs/supabase-inactivity-continuity-2026-08.md,documentation,5204,8d6ed1ff7d7675707ff196480892e4ef7b222275c75b152cefddc5bbfd996aef
docs/ux-audit-live-2026-08.md,documentation,17265,6afcecec37c5509d1e9f0c6ece679b694e9e4a06392f6c3f0757ce943928169f
docs/validation-freeze-and-readiness-2026-08.md,documentation,8831,9a4f994e34f51413a5a3c35ff90730602c027663994bf9a276871f8c09ff2c7b
feedback-audit.md,project-config,5139,c4446d46c443ce27473e2382f085303dce826030c2c63b68d6b35567ebf205dc
form-builder.jsx,project-config,37933,d80ef147c322433f5de988c06343be489618c51e0cd93bcc172fd55dfc2e9139
forms-comparison-report.md,project-config,15074,087122e6bf2128a4535fd321f0fb35fd03f5f60f9128de768860dcb0179c9588
forms-comparison.md,project-config,5725,a12ba3247eefce635e38ca1e557b73ed46bf9187a489c39721c241d70f04b52b
index.html,project-config,3222,4e232411b88e4011ce86e80d86d538d291e1fbdafe9b49b25988c877a7089e60
oauth-diagnosis.md,project-config,1158,9ffe8bab4a3e548dd43d9a01ccb32238c10ec53ad80ac91e56b2a0cdde761135
package-lock.json,project-config,74322,225e425b024abe25c55878136d89cc879c998f1213435196af1b5ebe383ef762
package.json,project-config,530,1c1b2d2738c1aefbefc48b84b00ce0bb9a536fc871682a49e8e579b5c540b651
postcss.config.js,project-config,81,e32657baf631d7c5f4dc67b4b2ee0ec8e7d5b3c41860e09cddce7c0377cd80bc
public/_headers,public-asset,1051,2b8ff4c49dbcfe90c3b97132cfb530caf507c21423c76d622978bf162afb1974
public/_redirects,public-asset,99,b42bb30877c04235dd6dde4dd191927ffbb44d0d0ce32147e86d511624688ed2
public/brand/cokform-logo-1024.jpg,public-asset,41900,8f96e8e9d9dd4bb149bd1d580c3705bd6f2817900a55381adee2cd04affc87c3
public/brand/cokform-logo-1024.png,public-asset,19008,5c64558d9ba11edf4d273caef2f6083c816b987c321bea860ed7f4e349f48b90
public/brand/cokform-logo-2048.jpg,public-asset,87560,b42ada463c01eac3c700a5f86f027dce68b0ebe9c44affcd2185cdb0b8085569
public/brand/cokform-logo-2048.png,public-asset,38429,3cec2ea943408cb01448e0659ff389a48d0e6ef201b0234e0b7ab1e59590043e
public/brand/cokform-logo-4096.jpg,public-asset,190810,1568a9d5b9c95a8898da5f45d96b66b4c8e3faf6b5b59dd257e030c54c87d2b9
public/brand/cokform-logo-4096.png,public-asset,81726,e165ef79e1b96b74e14eadd344b499743b9c6e9e32579f3ff5ce4a04362035fa
public/brand/cokform-logo.pdf,public-asset,34989,37ef99d927a72c8116a40689d526a6f4723f24c91afdb000e6cafd0d048b5fcd
public/brand/cokform-logo.svg,public-asset,1392,12e9e11c0e674b71d62af2af7f20d5ed902d90d48ed0402d73ab7191da5a9661
public/brand/cokform-mark-1024.jpg,public-asset,55833,70ec980fd65aa5b5cbb52f40b7c7f8017b7cb5694d4f44a291d5889eb00ff759
public/brand/cokform-mark-1024.png,public-asset,39351,7d1c82384aa1437a3349dd90a5cdbaca4d3ba60851b94cba0a2f1312645de148
public/brand/cokform-mark-2048.jpg,public-asset,137340,47e72b301e2babfc40a87041fe8ef2b4d96f8eebd7371005bedd59bbb1d33ffe
public/brand/cokform-mark-2048.png,public-asset,89316,d944d199000dbee625c83290d5d3063d2cb045f32ad7565798cbb7284ae1e438
public/brand/cokform-mark-512.jpg,public-asset,27559,545d14168e42de99d9f6ce260619d3d556193c5a93cf2837052c4d93390849c7
public/brand/cokform-mark-512.png,public-asset,18464,5c287c77dc460d0ffbba80a0778be3c4b43c872747553e87a779e1196a296736
public/brand/cokform-mark.pdf,public-asset,11552,9cc00a3e55fcb92f8806e2423e2f6e58887f11fc6e8a96be5e697ba594d4ebab
public/brand/cokform-mark.svg,public-asset,876,956cbfb2fbcf831c64c22239a1e142b5c0fa64419f3ffa5d4d00c7bf4a12b6ca
public/faq.html,public-asset,6516,f1d5d70e8d268904a69fe69eeb8c004257bebf70e050972645a1053926ecd389
public/google59146a3ae4a0e97c.html,public-asset,54,5ae1dffe6ce7ef7f49299f6295e35bdbb86feaf9f296f2aae59b346702e9f0b9
public/llms.txt,public-asset,3124,99be6c7b8f7a97e70a3db180aeebf7acdbc242390c1a19081c4db6e41164e930
public/manifest.webmanifest,public-asset,453,e2a7d291ca7b89661ddc9dd08bcb9ff51712f8d57060fd8583883d3abcf22348
public/og-image-korean-work.png,public-asset,5945369,6a848f7cc88be24732140ea5a1721e9aa598c9f8c227eddb923781b0647b516e
public/og-image.png,public-asset,5945369,6a848f7cc88be24732140ea5a1721e9aa598c9f8c227eddb923781b0647b516e
public/og-image.svg,public-asset,1014,6ea14ed10145c09f79269fbab2893b9615d0490e27927da80bb19439cde2149e
public/robots.txt,public-asset,201,31c72e2fa5e6b46ae74941e708da0d02f0899658e41295ade5c746a3da83a310
public/security.html,public-asset,6021,6821e9b898cf99c2b42d152c02744148c30dd03ffb2e161e49ca626c187a25ab
public/sitemap.html,public-asset,5827,11da077a9458d27589a1421ec4fc7c46e232205b51d1961a5059fd8f3c3a5a9c
public/sitemap.xml,public-asset,3044,8ed95199c5d32d0de577ae3d798ba332ae49901cf26a1e0ee2c42a769c1aaf82
scripts/brand-rasterize.html,maintenance-script,1277,6071c34d4fbad73802e99abfbcc0a7b8456a9ed766cc2df0a84d4c1bf49414f2
scripts/build_brand_assets.py,maintenance-script,3432,628c5a1655356ffaa843c3e44cae311027f579e88336e8ab423a26911e8e7a16
scripts/build_rofolder_question_update.mjs,maintenance-script,1888,b77a999cce932a2aec5333c92f73bc49c490c87cce604fb7533ea573822aed07
scripts/create_handover_archive.py,maintenance-script,1858,2602467411d6e7965be9e05e8ab04c86406f93cdbe3dfb9a63a132d6fab9cb24
scripts/generate_manual_system.py,maintenance-script,20187,a9384ce9f050f65b2a2732be419c898235ba6c69a550994370a842d63c55b3b7
scripts/generate_transfer_inventory.py,maintenance-script,5851,31ae2a1a045b4a034451aa8ed3cc2ae0fbe4ae8c8729be86f8e026df57ba9526
scripts/render_og.py,maintenance-script,599,d09dfd7434d659c725f823370971976825c27deba52569f9f3172d9a8e31765d
scripts/test_conditional_response_visibility.mjs,maintenance-script,1503,bd91e1e37d25a4a90dfece616045a91c3837cb6a38053cb1a77725446b245d2e
scripts/test_mobile_all_rofolder_teams.mjs,maintenance-script,2746,8b87d473859d74d036cfbad807c752105b35af79d2b95bb99143050ab5d3c73f
scripts/test_mobile_rofolder_form.mjs,maintenance-script,5141,a726d16ed521375b66e05a02e0ca06d9fa74451c513c31f09902f22b84b31b4a
scripts/verify_brand_assets.py,maintenance-script,1539,c64a0bdab035a83423c20e04c64a7032325c555327a73b1936145e66b3ee083d
scripts/verify_transfer_inventory.py,maintenance-script,1203,3aad32fd5700ef55685ed231e505bb7592953a3306781907adc318956349b23b
src/App.jsx,application-source,9229,5e42cfe1e967eb25d11b37234c73d0a2f01c3ff5a9e8f377266232caa3477081
src/components/AppErrorBoundary.jsx,application-source,2256,6d6204dff3285ea126426d22985a97207abe84b3fb951260d02cf817b3fd9c72
src/components/AuthControl.jsx,application-source,1671,288cc11f581e2776b9dac5422360d2c92456edbc6387396acaff9a18fdf4d2c2
src/components/Bar.jsx,application-source,639,56040465a96f19293af8931c9819dd2480a74e0ff0de441322ccca5d8f311815
src/components/EasterEggLayer.jsx,application-source,14067,d61180305748290c15464050bd1f4acff4573faff922c8373f4ddef4ad41a1a5
src/components/FormThumbnail.jsx,application-source,2516,e8d3002ceb2f7783750cb24f160ee6a5bd20c3f9513a0e15832a195de46592f8
src/components/MarkdownContent.jsx,application-source,7473,98bbe560e792e6ede5533f21f20c092967abd6edaae0521f1a7fa755c16603e4
src/components/Overlay.jsx,application-source,1786,b4aae0eecfcabfa903c09c66b5d1c28f4dca91872d2fb52f87c2c54b1df75217
src/components/PreviewForm.jsx,application-source,15008,0baff7abb9f769464ae3b112e80a2b1fc6838eab7a04048014825cd8d84b205d
src/components/Primitives.jsx,application-source,1476,36957d6daaea103974f6e1e5efc77c9e590a16f8979f13b88e84ae95885d4b3c
src/components/PublicPageShell.jsx,application-source,2483,8e55405e0fa5fae2e47e84b8b85a36e9910d2ae47760286703d10dea167d7014
src/components/QuestionEditor.jsx,application-source,19841,5fe819058aca5243cc9d2896e6341b5c873f7fb7565541da115714b6ea0fd1c7
src/components/QuestionField.jsx,application-source,8530,9e52026effdf704f124e1a11015ca13a7b9ea23234d09c67e7f93407ed650f5d
src/components/QuickAddToolbar.jsx,application-source,2942,7fa4082e604b50d0af4e966425390901413ef69fb11c1b8612f349b42930981d
src/components/ResponsesView.jsx,application-source,16861,74ed44cf6bfe1150a3a0803d49c12cd2fe7c4bc6d6268117c744a36ed9d45665
src/components/RichTextInput.jsx,application-source,3121,c5261887dfda142626ad1f8164c31c9f17ae07012b07518c33dab519d42ffb7d
src/components/TurnstileChallenge.jsx,application-source,4430,fe54f9e7314cda47d1367c944b26fc9c1f82306415a9fae01db656f7dfeb669e
src/index.css,application-source,8090,50220a3aed6fa77cb4481a3f38e2731ddcf33bc14835124fc0e12fceb4c8bdbb
src/lib/auth.js,application-source,1835,f9bac8d4f682ab70c88c30c9929424cd2411bd257e39be358184954395dddce8
src/lib/conditionalQuestions.js,application-source,679,26c4fc76d627db802190c9d68c3096bc1a2bb70300f534710970324b2ef7e101
src/lib/exportResponses.js,application-source,12455,0b48e701e134fa41a44d9b42470a8331cb10bda2f8047ccd8a84fb2a7d7fb4ea
src/lib/formsStore.js,application-source,30525,affcf3a4c1ae1c22480aa6afb0f2ac40cb3938d76022d965c34ec6956362f8f7
src/lib/googleDriveExport.js,application-source,2259,5ef340a1b091d02ad67408979a9ed70d2a9d90541b7ef2f2010ea8afd2b0efae
src/lib/privacyAudit.js,application-source,4658,f7a076eb49a40e0db16566f06cef5b7304b163ce04a1eee0f059d24807d020e3
src/lib/responseAccess.js,application-source,1760,a6fe33a2609a197f059cb6c8df61d4df83864cee250c2661985ae431944c60f5
src/lib/responseWindow.js,application-source,2019,1ded976d5f4505f9b7df66f8e656568987bbb64253b6536e701cbb0d9c1dcbd7
src/lib/sanitizeRichText.js,application-source,2655,249f434fede455858aa2aa762d345bf7bd2dca480d9d3f6c67b1faf037a4da11
src/lib/secureResponses.js,application-source,19314,bf674bf4c6bdb74b9941378d4e673c540976eae3cb6b5042b622c1445c3aecf8
src/lib/supabaseClient.js,application-source,525,4c3fc10857685139efc7b7115cd7fde88f0761e4949fefe9785b87cd211d93b5
src/main.jsx,application-source,433,3a77928f6060bd7d3c9a9459dc1e391ed19fde7a88319e8684c129532237033a
src/pages/AfterHoursPage.jsx,application-source,4852,09849f317857675b4633f2b0f452b4b2dea48cd5ef33397ec6cd24fd9410c4b4
src/pages/BusinessInfoPage.jsx,application-source,4159,34b6928dd2057ccd9e13857ed91e53a557c297b0d0695473dde1b97aa109f4ce
src/pages/DocsDetailPage.jsx,application-source,18906,1159b0fe32adfe157927c6d57fad6e72a77f7433e06745774e016ce142df48a5
src/pages/DocsPage.jsx,application-source,12465,78ec17d5b5891aeb91370001b0532f11adcef75f66150dd77e4d0e20dd0364b6
src/pages/FormEditorPage.jsx,application-source,101648,686897ca8603a1d4ceb1c8fc42e7f4000dbc5774c3f9686102a560824579eb1b
src/pages/HomePage.jsx,application-source,40053,c06946a1f9f33d2dcb87bb01d6dcb53d120a9d13ed837d4866dbee86d39702fb
src/pages/InternationalTransferPage.jsx,application-source,7442,afbad2685d2d3737fb0d228333d57e452ade33f65247ac4d08b98a2843b0b5a9
src/pages/PrivacyPage.jsx,application-source,8920,c747a36e2a33498984f8a1e8ee478d41d6b5c7d27fa39a3020f0017b54e6ee18
src/pages/ResourcesPage.jsx,application-source,16358,34c5a75437536444eebe40f8177bfcd1baab9362a1896c6dadf2efd79cbb791a
src/pages/RespondPage.jsx,application-source,8883,6287c3794f17e69b79d50b4cfca448ab621889e74cf102d42ce18bf558f1b397
src/pages/ServiceRestrictionsPage.jsx,application-source,7170,3bf0635d58789133abe92d7d48fc1e9ff692c8257d7014dd5bc27d4588170d68
src/pages/SettingsPage.jsx,application-source,4495,943297a1abd7dd3922416be34a2316a671c8499c6cd84872e41130713f454d28
src/pages/SitemapPage.jsx,application-source,4336,ad85e223a4d29176140284f30fea8c3e92fa9c4b716d54c2bf358a549daa6a2d
src/pages/TermsPage.jsx,application-source,5333,a8a606eb4a51ce9d1f7eddeee63112206da59bd96ceed47be9f1bb462eecf2d8
src/questionTypes.js,application-source,4228,6fd79a20462cef22e9f358ac60712e134489caf35d95e1fc84730dea961b4998
src/templates.js,application-source,16080,db6e10ed62c8fb02ea94faabd91addcc7a43cbd048c5bf111c2b4e08787dbd6e
src/theme.js,application-source,2095,26903dba60a97f95fdeca3b60b9d16d736e6f805c254386122f4a0b91baff3d6
supabase/functions/submit-e2ee-response/index.ts,database-and-edge-function,10001,ce7e2f0a1fc02ebc64f57d05ad5d0a6838145ef67e7876046d99f060b677c353
supabase/migrations/20260818_add_form_participations.sql,database-and-edge-function,1980,ce16b97cefcac690bde70d9d9730015351acb8573b217ca2e96993416704203b
supabase/migrations/20260818_add_form_versions.sql,database-and-edge-function,2067,bd5dc4218a5cbf8d2d383374683d3be4ce65fe9d3c4e029f5bbd7ed9df206aad
supabase/migrations/20260818_enforce_response_window.sql,database-and-edge-function,819,b2f4540d7e39826fd9a566e9c5cdf25cb7afac021728ed0257078b7ddede6817
supabase/migrations/20260818_privacy_retention_and_audit.sql,database-and-edge-function,3693,1c8c0ad2935474ca675759442b4a6fb24786006e3e8723849dff6a6f10c313ec
supabase/migrations/20260818_restore_response_token_column.sql,database-and-edge-function,416,c76df99d6e057c7c33ccecd61b565d512d21027ffe88eecca5741f9570aadce5
supabase/migrations/20260818_revoke_security_definer_execute.sql,database-and-edge-function,354,2ca12baabf3ff0862edaf03354dd8a5d51b78880d0acb120ebdefd06092dbf83
supabase/migrations/20260818_secure_submission_gateway.sql,database-and-edge-function,5762,9efcfb0322cf5d714c7d026241ce212fb2c4f6919fb30edd24381f7a618f5ffb
supabase/migrations/20260819_owner_response_notifications.sql,database-and-edge-function,1587,f59ca0b0df821fa0174799c1f9c87c7e19eb4bc38f10d1e9c8bb06dc252e6d88
supabase/migrations/20260819_response_limit_atomic_submit.sql,database-and-edge-function,2023,3579e25991ba75b6b4fba7edb5a97aa20ff97276d0841d98f887021e4bcfec2f
supabase/migrations/20260819_response_workflow.sql,database-and-edge-function,1564,3155501a0fa5da80ba1318266b3436107017a9cb72bf3a7eb66573dcc3b9d48e
supabase/schema.sql,database-and-edge-function,15144,fad77d608b5771aef065406ba666ac4a2489ec0b3035ec9b61293074abcb4ae9
tailwind.config.js,project-config,280,80008146e68e9745ada7738b787da7c90aa04aa64bf58dab650ea2dea45226f8
vite.config.js,project-config,349,3092124af7171ad21071ff51260911e9aa75aa5503df1593d14b7e7baa0cb43d
